{"type": "FeatureCollection", "features": [{"type": "Feature", "properties": {"GID_1": "BDI.1_1", "NAME_1": "Bubanza", "risk_level_int": 2, "sampled_mm": 7.2, "date": "2026-03-04"}, "geometry": {"type": "Polygon", "coordinates": [[[29.240325039606148, -3.2691280924769863], [29.222219228656652, -3.1999002311396847], [29.253904397818268, -3.1014428283488567], [29.296151290033755, -3.0968276375930355], [29.302186560350254, -3.0091390132324545], [29.358012810777865, -2.9952934409649945], [29.484753487424328, -2.9168351981160523], [29.55415909606406, -3.073751683813935], [29.54812382574756, -3.1075964160232825], [29.55868554880143, -3.1568251174186965], [29.502859298373824, -3.2629745048025587], [29.345942270144867, -3.264512901721165], [29.262957303293014, -3.3045112216049404], [29.240325039606148, -3.2691280924769863], [29.240325039606148, -3.2691280924769863], [29.240325039606148, -3.2691280924769863]]]}}, {"type": "Feature", "properties": {"GID_1": "BDI.2_1", "NAME_1": "Bujumbura Mairie", "risk_level_int": 2, "sampled_mm": 6.1, "date": "2026-03-04"}, "geometry": {"type": "Polygon", "coordinates": [[[29.219201593498404, -3.426044578174869], [29.21467514076103, -3.409122212070196], [29.3172747361415, -3.3398943507328944], [29.323310006457998, -3.302972824686334], [29.42289196668022, -3.3214335877096133], [29.37310098656911, -3.4245061812562625], [29.219201593498404, -3.426044578174869]]]}}, {"type": "Feature", "properties": {"GID_1": "BDI.3_1", "NAME_1": "Bujumbura Rural", "risk_level_int": 2, "sampled_mm": 6.1, "date": "2026-03-04"}, "geometry": {"type": "Polygon", "coordinates": [[[29.24183385718527, -3.7137248019543208], [29.238816222027022, -3.521425187128484], [29.219201593498404, -3.426044578174869], [29.37310098656911, -3.4245061812562625], [29.42289196668022, -3.3214335877096133], [29.323310006457998, -3.302972824686334], [29.3172747361415, -3.3398943507328944], [29.21467514076103, -3.409122212070196], [29.201095782548908, -3.3091264123607598], [29.240325039606148, -3.2691280924769863], [29.240325039606148, -3.2691280924769863], [29.240325039606148, -3.2691280924769863], [29.262957303293014, -3.3045112216049404], [29.345942270144867, -3.264512901721165], [29.502859298373824, -3.2629745048025587], [29.561703183959683, -3.3998918305585555], [29.5813178124883, -3.382969464453881], [29.584335447646552, -3.4845036610819236], [29.566229636697056, -3.5583467131750446], [29.533035649956314, -3.592191445384392], [29.4953152104782, -3.7060328173612884], [29.42892723699672, -3.724493580384568], [29.312748283404126, -3.7306471680589954], [29.24183385718527, -3.7137248019543208]]]}}, {"type": "Feature", "properties": {"GID_1": "BDI.4_1", "NAME_1": "Bururi", "risk_level_int": 2, "sampled_mm": 5.3, "date": "2026-03-04"}, "geometry": {"type": "Polygon", "coordinates": [[[29.38064507446473, -4.187551052885184], [29.347451087723993, -4.041403345617548], [29.284080749400758, -3.9737138811988526], [29.253904397818268, -3.918331592129012], [29.2312721341314, -3.7906446478846556], [29.24183385718527, -3.7137248019543208], [29.312748283404126, -3.7306471680589954], [29.42892723699672, -3.724493580384568], [29.4953152104782, -3.7060328173612884], [29.533035649956314, -3.592191445384392], [29.566229636697056, -3.5583467131750446], [29.613002981649917, -3.5860378577099645], [29.694479130922645, -3.7060328173612884], [29.721637847346887, -3.6537273221286597], [29.77897291535362, -3.661419306721694], [29.768411192299748, -3.759876709512522], [29.821219807569108, -3.759876709512522], [29.91627531505396, -3.819874189338183], [29.883081328313217, -3.9106396075359786], [29.81518453725261, -4.041403345617548], [29.747287746192004, -4.019865788757054], [29.73974365829638, -4.056787314803614], [29.658267509023652, -4.0860168562571415], [29.632617610178535, -4.132168763815343], [29.51794747416507, -4.178320671373544], [29.38064507446473, -4.187551052885184]]]}}, {"type": "Feature", "properties": {"GID_1": "BDI.5_1", "NAME_1": "Cankuzo", "risk_level_int": 2, "sampled_mm": 8.9, "date": "2026-03-04"}, "geometry": {"type": "Polygon", "coordinates": [[[30.320638426259343, -3.1891314527094377], [30.349305960262708, -3.1537483235814836], [30.418711568902438, -3.0260613793371274], [30.486608359963043, -2.947603136488187], [30.539416975232406, -2.9322191673021187], [30.569593326814896, -2.8922208474183453], [30.648051840929377, -2.953756724162613], [30.747633801151594, -2.996831837883601], [30.85023339653207, -2.9799094717789263], [30.81100413947483, -3.046060539279015], [30.847215761373818, -3.1645171020117306], [30.814021774633076, -3.2245145818373917], [30.82458349768695, -3.2660512986397716], [30.675210557353616, -3.319895190791007], [30.634472482717253, -3.3614319075933867], [30.59675204323914, -3.379892670616668], [30.46246727869705, -3.3091264123607598], [30.427764474377184, -3.2383601541048517], [30.320638426259343, -3.1891314527094377]]]}}, {"type": "Feature", "properties": {"GID_1": "BDI.6_1", "NAME_1": "Cibitoke", "risk_level_int": 2, "sampled_mm": 6.1, "date": "2026-03-04"}, "geometry": {"type": "Polygon", "coordinates": [[[29.253904397818268, -3.1014428283488567], [29.253904397818268, -3.052214126953441], [29.167901795808167, -2.9906782502091733], [29.167901795808167, -2.9599103118370405], [29.096987369589314, -2.9199119919532652], [29.090952099272815, -2.8722216874764577], [29.00042304452534, -2.786071460034483], [29.039652301582578, -2.742996346313495], [29.084916828956317, -2.592233448290038], [29.163375343070793, -2.595310242127253], [29.219201593498404, -2.6276165774179923], [29.262957303293014, -2.6183861959063535], [29.329345276774497, -2.682998866487834], [29.368574533831737, -2.8368385583485036], [29.430436054575843, -2.8045322230577625], [29.484753487424328, -2.9168351981160523], [29.358012810777865, -2.9952934409649945], [29.302186560350254, -3.0091390132324545], [29.296151290033755, -3.0968276375930355], [29.253904397818268, -3.1014428283488567]]]}}, {"type": "Feature", "properties": {"GID_1": "BDI.7_1", "NAME_1": "Gitega", "risk_level_int": 2, "sampled_mm": 6.2, "date": "2026-03-04"}, "geometry": {"type": "Polygon", "coordinates": [[[29.91627531505396, -3.819874189338183], [29.821219807569108, -3.759876709512522], [29.768411192299748, -3.759876709512522], [29.77897291535362, -3.661419306721694], [29.721637847346887, -3.6537273221286597], [29.786517003249244, -3.6183441930007056], [29.771428827457996, -3.546039537826191], [29.851396159151598, -3.507579614861024], [29.872519605259342, -3.3921998459655214], [29.84083443609773, -3.341432747651501], [29.783499368090993, -3.2983576339305127], [29.822728625148233, -3.2214377880001788], [29.80914926693611, -3.1968234373024718], [29.849887341572476, -3.1506715297442707], [29.822728625148233, -3.0968276375930355], [29.861957882205473, -3.0614445084650814], [29.925328220528705, -3.087597256081395], [29.896660686525337, -3.144517942069843], [29.96003102484857, -3.1599019112559095], [30.027927815909173, -3.250667329453705], [29.981154470956312, -3.352201526081748], [30.041507174121296, -3.3722006860236338], [30.08224524875766, -3.432198165849295], [30.05508653233342, -3.4768116764888894], [30.104877512444528, -3.595268239221605], [30.09884224212803, -3.633728162186772], [30.05659534991254, -3.710648008117108], [30.002277917064056, -3.724493580384568], [29.91627531505396, -3.819874189338183]]]}}, {"type": "Feature", "properties": {"GID_1": "BDI.8_1", "NAME_1": "Karuzi", "risk_level_int": 2, "sampled_mm": 8.1, "date": "2026-03-04"}, "geometry": {"type": "Polygon", "coordinates": [[[30.041507174121296, -3.3722006860236338], [29.981154470956312, -3.352201526081748], [30.027927815909173, -3.250667329453705], [29.96003102484857, -3.1599019112559095], [29.896660686525337, -3.144517942069843], [29.925328220528705, -3.087597256081395], [30.015857275276176, -2.986063059453354], [30.089789336653283, -2.9768326779417134], [30.17579193866338, -2.9076048166044117], [30.215021195720624, -2.904528022767199], [30.278391534043855, -2.958371914918432], [30.275373898885604, -3.032214967011555], [30.23161818909099, -3.1106732098604954], [30.263303358252607, -3.152209926662877], [30.349305960262708, -3.1537483235814836], [30.320638426259343, -3.1891314527094377], [30.264812175831732, -3.229129772593211], [30.195406567192002, -3.3260487784654327], [30.06263062022904, -3.3537399230003544], [30.041507174121296, -3.3722006860236338]]]}}, {"type": "Feature", "properties": {"GID_1": "BDI.9_1", "NAME_1": "Kayanza", "risk_level_int": 2, "sampled_mm": 7.8, "date": "2026-03-04"}, "geometry": {"type": "Polygon", "coordinates": [[[29.54812382574756, -3.1075964160232825], [29.55415909606406, -3.073751683813935], [29.484753487424328, -2.9168351981160523], [29.430436054575843, -2.8045322230577625], [29.486262305003454, -2.8014554292205496], [29.520965109323317, -2.8306849706740778], [29.668829232077528, -2.7906866507903025], [29.664302779340154, -2.8722216874764577], [29.695987948501767, -2.873760084395064], [29.718620212188636, -2.93683435805794], [29.79858754388224, -2.999908631720814], [29.86799315252197, -3.0199077916627015], [29.861957882205473, -3.0614445084650814], [29.822728625148233, -3.0968276375930355], [29.849887341572476, -3.1506715297442707], [29.80914926693611, -3.1968234373024718], [29.747287746192004, -3.226052978755998], [29.711076124293015, -3.2168225972443576], [29.674864502394023, -3.15528672050009], [29.629599975020287, -3.1675938958489436], [29.54812382574756, -3.1075964160232825]]]}}, {"type": "Feature", "properties": {"GID_1": "BDI.10_1", "NAME_1": "Kirundo", "risk_level_int": 2, "sampled_mm": 9.9, "date": "2026-03-04"}, "geometry": {"type": "Polygon", "coordinates": [[[30.077718796020285, -2.78299466619727], [30.017366092855305, -2.7245355832902156], [29.997751464326683, -2.679922072650621], [29.9313634908452, -2.655307721952914], [29.920801767791332, -2.556850319162084], [29.967575112744193, -2.4845456639875696], [29.943434031478198, -2.366089101254854], [29.958522207269446, -2.327629178289687], [30.03698072138392, -2.3537819259060004], [30.097333424548907, -2.423009787243302], [30.183336026559004, -2.4291633749177297], [30.242179912144863, -2.3583971166618216], [30.30102379773072, -2.373781085847888], [30.371938223949577, -2.356858719743215], [30.41569393374419, -2.4660849009642902], [30.417202751323316, -2.529159174627164], [30.396079305215572, -2.598387035964466], [30.358358865737458, -2.598387035964466], [30.278391534043855, -2.6891524541622616], [30.216530013299746, -2.6953060418366874], [30.11845687065665, -2.7799178723600555], [30.077718796020285, -2.78299466619727]]]}}, {"type": "Feature", "properties": {"GID_1": "BDI.11_1", "NAME_1": "Makamba", "risk_level_int": 2, "sampled_mm": 5.4, "date": "2026-03-04"}, "geometry": {"type": "Polygon", "coordinates": [[[29.391206797518606, -4.446001735211109], [29.38064507446473, -4.187551052885184], [29.51794747416507, -4.178320671373544], [29.632617610178535, -4.132168763815343], [29.658267509023652, -4.0860168562571415], [29.73974365829638, -4.056787314803614], [29.747287746192004, -4.019865788757054], [29.81518453725261, -4.041403345617548], [29.830272713043854, -4.082940062419929], [29.88459014589234, -4.095247237768782], [29.994733829168432, -4.084478459338535], [30.03698072138392, -4.058325711722222], [30.104877512444528, -4.070632887071075], [30.14561558708089, -4.039864948698941], [30.19088011445463, -4.052172124047795], [30.157686127713887, -4.115246397710669], [30.083754066336784, -4.162936702187476], [30.044524809279544, -4.275239677245765], [29.851396159151598, -4.381389064629627], [29.813675719673483, -4.364466698524954], [29.763884739562375, -4.429079369106435], [29.706549671555642, -4.4629241013157825], [29.6733556848149, -4.447540132129716], [29.391206797518606, -4.446001735211109]]]}}, {"type": "Feature", "properties": {"GID_1": "BDI.12_1", "NAME_1": "Muramvya", "risk_level_int": 2, "sampled_mm": 8.1, "date": "2026-03-04"}, "geometry": {"type": "Polygon", "coordinates": [[[29.5813178124883, -3.382969464453881], [29.561703183959683, -3.3998918305585555], [29.502859298373824, -3.2629745048025587], [29.55868554880143, -3.1568251174186965], [29.54812382574756, -3.1075964160232825], [29.629599975020287, -3.1675938958489436], [29.674864502394023, -3.15528672050009], [29.711076124293015, -3.2168225972443576], [29.747287746192004, -3.226052978755998], [29.80914926693611, -3.1968234373024718], [29.822728625148233, -3.2214377880001788], [29.783499368090993, -3.2983576339305127], [29.757849469245876, -3.3706622891050273], [29.649214603548906, -3.426044578174869], [29.619038251966415, -3.355278319918961], [29.5813178124883, -3.382969464453881]]]}}, {"type": "Feature", "properties": {"GID_1": "BDI.13_1", "NAME_1": "Muyinga", "risk_level_int": 2, "sampled_mm": 10.3, "date": "2026-03-04"}, "geometry": {"type": "Polygon", "coordinates": [[[30.17579193866338, -2.9076048166044117], [30.077718796020285, -2.78299466619727], [30.11845687065665, -2.7799178723600555], [30.216530013299746, -2.6953060418366874], [30.278391534043855, -2.6891524541622616], [30.358358865737458, -2.598387035964466], [30.396079305215572, -2.598387035964466], [30.417202751323316, -2.529159174627164], [30.41569393374419, -2.4660849009642902], [30.371938223949577, -2.356858719743215], [30.408149845848566, -2.3091684152664076], [30.54394342796978, -2.4137794057316615], [30.48509954238392, -2.556850319162084], [30.420220386481564, -2.6599229127087334], [30.459449643538804, -2.690690851080868], [30.439835015010182, -2.8014554292205496], [30.412676298585943, -2.8537609244531783], [30.486608359963043, -2.947603136488187], [30.418711568902438, -3.0260613793371274], [30.349305960262708, -3.1537483235814836], [30.263303358252607, -3.152209926662877], [30.23161818909099, -3.1106732098604954], [30.275373898885604, -3.032214967011555], [30.278391534043855, -2.958371914918432], [30.215021195720624, -2.904528022767199], [30.17579193866338, -2.9076048166044117]]]}}, {"type": "Feature", "properties": {"GID_1": "BDI.14_1", "NAME_1": "Mwaro", "risk_level_int": 2, "sampled_mm": 8.2, "date": "2026-03-04"}, "geometry": {"type": "Polygon", "coordinates": [[[29.566229636697056, -3.5583467131750446], [29.584335447646552, -3.4845036610819236], [29.5813178124883, -3.382969464453881], [29.619038251966415, -3.355278319918961], [29.649214603548906, -3.426044578174869], [29.757849469245876, -3.3706622891050273], [29.783499368090993, -3.2983576339305127], [29.84083443609773, -3.341432747651501], [29.872519605259342, -3.3921998459655214], [29.851396159151598, -3.507579614861024], [29.771428827457996, -3.546039537826191], [29.786517003249244, -3.6183441930007056], [29.721637847346887, -3.6537273221286597], [29.694479130922645, -3.7060328173612884], [29.613002981649917, -3.5860378577099645], [29.566229636697056, -3.5583467131750446]]]}}, {"type": "Feature", "properties": {"GID_1": "BDI.15_1", "NAME_1": "Ngozi", "risk_level_int": 2, "sampled_mm": 7.5, "date": "2026-03-04"}, "geometry": {"type": "Polygon", "coordinates": [[[29.861957882205473, -3.0614445084650814], [29.86799315252197, -3.0199077916627015], [29.79858754388224, -2.999908631720814], [29.718620212188636, -2.93683435805794], [29.695987948501767, -2.873760084395064], [29.664302779340154, -2.8722216874764577], [29.668829232077528, -2.7906866507903025], [29.708058489134764, -2.8199161922438307], [29.890625416208838, -2.750688330906529], [29.9313634908452, -2.655307721952914], [29.997751464326683, -2.679922072650621], [30.017366092855305, -2.7245355832902156], [30.077718796020285, -2.78299466619727], [30.17579193866338, -2.9076048166044117], [30.089789336653283, -2.9768326779417134], [30.015857275276176, -2.986063059453354], [29.925328220528705, -3.087597256081395], [29.861957882205473, -3.0614445084650814]]]}}, {"type": "Feature", "properties": {"GID_1": "BDI.16_1", "NAME_1": "Rutana", "risk_level_int": 2, "sampled_mm": 5.3, "date": "2026-03-04"}, "geometry": {"type": "Polygon", "coordinates": [[[29.81518453725261, -4.041403345617548], [29.883081328313217, -3.9106396075359786], [29.91627531505396, -3.819874189338183], [30.002277917064056, -3.724493580384568], [30.05659534991254, -3.710648008117108], [30.09884224212803, -3.633728162186772], [30.159194945293013, -3.6814184666635814], [30.246706364882236, -3.6506505282914468], [30.32667369657584, -3.7168015957915355], [30.39004403489907, -3.724493580384568], [30.298006162572474, -3.8567957153847443], [30.25726808793611, -3.8844868599196642], [30.23161818909099, -3.9414075459081124], [30.215021195720624, -4.035249757943121], [30.19088011445463, -4.052172124047795], [30.14561558708089, -4.039864948698941], [30.104877512444528, -4.070632887071075], [30.03698072138392, -4.058325711722222], [29.994733829168432, -4.084478459338535], [29.88459014589234, -4.095247237768782], [29.830272713043854, -4.082940062419929], [29.81518453725261, -4.041403345617548]]]}}, {"type": "Feature", "properties": {"GID_1": "BDI.17_1", "NAME_1": "Ruyigi", "risk_level_int": 2, "sampled_mm": 6.9, "date": "2026-03-04"}, "geometry": {"type": "Polygon", "coordinates": [[[30.09884224212803, -3.633728162186772], [30.104877512444528, -3.595268239221605], [30.05508653233342, -3.4768116764888894], [30.08224524875766, -3.432198165849295], [30.041507174121296, -3.3722006860236338], [30.06263062022904, -3.3537399230003544], [30.195406567192002, -3.3260487784654327], [30.264812175831732, -3.229129772593211], [30.320638426259343, -3.1891314527094377], [30.427764474377184, -3.2383601541048517], [30.46246727869705, -3.3091264123607598], [30.59675204323914, -3.379892670616668], [30.634472482717253, -3.3614319075933867], [30.678228192511867, -3.398353433639949], [30.6374901178755, -3.453735722709789], [30.4715201841718, -3.539885950151765], [30.450396738064057, -3.6137290022448862], [30.39004403489907, -3.724493580384568], [30.32667369657584, -3.7168015957915355], [30.246706364882236, -3.6506505282914468], [30.159194945293013, -3.6814184666635814], [30.09884224212803, -3.633728162186772]]]}}, {"type": "Feature", "properties": {"GID_1": "DJI.1_2", "NAME_1": "Ali Sabieh", "risk_level_int": 3, "sampled_mm": 19.7, "date": "2026-03-04"}, "geometry": {"type": "Polygon", "coordinates": [[[42.93586220531989, 10.965658595390781], [42.819683251727305, 10.956428213879143], [42.757821730983196, 10.970273786146603], [42.76083936614145, 11.007195312193161], [42.72161010908421, 11.056424013588575], [42.67483676413134, 11.037963250565298], [42.62655460159936, 11.073346379693252], [42.5797812566465, 11.053347219751362], [42.575254803909125, 11.24718523149581], [42.632589871915854, 11.245646834577201], [42.849859603309795, 11.351796221961063], [42.89210649552528, 11.45948400626353], [43.1018321390236, 11.473329578530993], [43.21951991019532, 11.397948129519264], [42.96151210416502, 10.984119358414063], [42.93586220531989, 10.965658595390781]]]}}, {"type": "Feature", "properties": {"GID_1": "DJI.6_1", "NAME_1": "Arta", "risk_level_int": 3, "sampled_mm": 16.7, "date": "2026-03-04"}, "geometry": {"type": "Polygon", "coordinates": [[[42.575254803909125, 11.24718523149581], [42.466619938212155, 11.251800422251627], [42.3157381802997, 11.402563320275085], [42.3097029099832, 11.605631713531167], [42.35044098461957, 11.65639881184519], [42.52697264137714, 11.54871102754272], [42.52697264137714, 11.522558279926407], [42.60241352033337, 11.46563759393796], [42.68539848718522, 11.54871102754272], [42.80006862319868, 11.585632553589281], [42.90568585373741, 11.590247744345103], [42.93887984047815, 11.530250264519438], [43.18481710587545, 11.53486545527526], [43.251205079356936, 11.464099197019351], [43.25422271451518, 11.462560800100746], [43.2557315320943, 11.462560800100746], [43.2557315320943, 11.462560800100746], [43.2557315320943, 11.461022403182138], [43.2557315320943, 11.461022403182138], [43.25724034967343, 11.461022403182138], [43.25724034967343, 11.461022403182138], [43.25874916725256, 11.461022403182138], [43.21951991019532, 11.397948129519264], [43.1018321390236, 11.473329578530993], [42.89210649552528, 11.45948400626353], [42.849859603309795, 11.351796221961063], [42.632589871915854, 11.245646834577201], [42.575254803909125, 11.24718523149581]]]}}, {"type": "Feature", "properties": {"GID_1": "DJI.2_1", "NAME_1": "Dikhil", "risk_level_int": 3, "sampled_mm": 14.4, "date": "2026-03-04"}, "geometry": {"type": "Polygon", "coordinates": [[[41.75294922328624, 10.977965770739637], [41.760493311181854, 11.004118518355948], [41.777090304552225, 11.285645154460976], [41.77407266939397, 11.367180191147131], [41.748422770548856, 11.49332873847288], [41.7816167572896, 11.637938048821908], [41.81631956160946, 11.737933848531345], [41.86007527140408, 11.751779420798805], [41.8796898999327, 11.797931328357006], [41.9415514206768, 11.824084075973317], [42.01095702931653, 11.922541478764149], [42.128644800488246, 11.894850334229226], [42.29914118692933, 11.747164230042983], [42.35044098461957, 11.65639881184519], [42.3097029099832, 11.605631713531167], [42.3157381802997, 11.402563320275085], [42.466619938212155, 11.251800422251627], [42.575254803909125, 11.24718523149581], [42.5797812566465, 11.053347219751362], [42.47416402610778, 11.031809662890868], [42.39419669441418, 10.968735389227994], [42.34893216704044, 10.984119358414063], [42.27047365292596, 10.979504167658241], [42.17089169270374, 10.95335142004193], [42.113556624697004, 10.970273786146603], [42.035098110582524, 10.921045084751189], [41.96720131952192, 10.913353100158155], [41.90533979877782, 10.936429053937253], [41.780107939710476, 10.957966610797747], [41.75294922328624, 10.977965770739637]]]}}, {"type": "Feature", "properties": {"GID_1": "DJI.3_1", "NAME_1": "Djiboutii", "risk_level_int": 3, "sampled_mm": 17.8, "date": "2026-03-04"}, "geometry": {"type": "Polygon", "coordinates": [[[42.90568585373741, 11.590247744345103], [43.02790007764649, 11.59486293510092], [43.094288051127975, 11.58101736283346], [43.15162311913471, 11.597939728938133], [43.18481710587545, 11.53486545527526], [42.93887984047815, 11.530250264519438], [42.90568585373741, 11.590247744345103]]]}}, {"type": "Feature", "properties": {"GID_1": "DJI.4_1", "NAME_1": "Obock", "risk_level_int": 3, "sampled_mm": 14.5, "date": "2026-03-04"}, "geometry": {"type": "Polygon", "coordinates": [[[43.08674396323235, 11.841006442077994], [43.05505879407074, 11.850236823589633], [42.93284457016165, 12.084073155217851], [42.87098304941754, 12.165608191904006], [42.6778543992896, 12.33637024986935], [42.697469027818215, 12.35944620364845], [42.76687463645794, 12.41482849271829], [42.822700886885556, 12.436366049578783], [42.79403335288219, 12.484056354055593], [42.88908886036704, 12.619435282892983], [43.13351730818522, 12.707123907253564], [43.153131936713834, 12.65174161818372], [43.2919431539933, 12.465595591032312], [43.322119505575785, 12.450211621846243], [43.356822309895655, 12.37790696667173], [43.37341930326602, 12.273295976206473], [43.40812210758589, 12.219452084055241], [43.417175013060636, 12.12714826893884], [43.40661329000676, 12.054843613764323], [43.36285758021215, 11.97638537091538], [43.29043433641417, 11.959463004810708], [43.18481710587545, 11.951771020217674], [43.08674396323235, 11.841006442077994]]]}}, {"type": "Feature", "properties": {"GID_1": "DJI.5_1", "NAME_1": "Tadjoura", "risk_level_int": 3, "sampled_mm": 14.0, "date": "2026-03-04"}, "geometry": {"type": "Polygon", "coordinates": [[[43.08674396323235, 11.841006442077994], [43.05656761164987, 11.810238503705857], [42.97660027995626, 11.804084916031432], [42.941897475636395, 11.770240183822086], [42.87098304941754, 11.78562415300815], [42.78347162982831, 11.748702626961592], [42.6597485883401, 11.564094996728787], [42.523955006218884, 11.585632553589281], [42.52697264137714, 11.54871102754272], [42.35044098461957, 11.65639881184519], [42.29914118692933, 11.747164230042983], [42.128644800488246, 11.894850334229226], [42.01095702931653, 11.922541478764149], [42.089415543431016, 12.064073995275965], [42.26594720018859, 12.288679945392541], [42.35194980219869, 12.439442843415996], [42.3957055119933, 12.454826812602064], [42.465111120633026, 12.52713146777658], [42.54356963474751, 12.493286735567231], [42.697469027818215, 12.35944620364845], [42.6778543992896, 12.33637024986935], [42.87098304941754, 12.165608191904006], [42.93284457016165, 12.084073155217851], [43.05505879407074, 11.850236823589633], [43.08674396323235, 11.841006442077994]]]}}, {"type": "Feature", "properties": {"GID_1": "ERI.6_1", "NAME_1": "Anseba", "risk_level_int": 1, "sampled_mm": 2.4, "date": "2026-03-04"}, "geometry": {"type": "Polygon", "coordinates": [[[38.886195822949546, 15.587002938885298], [38.869598829579175, 15.56854217586202], [38.73682288261621, 15.528543855978246], [38.714190618929344, 15.599310114234154], [38.620643929023615, 15.608540495745792], [38.60253811807412, 15.573157366617838], [38.51351788090577, 15.545466222082919], [38.377724298784564, 15.600848511152758], [38.318880413198706, 15.640846831036534], [38.15592811465325, 15.636231640280712], [38.1468752091785, 15.688537135513343], [38.18308683107749, 15.71315148621105], [38.15592811465325, 15.763918584525069], [38.116698857596006, 15.774687362955316], [38.04125797863978, 15.739304233827362], [38.01409926221554, 15.800840110571631], [37.91300848441419, 15.863914384234505], [37.719879834286246, 15.853145605804258], [37.63689486743439, 15.873144765746144], [37.55541871816167, 15.865452781153113], [37.431695676673456, 15.91775827638574], [37.37888706140409, 15.996216519234682], [37.26723456054888, 16.036214839118454], [37.28684918907749, 16.06082918981616], [37.1948113167509, 16.160824989525597], [37.08014118073743, 16.233129644700114], [37.04694719399669, 16.270051170746672], [36.98206803809433, 16.25159040772339], [36.96094459198659, 16.283896743014132], [36.93378587556235, 16.35466300127004], [36.96245340956571, 16.436198037956196], [36.89908307124248, 16.496195517781857], [36.88701253060948, 16.54542421917727], [36.90059188882161, 16.67618795725884], [36.956418139249216, 16.686956735689087], [36.98206803809433, 16.750031009351964], [37.028841383047194, 16.800798107665983], [37.001682666622955, 16.83002764911951], [37.0047003017812, 16.940792227259195], [36.983576855673455, 16.968483371794115], [37.018279659993325, 17.03001924853838], [37.00620911936032, 17.074632759177977], [37.02129729515157, 17.09617031603847], [37.11182634989905, 17.08232474377101], [37.12842334326942, 17.057710393073304], [37.197828951909145, 17.06386398074773], [37.31099027034349, 17.094631919119863], [37.39397523719534, 17.046941614643057], [37.43773094698995, 17.102323903712897], [37.517698278683554, 17.25924038941078], [37.49204837983844, 17.306930693887587], [37.51468064352531, 17.336160235341115], [37.612753786168405, 17.374620158306282], [37.765144361659985, 17.38385053981792], [37.77419726713473, 17.480769545690144], [37.83756760545796, 17.50076870563203], [37.870761592198704, 17.453078401155224], [37.97637882273743, 17.49153832412039], [38.012590444636416, 17.553074200864657], [38.02466098526941, 17.462308782666863], [38.00504635674079, 17.405388096678415], [38.0488020665354, 17.231549244875858], [38.02918743800679, 17.102323903712897], [37.965817099683555, 16.97617535638715], [38.009572809478165, 16.897717113538206], [38.012590444636416, 16.851565205980005], [37.979396457895675, 16.768491772375242], [37.9809052754748, 16.65465040039835], [38.06841669506402, 16.651573606561133], [38.09557541148827, 16.63003604970064], [38.193648554131364, 16.628497652782034], [38.23589544634685, 16.576192157549407], [38.223824905713855, 16.48542673935161], [38.23740426392598, 16.433121244118983], [38.33849504172733, 16.42542925952595], [38.359618487835064, 16.32697185673512], [38.441094637107796, 16.293127124525775], [38.472779806269415, 16.16544018028142], [38.436568184370415, 16.114673081967396], [38.42751527889567, 16.022369266850994], [38.436568184370415, 15.95929499318812], [38.49842970511453, 15.953141405513694], [38.546711867646515, 15.87622155958336], [38.620643929023615, 15.854684002722866], [38.80170203851857, 15.845453621211224], [38.84394893073406, 15.805455301327452], [38.8590371065253, 15.686998738594735], [38.886195822949546, 15.587002938885298]]]}}, {"type": "Feature", "properties": {"GID_1": "ERI.5_1", "NAME_1": "Debub", "risk_level_int": 1, "sampled_mm": 3.8, "date": "2026-03-04"}, "geometry": {"type": "Polygon", "coordinates": [[[38.24947480455897, 14.676271963070135], [38.362636122993315, 14.707039901442268], [38.407900650367054, 14.782421350453998], [38.409409467946176, 14.822419670337773], [38.34453031204382, 14.851649211791297], [38.31133632530308, 14.920877073128601], [38.413935920683556, 14.993181728303114], [38.46372690079466, 15.011642491326395], [38.472779806269415, 15.088562337256729], [38.42751527889567, 15.10702310028001], [38.40337419762968, 15.188558136966165], [38.457691630478166, 15.174712564698705], [38.653837915764356, 15.185481343128952], [38.70664653103372, 15.217787678419693], [38.809246126414195, 15.188558136966165], [38.95560143158927, 15.116253481791652], [39.005392411700385, 15.14855981708239], [39.05065693907412, 15.233171647605758], [39.09290383128961, 15.268554776733712], [39.189468156353584, 15.243940426036005], [39.26340021773069, 15.13471424481493], [39.33884109668692, 15.111638291035831], [39.41729961080139, 15.01779607900082], [39.44898477996301, 15.016257682082216], [39.571199003872096, 14.919338676209993], [39.589304814821595, 14.873186768651792], [39.67078096409432, 14.836265242605233], [39.65267515314483, 14.742423030570222], [39.62400761914146, 14.68396394766317], [39.63155170703708, 14.605505704814227], [39.575725456609476, 14.67011837539571], [39.50330221281149, 14.676271963070135], [39.477652313966374, 14.60396730789562], [39.49274048975762, 14.508586698942004], [39.36449099553204, 14.53473944655832], [39.313191197841796, 14.47935715748848], [39.3011206572088, 14.411667693069784], [39.249820859518564, 14.391668533127895], [39.2211533255152, 14.453204409872164], [39.2271885958317, 14.568584178767665], [39.20002987940745, 14.611659292488653], [39.097430284026984, 14.633196849349147], [39.02349822264988, 14.631658452430543], [38.975216060117894, 14.540893034232745], [38.90430163389904, 14.500894714348973], [38.848475383471424, 14.496279523593152], [38.794157950622946, 14.463973188302411], [38.70362889587547, 14.46551158522102], [38.61611747628625, 14.433205249930278], [38.4471299074243, 14.410129296151176], [38.421480008579174, 14.463973188302411], [38.362636122993315, 14.48704914208151], [38.26456298035022, 14.614736086325866], [38.24947480455897, 14.676271963070135]]]}}, {"type": "Feature", "properties": {"GID_1": "ERI.3_1", "NAME_1": "Debubawi Keyih Bahri", "risk_level_int": 1, "sampled_mm": 5.1, "date": "2026-03-04"}, "geometry": {"type": "MultiPolygon", "coordinates": [[[[42.697469027818215, 12.35944620364845], [42.54356963474751, 12.493286735567231], [42.465111120633026, 12.52713146777658], [42.3957055119933, 12.454826812602064], [42.35194980219869, 12.439442843415996], [42.3097029099832, 12.520977880102151], [42.2418061189226, 12.614820092137162], [42.05018628637377, 12.84250283609095], [41.97323658983842, 12.982496955684162], [41.87818108235357, 13.09018473998663], [41.611120370848525, 13.34709702539395], [41.531153039154916, 13.433247252835923], [41.31388330776098, 13.630162058417582], [41.25051296943775, 13.713235492022342], [41.07699894783842, 13.87784396231326], [40.83709695275762, 14.083989149406555], [40.65000357294617, 14.230136856674193], [40.54589515998657, 14.300903114930101], [40.40708394270712, 14.379361357779043], [40.41311921302361, 14.41782128074421], [40.49761299745459, 14.582429751035125], [40.57154505883169, 14.639350437023573], [40.53835107209095, 14.73934623673301], [40.52778934903708, 14.913185088535567], [40.51119235566671, 14.95779859917516], [40.54287752482833, 15.008565697489182], [40.56098333577782, 14.963952186849589], [40.63642421473405, 14.942414629989095], [40.6213360389428, 14.899339516268107], [40.689232830003405, 14.880878753244826], [40.751094350747515, 14.811650891907526], [40.73298853979802, 14.76703738126793], [40.77372661443438, 14.717808679872515], [40.90197610865997, 14.72550066446555], [40.9834522579327, 14.665503184639888], [41.046822596255936, 14.67011837539571], [41.18563381353539, 14.627043261674721], [41.21581016511789, 14.568584178767665], [41.29879513196974, 14.510125095860612], [41.34405965934347, 14.405514105395355], [41.399885909771086, 14.357823800918549], [41.424026991037074, 14.29628792417428], [41.49494141725593, 14.234752047430014], [41.534170674313174, 14.156293804581072], [41.624699729060644, 14.065528386383278], [41.69108770254212, 13.931687854464492], [41.731825777178486, 13.91476548835982], [41.81481074403034, 13.922457472952853], [41.85856645382495, 13.865536786964405], [41.9717277722593, 13.851691214696945], [42.00190412384178, 13.822461673243417], [42.11204780711788, 13.636315646092008], [42.148259429016875, 13.647084424522255], [42.21464740249835, 13.614778089231514], [42.21313858491923, 13.624008470743153], [42.235770848606094, 13.624008470743153], [42.30215882208758, 13.53785824330118], [42.30819409240408, 13.47632236655691], [42.34289689672394, 13.436324046673139], [42.38363497136031, 13.21171809655656], [42.45907585031654, 13.185565348940244], [42.56318426327613, 13.199410921207708], [42.64466041254886, 13.10864550300991], [42.6718191289731, 13.056340007777283], [42.74273355519195, 13.037879244754002], [42.744242372771076, 12.956344208067847], [42.78498044740744, 12.84250283609095], [42.82873615720205, 12.86250199603284], [42.908703488895654, 12.784043753183898], [42.97961791511451, 12.816350088474639], [43.03695298312124, 12.894808331323581], [43.08976159839061, 12.802504516207179], [43.09730568628623, 12.739430242544305], [43.13351730818522, 12.707123907253564], [42.88908886036704, 12.619435282892983], [42.79403335288219, 12.484056354055593], [42.822700886885556, 12.436366049578783], [42.76687463645794, 12.41482849271829], [42.697469027818215, 12.35944620364845]]], [[[42.21464740249835, 13.614778089231514], [42.2116297673401, 13.614778089231514], [42.21464740249835, 13.616316486150122], [42.21464740249835, 13.614778089231514]]]]}}, {"type": "Feature", "properties": {"GID_1": "ERI.4_1", "NAME_1": "Gash Barka", "risk_level_int": 1, "sampled_mm": 3.0, "date": "2026-03-04"}, "geometry": {"type": "Polygon", "coordinates": [[[38.73682288261621, 15.528543855978246], [38.76850805177783, 15.417779277838562], [38.745875788090956, 15.330090653477981], [38.69155835524248, 15.254709204466252], [38.70664653103372, 15.217787678419693], [38.653837915764356, 15.185481343128952], [38.457691630478166, 15.174712564698705], [38.40337419762968, 15.188558136966165], [38.42751527889567, 15.10702310028001], [38.472779806269415, 15.088562337256729], [38.46372690079466, 15.011642491326395], [38.413935920683556, 14.993181728303114], [38.31133632530308, 14.920877073128601], [38.34453031204382, 14.851649211791297], [38.409409467946176, 14.822419670337773], [38.407900650367054, 14.782421350453998], [38.362636122993315, 14.707039901442268], [38.24947480455897, 14.676271963070135], [38.14989284433675, 14.674733566151527], [38.01862571495292, 14.736269442895797], [37.97034355242093, 14.830111654930803], [37.94016720083843, 14.845495624116872], [37.875288044936084, 14.79934371655867], [37.83304115272059, 14.805497304233096], [37.781741355030356, 14.734731045977188], [37.783250172609485, 14.653196009291033], [37.724406287023626, 14.623966467837509], [37.670088854175134, 14.503971508186186], [37.54938344784517, 14.44551242527913], [37.48903074468019, 14.47320356981405], [37.40302814267009, 14.471665172895445], [37.336640169188605, 14.411667693069784], [37.30797263518524, 14.442435631441917], [37.21140831012127, 14.436282043767491], [37.13445861358591, 14.405514105395355], [37.09975580926605, 14.333209450220842], [37.089194086212174, 14.26859677963936], [37.00771793693945, 14.250136016616079], [36.96848867988221, 14.287057542662641], [36.86287144934349, 14.317825481034774], [36.7466924957509, 14.317825481034774], [36.68633979258591, 14.29628792417428], [36.63654881247481, 14.307056702604527], [36.56110793351858, 14.267058382720755], [36.52640512919871, 14.32859425946502], [36.4705788787711, 14.919338676209993], [36.44040252718861, 15.145483023245177], [36.4705788787711, 15.197788518477804], [36.541493304989956, 15.22855645684994], [36.613916548787934, 15.413164087082745], [36.63805763005393, 15.52239026830382], [36.69991915079804, 15.71315148621105], [36.76781594185864, 15.83006965202516], [36.81006283407413, 15.940834230164839], [36.89908307124248, 16.226976057025684], [36.96094459198659, 16.283896743014132], [36.98206803809433, 16.25159040772339], [37.04694719399669, 16.270051170746672], [37.08014118073743, 16.233129644700114], [37.1948113167509, 16.160824989525597], [37.28684918907749, 16.06082918981616], [37.26723456054888, 16.036214839118454], [37.37888706140409, 15.996216519234682], [37.431695676673456, 15.91775827638574], [37.55541871816167, 15.865452781153113], [37.63689486743439, 15.873144765746144], [37.719879834286246, 15.853145605804258], [37.91300848441419, 15.863914384234505], [38.01409926221554, 15.800840110571631], [38.04125797863978, 15.739304233827362], [38.116698857596006, 15.774687362955316], [38.15592811465325, 15.763918584525069], [38.18308683107749, 15.71315148621105], [38.1468752091785, 15.688537135513343], [38.15592811465325, 15.636231640280712], [38.318880413198706, 15.640846831036534], [38.377724298784564, 15.600848511152758], [38.51351788090577, 15.545466222082919], [38.60253811807412, 15.573157366617838], [38.620643929023615, 15.608540495745792], [38.714190618929344, 15.599310114234154], [38.73682288261621, 15.528543855978246]]]}}, {"type": "Feature", "properties": {"GID_1": "ERI.1_1", "NAME_1": "Maekel", "risk_level_int": 1, "sampled_mm": 4.0, "date": "2026-03-04"}, "geometry": {"type": "Polygon", "coordinates": [[[38.70664653103372, 15.217787678419693], [38.69155835524248, 15.254709204466252], [38.745875788090956, 15.330090653477981], [38.76850805177783, 15.417779277838562], [38.73682288261621, 15.528543855978246], [38.869598829579175, 15.56854217586202], [38.886195822949546, 15.587002938885298], [38.93296916790241, 15.480853551501436], [38.98577778317177, 15.459315994640946], [38.97974251285527, 15.40085691173389], [39.03405994570375, 15.32547546272216], [39.05065693907412, 15.233171647605758], [39.005392411700385, 15.14855981708239], [38.95560143158927, 15.116253481791652], [38.809246126414195, 15.188558136966165], [38.70664653103372, 15.217787678419693]]]}}, {"type": "Feature", "properties": {"GID_1": "ERI.2_1", "NAME_1": "Semenawi Keyih Bahri", "risk_level_int": 1, "sampled_mm": 2.3, "date": "2026-03-04"}, "geometry": {"type": "MultiPolygon", "coordinates": [[[[39.05065693907412, 15.233171647605758], [39.03405994570375, 15.32547546272216], [38.97974251285527, 15.40085691173389], [38.98577778317177, 15.459315994640946], [38.93296916790241, 15.480853551501436], [38.886195822949546, 15.587002938885298], [38.8590371065253, 15.686998738594735], [38.84394893073406, 15.805455301327452], [38.80170203851857, 15.845453621211224], [38.620643929023615, 15.854684002722866], [38.546711867646515, 15.87622155958336], [38.49842970511453, 15.953141405513694], [38.436568184370415, 15.95929499318812], [38.42751527889567, 16.022369266850994], [38.436568184370415, 16.114673081967396], [38.472779806269415, 16.16544018028142], [38.441094637107796, 16.293127124525775], [38.359618487835064, 16.32697185673512], [38.33849504172733, 16.42542925952595], [38.23740426392598, 16.433121244118983], [38.223824905713855, 16.48542673935161], [38.23589544634685, 16.576192157549407], [38.193648554131364, 16.628497652782034], [38.09557541148827, 16.63003604970064], [38.06841669506402, 16.651573606561133], [37.9809052754748, 16.65465040039835], [37.979396457895675, 16.768491772375242], [38.012590444636416, 16.851565205980005], [38.009572809478165, 16.897717113538206], [37.965817099683555, 16.97617535638715], [38.02918743800679, 17.102323903712897], [38.0488020665354, 17.231549244875858], [38.00504635674079, 17.405388096678415], [38.02466098526941, 17.462308782666863], [38.012590444636416, 17.553074200864657], [38.0669078774849, 17.551535803946052], [38.071434330222274, 17.48230794260875], [38.10613713454214, 17.480769545690144], [38.10915476970039, 17.559227788539086], [38.16648983770712, 17.573073360806546], [38.26003652761285, 17.559227788539086], [38.28115997372059, 17.625378856039173], [38.34151267688557, 17.64999320673688], [38.451656360161664, 17.89767511063256], [38.56934413133338, 18.006901291853634], [38.63422328723574, 17.917674270574445], [38.67345254429298, 17.819216867783616], [38.80019322093944, 17.648454809818276], [38.88770464052867, 17.483846339527357], [38.93749562063978, 17.376158555224887], [38.99332187106739, 17.19924290958512], [38.99784832380476, 17.148475811271098], [39.0431128511785, 17.000789707084856], [39.068762750023616, 16.883871541270747], [39.142694811400716, 16.705417498712368], [39.15023889929634, 16.534655440747024], [39.19399460909096, 16.422352465688736], [39.19701224424921, 16.30389590295602], [39.24227677162294, 16.074674762083625], [39.30564710994618, 15.897759116443854], [39.375052718585906, 15.83776163661819], [39.43691423933001, 15.803916904408844], [39.42786133385526, 15.74084263074597], [39.45652886785864, 15.666999578652849], [39.44294950964651, 15.597771717315545], [39.46859940849163, 15.523928665222424], [39.589304814821595, 15.527005459059637], [39.634569342195334, 15.44239362853627], [39.65267515314483, 15.356243401094297], [39.71604549146806, 15.247017219873221], [39.69341322778119, 15.127022260221896], [39.76432765400004, 15.062409589640417], [39.81411863411115, 15.070101574233451], [39.850330256010146, 15.20086531231502], [39.776398194633046, 15.313168287373308], [39.776398194633046, 15.397780117896676], [39.80657454621553, 15.44700881929209], [39.874471337276134, 15.491622329931683], [40.05854708192933, 15.360858591850114], [40.08872343351183, 15.32547546272216], [40.032897183084216, 15.250094013710434], [40.09023225109095, 15.205480503070838], [40.081179345616206, 15.156251801675424], [40.10682924446132, 15.062409589640417], [40.14304086636031, 15.056256001965988], [40.16114667730981, 14.988566537547296], [40.21395529257917, 14.947029820744913], [40.31353725280139, 14.907031500861141], [40.4674366458721, 14.999335315977543], [40.51119235566671, 14.95779859917516], [40.52778934903708, 14.913185088535567], [40.53835107209095, 14.73934623673301], [40.57154505883169, 14.639350437023573], [40.49761299745459, 14.582429751035125], [40.41311921302361, 14.41782128074421], [40.40708394270712, 14.379361357779043], [40.22300819805392, 14.47935715748848], [40.140023231202065, 14.497817920511757], [40.05552944677109, 14.48704914208151], [39.98461502055223, 14.43166685301167], [39.924262317387246, 14.414744486906997], [39.87296251969701, 14.462434791383803], [39.79299518800342, 14.500894714348973], [39.76734528915829, 14.540893034232745], [39.71001022115156, 14.551661812662992], [39.63155170703708, 14.605505704814227], [39.62400761914146, 14.68396394766317], [39.65267515314483, 14.742423030570222], [39.67078096409432, 14.836265242605233], [39.589304814821595, 14.873186768651792], [39.571199003872096, 14.919338676209993], [39.44898477996301, 15.016257682082216], [39.41729961080139, 15.01779607900082], [39.33884109668692, 15.111638291035831], [39.26340021773069, 15.13471424481493], [39.189468156353584, 15.243940426036005], [39.09290383128961, 15.268554776733712], [39.05065693907412, 15.233171647605758]]], [[[40.29995789458927, 15.057794398884596], [40.34974887470038, 15.01010409440779], [40.307501982484894, 14.97625936219844], [40.26676390784853, 14.993181728303114], [40.29995789458927, 15.057794398884596]]], [[[39.95896512170712, 15.886990338013607], [40.017809007292975, 15.880836750339178], [40.14756731909769, 15.805455301327452], [40.13549677846469, 15.736227439990149], [40.15511140699331, 15.643923624873747], [40.248658096899035, 15.61930927417604], [40.26827272542765, 15.668537975571454], [40.414628030602735, 15.630078052606287], [40.42669857123573, 15.562388588187591], [40.36031059775425, 15.574695763536447], [40.31806370553876, 15.560850191268987], [40.21999056289567, 15.593156526559728], [40.12191742025257, 15.600848511152758], [40.05552944677109, 15.57777255737366], [40.031388365505094, 15.630078052606287], [40.08268816319533, 15.660845990978423], [40.001212013922604, 15.737765836908757], [39.9272799525455, 15.731612249234331], [40.0374236358216, 15.848530415048437], [39.95896512170712, 15.886990338013607]]], [[[40.05100299403371, 16.116211478886004], [40.08419698077445, 16.04852201446731], [39.99819437876435, 16.002370106909108], [39.99065029086873, 16.05313720522313], [40.044967723717214, 16.05313720522313], [40.05100299403371, 16.116211478886004]]]]}}, {"type": "Feature", "properties": {"GID_1": "ETH.1_1", "NAME_1": "Addis Abeba", "risk_level_int": 2, "sampled_mm": 6.3, "date": "2026-03-04"}, "geometry": {"type": "Polygon", "coordinates": [[[38.88016055263304, 8.918052296725268], [38.824334302205436, 8.841132450794934], [38.745875788090956, 8.862670007655428], [38.65987318608086, 8.985741761143963], [38.685523084925975, 9.073430385504544], [38.76549041661958, 9.098044736202251], [38.791140315464695, 9.078045576260365], [38.87563409989567, 9.081122370097578], [38.90430163389904, 9.008817714923062], [38.88016055263304, 8.918052296725268]]]}}, {"type": "Feature", "properties": {"GID_1": "ETH.2_1", "NAME_1": "Afar", "risk_level_int": 2, "sampled_mm": 8.3, "date": "2026-03-04"}, "geometry": {"type": "Polygon", "coordinates": [[[39.817136269269405, 9.136504659167418], [39.81260981653203, 9.170349391376767], [39.87296251969701, 9.227270077365215], [39.85938316148489, 9.307266717132762], [39.788468735266036, 9.30418992329555], [39.75376593094617, 9.354957021609572], [39.82166272200678, 9.418031295272446], [39.88352424275089, 9.61033091009828], [39.83976853295627, 9.724172282075177], [39.87598015485526, 9.753401823528705], [39.94840339865324, 9.731864266668211], [39.99065029086873, 9.756478617365918], [40.01177373697648, 9.818014494110187], [40.05251181161284, 9.842628844807894], [40.08872343351183, 9.934932659924296], [40.031388365505094, 9.994930139749957], [39.94689458107412, 9.99339174283135], [39.9272799525455, 10.090310748703573], [39.99366792602698, 10.076465176436113], [40.13247914330644, 10.071849985680291], [40.15812904215156, 10.090310748703573], [40.1294615081482, 10.173384182308332], [40.15511140699331, 10.2579960128317], [40.16114667730981, 10.43491165847147], [40.108338062040445, 10.724130279169529], [40.108338062040445, 10.764128599053304], [40.167181947626304, 10.805665315855684], [40.170199582784555, 10.87335478027438], [40.123426237831694, 10.937967450855862], [40.186796576154926, 11.025656075216443], [40.21244647500004, 11.108729508821206], [40.173217217942806, 11.239493246902775], [40.10230279172395, 11.316413092833109], [40.07061762256234, 11.325643474344748], [40.05552944677109, 11.487175150798453], [39.99366792602698, 11.584094156670673], [40.014791372134724, 11.645630033414943], [39.924262317387246, 11.701012322484782], [39.874471337276134, 11.779470565333725], [39.87598015485526, 11.974846973996776], [39.8412773505354, 12.053305216845718], [39.800539275899034, 12.194837733357534], [39.82769799232328, 12.240989640915735], [39.817136269269405, 12.324063074520495], [39.815627451690276, 12.407136508125259], [39.880506607592636, 12.484056354055593], [39.863909614222266, 12.531746658532398], [39.80657454621553, 12.59635932911388], [39.83976853295627, 12.71327749492799], [39.89861241854213, 12.762506196323404], [39.97857975023574, 12.791735737776932], [39.90464768885863, 12.922499475858501], [39.85938316148489, 12.970189780335307], [39.86240079664314, 13.019418481730721], [39.833733262639775, 13.088646343068024], [39.78545110010779, 13.262485194870582], [39.71906312662631, 13.294791530161323], [39.743204207892305, 13.38863374219633], [39.71906312662631, 13.47632236655691], [39.74471302547143, 13.570164578591921], [39.863909614222266, 13.548627021731427], [39.874471337276134, 13.750157018068904], [39.833733262639775, 13.820923276324812], [39.833733262639775, 13.917842282197032], [39.88654187790914, 14.011684494232043], [39.84429498569365, 14.05014441719721], [39.83825971537715, 14.154755407662464], [39.76734528915829, 14.139371438476399], [39.681342687148195, 14.163985789174106], [39.69341322778119, 14.24090563510444], [39.758292383683546, 14.277827161151002], [39.800539275899034, 14.387053342372077], [39.8533478911684, 14.367054182430188], [39.94991221623236, 14.360900594755762], [39.99065029086873, 14.382438151616256], [39.98461502055223, 14.43166685301167], [40.05552944677109, 14.48704914208151], [40.140023231202065, 14.497817920511757], [40.22300819805392, 14.47935715748848], [40.40708394270712, 14.379361357779043], [40.54589515998657, 14.300903114930101], [40.65000357294617, 14.230136856674193], [40.83709695275762, 14.083989149406555], [41.07699894783842, 13.87784396231326], [41.25051296943775, 13.713235492022342], [41.31388330776098, 13.630162058417582], [41.531153039154916, 13.433247252835923], [41.611120370848525, 13.34709702539395], [41.87818108235357, 13.09018473998663], [41.97323658983842, 12.982496955684162], [42.05018628637377, 12.84250283609095], [42.2418061189226, 12.614820092137162], [42.3097029099832, 12.520977880102151], [42.35194980219869, 12.439442843415996], [42.26594720018859, 12.288679945392541], [42.089415543431016, 12.064073995275965], [42.01095702931653, 11.922541478764149], [41.9415514206768, 11.824084075973317], [41.8796898999327, 11.797931328357006], [41.86007527140408, 11.751779420798805], [41.81631956160946, 11.737933848531345], [41.7816167572896, 11.637938048821908], [41.748422770548856, 11.49332873847288], [41.77407266939397, 11.367180191147131], [41.777090304552225, 11.285645154460976], [41.760493311181854, 11.004118518355948], [41.75294922328624, 10.977965770739637], [41.718246418966366, 10.964120198472177], [41.39234182187546, 10.965658595390781], [41.26861878038724, 10.957966610797747], [41.23240715848826, 10.86412439876274], [41.19016026627277, 10.796434934344045], [41.07699894783842, 10.681055165448544], [41.087560670892294, 10.601058525680994], [41.00457570404045, 10.31953188957597], [40.97439935245795, 10.15646181620366], [40.93667891297984, 10.03492845963373], [40.997031616144824, 9.928779072249867], [40.84765867581149, 9.790323349575264], [40.748076715589264, 9.651867626900664], [40.69828573547815, 9.533411064167947], [40.693759282740785, 9.444184042888757], [40.65905647842092, 9.404185723004986], [40.52778934903708, 9.385724959981705], [40.47045428103034, 9.354957021609572], [40.40859276028624, 9.281113969516447], [40.32711661101351, 9.154965422190699], [40.245640461740784, 9.074968782423152], [40.23809637384516, 8.998048936492815], [40.170199582784555, 8.964204204283469], [40.094758703828326, 8.862670007655428], [40.01026491939735, 8.856516419981002], [40.05100299403371, 8.961127410446256], [40.03440600066334, 8.994972142655602], [39.95142103381149, 9.030355271783556], [39.91822704707075, 9.068815194748723], [39.909174141596004, 9.1318894684116], [39.817136269269405, 9.136504659167418]]]}}, {"type": "Feature", "properties": {"GID_1": "ETH.3_1", "NAME_1": "Amhara", "risk_level_int": 1, "sampled_mm": 5.1, "date": "2026-03-04"}, "geometry": {"type": "Polygon", "coordinates": [[[36.68483097500679, 10.317993492657362], [36.589775467521946, 10.368760590971384], [36.539984487410834, 10.36568379713417], [36.52036985888221, 10.405682117017943], [36.52640512919871, 10.48260196294828], [36.40871735802699, 10.45491081841336], [36.31818830327952, 10.528753870506481], [36.28197668138053, 10.604135319518207], [36.324223573596015, 10.661056005506655], [36.31818830327952, 10.704131119227643], [36.37401455370713, 10.757975011378878], [36.28197668138053, 10.80412691893708], [36.3664704658115, 10.945659435448896], [36.54903739288558, 11.13795905027473], [36.46756124361285, 11.154881416379407], [36.46756124361285, 11.265645994519087], [36.5626167510977, 11.317951489751717], [36.56412556867683, 11.357949809635489], [36.497737595195346, 11.444100037077465], [36.41022617560612, 11.413332098705332], [36.44492897992598, 11.49332873847288], [36.33176766149164, 11.665629193356828], [36.328750026333395, 11.796392931438398], [36.2065358024243, 11.721011482426672], [36.16428891020881, 11.677936368705684], [36.125059653151574, 11.719473085508064], [36.10544502462295, 11.816392091380287], [36.04207468629972, 11.894850334229226], [35.99530134134686, 11.927156669519967], [35.936457455761, 11.92100308184554], [35.80368150879804, 11.837929648240777], [35.666379109097704, 11.825622472891926], [35.64525566298996, 11.781008962252333], [35.57585005435023, 11.76716338998487], [35.51700616876437, 11.717934688589455], [35.421950661279524, 11.728703467019702], [35.363106775693666, 11.75331781771741], [35.298227619791305, 11.807161709868645], [35.283139444000064, 11.890235143473408], [35.25748954515495, 11.934848654113], [35.64676448056908, 12.60558971062552], [35.682976102468075, 12.61020490138134], [35.698064278259324, 12.66558719045118], [35.771996339636424, 12.660971999695363], [36.051127591774474, 12.722507876439629], [36.15221836957582, 12.682509556555857], [36.17635945084181, 12.784043753183898], [36.17937708600006, 12.896346728242186], [36.15372718715494, 12.933268254288748], [36.19899171452868, 13.070185580044743], [36.277450228643154, 13.365557788417231], [36.38155864160275, 13.545550227894214], [36.402682087710495, 13.644007630685042], [36.45096425024248, 13.768617781092185], [36.481140601824976, 13.734773048882836], [36.57921374446807, 13.482475954231337], [36.570160838993324, 13.425555268242892], [36.60939009605056, 13.37478816992887], [36.7346219551179, 13.362480994580014], [36.83722155049837, 13.44401603126617], [36.905118341558975, 13.38863374219633], [37.03940310610106, 13.351712216149767], [37.18575841127615, 13.282484354812468], [37.321551993397364, 13.297868323998536], [37.365307703191974, 13.359404200742802], [37.517698278683554, 13.367096185335836], [37.63689486743439, 13.413248092894037], [37.69422993544113, 13.471707175801093], [37.72742392218187, 13.564010990917492], [37.76967081439736, 13.562472593998887], [37.8089000714546, 13.519397480277899], [37.81644415935022, 13.46247679428945], [37.86623513946133, 13.474783969638306], [37.903955578939446, 13.447092825103383], [38.00806399189904, 13.500936717254618], [38.05936378958928, 13.467091985045272], [38.115190040016884, 13.494783129580192], [38.14536639159938, 13.471707175801093], [38.32038923077783, 13.502475114173226], [38.359618487835064, 13.553242212487245], [38.40639183278793, 13.539396640219785], [38.46523571837379, 13.567087784754708], [38.55425595554213, 13.550165418650032], [38.4969208875354, 13.507090304929047], [38.512009063326644, 13.473245572719698], [38.59046757744113, 13.505551908010439], [38.622152746602744, 13.411709695975429], [38.70513771345459, 13.38863374219633], [38.74134933535358, 13.339405040800916], [38.729278794720585, 13.268638782545008], [38.86356355926267, 13.210179699637951], [38.9510749788519, 13.237870844172875], [39.0431128511785, 13.15633580748672], [38.978233695276145, 13.099415121498271], [39.00086595896301, 13.004034512544656], [39.082342108235736, 12.95942100190506], [39.16381825750847, 12.948652223474813], [39.25887376499331, 12.914807491265467], [39.2769795759428, 12.825580469986278], [39.26792667046806, 12.771736577835043], [39.27999721110106, 12.688663144230283], [39.174379980562335, 12.64404963359069], [39.236241501306445, 12.473287575625346], [39.24529440678119, 12.353292615974024], [39.29055893415493, 12.296371929985575], [39.418808428380515, 12.296371929985575], [39.45502005027951, 12.325601471439104], [39.52291684134011, 12.327139868357708], [39.542531469868734, 12.265603991613443], [39.60439299061284, 12.27021918236926], [39.63155170703708, 12.307140708415822], [39.7613100188418, 12.302525517660001], [39.817136269269405, 12.324063074520495], [39.82769799232328, 12.240989640915735], [39.800539275899034, 12.194837733357534], [39.8412773505354, 12.053305216845718], [39.87598015485526, 11.974846973996776], [39.874471337276134, 11.779470565333725], [39.924262317387246, 11.701012322484782], [40.014791372134724, 11.645630033414943], [39.99366792602698, 11.584094156670673], [40.05552944677109, 11.487175150798453], [40.07061762256234, 11.325643474344748], [40.10230279172395, 11.316413092833109], [40.173217217942806, 11.239493246902775], [40.21244647500004, 11.108729508821206], [40.186796576154926, 11.025656075216443], [40.123426237831694, 10.937967450855862], [40.170199582784555, 10.87335478027438], [40.167181947626304, 10.805665315855684], [40.108338062040445, 10.764128599053304], [40.108338062040445, 10.724130279169529], [40.16114667730981, 10.43491165847147], [40.15511140699331, 10.2579960128317], [40.1294615081482, 10.173384182308332], [40.15812904215156, 10.090310748703573], [40.13247914330644, 10.071849985680291], [39.99366792602698, 10.076465176436113], [39.9272799525455, 10.090310748703573], [39.94689458107412, 9.99339174283135], [40.031388365505094, 9.994930139749957], [40.08872343351183, 9.934932659924296], [40.05251181161284, 9.842628844807894], [40.01177373697648, 9.818014494110187], [39.99065029086873, 9.756478617365918], [39.94840339865324, 9.731864266668211], [39.87598015485526, 9.753401823528705], [39.83976853295627, 9.724172282075177], [39.88352424275089, 9.61033091009828], [39.82166272200678, 9.418031295272446], [39.75376593094617, 9.354957021609572], [39.788468735266036, 9.30418992329555], [39.85938316148489, 9.307266717132762], [39.87296251969701, 9.227270077365215], [39.81260981653203, 9.170349391376767], [39.817136269269405, 9.136504659167418], [39.743204207892305, 9.091891148527825], [39.74773066062967, 8.910360312132234], [39.71604549146806, 8.816518100097227], [39.61646353124584, 8.787288558643699], [39.56214609839735, 8.818056497015831], [39.55158437534348, 8.768827795620417], [39.50028457765325, 8.714983903469186], [39.44898477996301, 8.751905429515745], [39.41729961080139, 8.814979703178619], [39.37807035374415, 8.79190374939952], [39.37656153616503, 8.73036787265525], [39.27094430562631, 8.724214284980825], [39.27245312320544, 8.782673367887877], [39.24378558920206, 8.827286878527474], [39.24076795404382, 8.88882275527174], [39.29659420447143, 9.053431225562658], [39.34638518458254, 9.064200003992905], [39.32375292089567, 9.148811834516273], [39.249820859518564, 9.134966262248813], [39.18795933877446, 9.208809314341934], [39.17739761572059, 9.2703451910862], [39.233223866148194, 9.293421144865302], [39.28452366383843, 9.278037175679234], [39.293576569313174, 9.348803433935142], [39.35694690763641, 9.368802593877032], [39.43087896901351, 9.43341526445851], [39.375052718585906, 9.46725999666786], [39.314700015420925, 9.46725999666786], [39.313191197841796, 9.534949461086555], [39.35996454279466, 9.545718239516802], [39.385614441639774, 9.63033007004017], [39.36449099553204, 9.701096328296078], [39.30866474510442, 9.744171442017066], [39.249820859518564, 9.704173122133291], [39.145712446558974, 9.693404343703044], [39.068762750023616, 9.753401823528705], [38.973707242538765, 9.761093808121739], [38.90882808663641, 9.708788312889112], [38.82886075494281, 9.768785792714773], [38.791140315464695, 9.882627164691666], [38.79717558578119, 9.967238995215034], [38.668926091555605, 10.019544490447664], [38.853001836208804, 10.118001893238493], [38.83489602525931, 10.22568967754096], [38.86054592410443, 10.27799517277359], [38.84545774831318, 10.36106860637835], [38.73833170019533, 10.385682957076057], [38.48334152932328, 10.36568379713417], [38.454673995319915, 10.247227234401453], [38.397338927313186, 10.144154640854804], [38.33396858898995, 10.151846625447838], [38.29473933193271, 10.088772351784964], [38.240421899084225, 10.102617924052424], [38.044275613798035, 9.97031578905225], [37.87981449767345, 9.921087087656833], [37.81644415935022, 9.867243195505601], [37.70026520575763, 9.836475257133465], [37.55240108300342, 9.958008613703395], [37.52976881931655, 9.996468536668562], [37.443766217306454, 10.014929299691843], [37.398501689932715, 10.045697238063976], [37.323060810976486, 10.008775712017417], [37.29590209455225, 10.05338922265701], [37.1948113167509, 10.104156320971033], [37.167652600326655, 10.162615403878085], [37.181231958538774, 10.241073646727028], [37.11484398505729, 10.250304028238666], [36.980559220515204, 10.313378301901544], [36.89757425366336, 10.313378301901544], [36.86890671965999, 10.341069446436464], [36.692375062902414, 10.357991812541137], [36.68483097500679, 10.317993492657362]]]}}, {"type": "Feature", "properties": {"GID_1": "ETH.4_1", "NAME_1": "Benshangul-Gumaz", "risk_level_int": 1, "sampled_mm": 4.0, "date": "2026-03-04"}, "geometry": {"type": "Polygon", "coordinates": [[[34.14398217176101, 8.96266580736486], [34.134929266286264, 9.171887788295372], [34.104752914703774, 9.487259156609746], [34.1002264619664, 9.55033343027262], [34.14549098934013, 9.718018694400751], [34.21640541555899, 9.902626324633555], [34.23300240892936, 10.047235634982584], [34.334093186730705, 10.113386702482671], [34.350690180101076, 10.221074486785142], [34.293355112094346, 10.405682117017943], [34.32654909883509, 10.474909978355246], [34.27977575388222, 10.514908298239021], [34.29788156483171, 10.58567455649493], [34.40651643052868, 10.713361500739282], [34.46536031611454, 10.821049285041752], [34.610206803710504, 10.897969130972086], [34.765615014360336, 10.754898217541665], [34.77768555499333, 10.710284706902069], [34.857652886686935, 10.75643661446027], [34.86670579216168, 10.8087421096929], [34.982884745754276, 10.897969130972086], [34.95723484690915, 10.956428213879143], [35.00099055670377, 11.181034163995719], [34.961761299646525, 11.236416453065562], [34.93007613048491, 11.236416453065562], [35.038710996181884, 11.416408892542545], [35.07794025323912, 11.5210198830078], [35.07643143566, 11.645630033414943], [35.04927271923575, 11.72562667318249], [35.09755488176774, 11.814853694461679], [35.25748954515495, 11.934848654113], [35.283139444000064, 11.890235143473408], [35.298227619791305, 11.807161709868645], [35.363106775693666, 11.75331781771741], [35.421950661279524, 11.728703467019702], [35.51700616876437, 11.717934688589455], [35.57585005435023, 11.76716338998487], [35.64525566298996, 11.781008962252333], [35.666379109097704, 11.825622472891926], [35.80368150879804, 11.837929648240777], [35.936457455761, 11.92100308184554], [35.99530134134686, 11.927156669519967], [36.04207468629972, 11.894850334229226], [36.10544502462295, 11.816392091380287], [36.125059653151574, 11.719473085508064], [36.16428891020881, 11.677936368705684], [36.2065358024243, 11.721011482426672], [36.328750026333395, 11.796392931438398], [36.33176766149164, 11.665629193356828], [36.44492897992598, 11.49332873847288], [36.41022617560612, 11.413332098705332], [36.497737595195346, 11.444100037077465], [36.56412556867683, 11.357949809635489], [36.5626167510977, 11.317951489751717], [36.46756124361285, 11.265645994519087], [36.46756124361285, 11.154881416379407], [36.54903739288558, 11.13795905027473], [36.3664704658115, 10.945659435448896], [36.28197668138053, 10.80412691893708], [36.37401455370713, 10.757975011378878], [36.31818830327952, 10.704131119227643], [36.324223573596015, 10.661056005506655], [36.28197668138053, 10.604135319518207], [36.31818830327952, 10.528753870506481], [36.40871735802699, 10.45491081841336], [36.52640512919871, 10.48260196294828], [36.52036985888221, 10.405682117017943], [36.539984487410834, 10.36568379713417], [36.589775467521946, 10.368760590971384], [36.68483097500679, 10.317993492657362], [36.61089891362968, 10.259534409750309], [36.555072663202075, 10.28568715736662], [36.51584340614484, 10.23953524980842], [36.44492897992598, 10.245688837482849], [36.369488100969754, 10.16107700695948], [36.27141495832666, 10.113386702482671], [36.25934441769366, 10.078003573354717], [36.18390353873743, 10.050312428819797], [36.1205332004142, 9.961085407540608], [36.15221836957582, 9.865704798586993], [36.10544502462295, 9.77340098347059], [36.15976245747144, 9.74724823585428], [36.19144762663306, 9.687250756028618], [36.2005005321078, 9.614946100854102], [36.232185701269415, 9.570332590214509], [36.30159130990915, 9.55494862102844], [36.38004982402363, 9.48110556893532], [36.461525973296354, 9.528795873412125], [36.494719960037095, 9.50879671347024], [36.51433458856572, 9.444184042888757], [36.461525973296354, 9.356495418528176], [36.37401455370713, 9.358033815446785], [36.31969712085864, 9.305728320214154], [36.26990614074754, 9.328804273993256], [36.22615043095292, 9.271883588004808], [36.22916806611117, 9.22880847428382], [36.171832998104435, 9.108813514632498], [36.15976245747144, 9.021124890271917], [36.084321578515215, 9.05804641631848], [36.0284953280876, 9.056508019399871], [36.05414522693272, 9.119582293062745], [36.03151296324585, 9.233423665039641], [35.95003681397313, 9.24880763422571], [35.910807556915884, 9.316497098644401], [35.79764623848154, 9.30880511405137], [35.75690816384518, 9.324189083237435], [35.7644522517408, 9.473413584342286], [35.710134818892314, 9.487259156609746], [35.64676448056908, 9.553410224109832], [35.652799750885585, 9.634945260795988], [35.560761878558985, 9.691865946784436], [35.455144648020266, 9.67186678684255], [35.378194951484915, 9.765708998877557], [35.349527417481546, 9.865704798586993], [35.29671880221218, 9.922625484575441], [35.221277923255954, 9.925702278412654], [35.15941640251185, 9.948778232191756], [35.08850197629299, 9.950316629110361], [35.01909636765326, 9.928779072249867], [34.98892001607077, 9.996468536668562], [34.898390961323294, 9.881088767773061], [34.869723427319926, 9.8210912879474], [34.83200298784182, 9.802630524924119], [34.795791365942826, 9.736479457424032], [34.81087954173407, 9.63033007004017], [34.78372082530983, 9.553410224109832], [34.73543866277784, 9.545718239516802], [34.63133024981825, 9.587254956319182], [34.58606572244451, 9.63033007004017], [34.548345282966395, 9.63033007004017], [34.52269538412128, 9.54110304876098], [34.49855430285528, 9.514950301144665], [34.51364247864653, 9.44726083672597], [34.45178095790242, 9.448799233644579], [34.46686913369367, 9.365725800039819], [34.439710417269424, 9.21496290201636], [34.3401284570472, 9.168810994458159], [34.426131059057305, 9.07189198858594], [34.45781622821892, 9.073430385504544], [34.503080755592656, 9.004202524167244], [34.43065751179468, 8.967280998120682], [34.14398217176101, 8.96266580736486]]]}}, {"type": "Feature", "properties": {"GID_1": "ETH.5_1", "NAME_1": "Dire Dawa", "risk_level_int": 3, "sampled_mm": 19.8, "date": "2026-03-04"}, "geometry": {"type": "Polygon", "coordinates": [[[42.33987926156569, 9.719557091319356], [42.25840311229297, 9.651867626900664], [42.20106804428623, 9.653406023819269], [42.12411834775088, 9.614946100854102], [42.15278588175424, 9.556487017947049], [42.068292097323265, 9.474951981260894], [41.98228949531317, 9.50879671347024], [41.91288388667344, 9.47187518742368], [41.77256385181485, 9.490335950446958], [41.73484341233674, 9.47187518742368], [41.748422770548856, 9.601100528586642], [41.8736546296162, 9.684173962191402], [41.90684861635694, 9.679558771435584], [42.03057165784516, 9.618022894691315], [42.18597986849498, 9.77340098347059], [42.25085902439734, 9.784169761900838], [42.33987926156569, 9.719557091319356]]]}}, {"type": "Feature", "properties": {"GID_1": "ETH.6_1", "NAME_1": "Gambela Peoples", "risk_level_int": 2, "sampled_mm": 5.8, "date": "2026-03-04"}, "geometry": {"type": "Polygon", "coordinates": [[[34.9843935633334, 6.298162344338063], [34.98590238091252, 6.385850968698644], [35.01306109733677, 6.444310051605701], [34.95572602933003, 6.504307531431362], [34.93912903595966, 6.545844248233742], [34.856144069107806, 6.6073801249780075], [34.7882472780472, 6.584304171198909], [34.68112122992936, 6.702760733931626], [34.5362747423334, 6.75198943532704], [34.5302394720169, 6.842754853524834], [34.48497494464316, 6.9042907302691034], [34.38388416684182, 6.9642882100947645], [34.32202264609771, 6.973518591606403], [34.19377315187212, 7.055053628292558], [34.192264334293, 7.138127061897318], [34.09871764438727, 7.179663778699702], [34.011206224798045, 7.259660418467249], [34.03534730606404, 7.293505150676594], [34.029312035747544, 7.368886599688324], [33.94783588647481, 7.502727131607106], [33.87088618993946, 7.518111100793174], [33.79242767582498, 7.60426132823515], [33.736601425397374, 7.627337282014249], [33.67172226949502, 7.691949952595731], [33.57968439716842, 7.68733476183991], [33.51480524126606, 7.731948272479503], [33.43182027441421, 7.751947432421392], [33.32016777355899, 7.705795524863191], [33.23869162428627, 7.7734849892818865], [33.16475956290916, 7.7950225461423805], [33.050089426895696, 7.787330561549346], [33.01086016983845, 7.8580968198052545], [33.001807264363705, 7.93963185649141], [33.033492433525325, 7.9842453671310025], [33.077248143319935, 8.024243687014778], [33.08630104879468, 8.075010785328796], [33.188900644175156, 8.135008265154461], [33.16626838048829, 8.195005744980122], [33.202480002387276, 8.23346566794529], [33.17532128596304, 8.284232766259308], [33.19191827933341, 8.407304519747846], [33.24925334734014, 8.444226045794405], [33.305079597767744, 8.454994824224652], [33.39560865251522, 8.42422688585252], [33.48915534242094, 8.468840396492112], [33.62042247180479, 8.468840396492112], [33.68077517496977, 8.441149251957192], [33.69435453318189, 8.379613375212923], [33.77281304729637, 8.368844596782676], [33.89804490636371, 8.481147571840967], [33.94632706889569, 8.49806993794564], [34.015732677535425, 8.487301159515393], [34.12134990807414, 8.574989783875974], [34.14096453660276, 8.651909629806308], [34.18924669913475, 8.651909629806308], [34.255634672616225, 8.70267672812033], [34.31296974062296, 8.682677568178445], [34.3461637273637, 8.599604134573681], [34.35672545041757, 8.499608334864245], [34.31296974062296, 8.39038215364317], [34.347672544942824, 8.37653658137571], [34.52269538412128, 8.474993984166538], [34.57399518181151, 8.40422772591063], [34.72940339246134, 8.39038215364317], [34.78522964288895, 8.354999024515216], [34.78522964288895, 8.304231926201197], [34.854635251528684, 8.250388034049962], [34.96477893480478, 8.247311240212749], [35.01758755007414, 8.21962009567783], [35.07341380050175, 8.21962009567783], [35.1382929564041, 8.181160172712659], [35.10359015208424, 8.115009105212572], [35.14131059156235, 8.021166893177565], [35.10811660482161, 7.956554222596083], [35.04776390165663, 7.955015825677474], [35.00853464459939, 7.9242478873053415], [35.00099055670377, 7.862712010561076], [34.95119957659266, 7.890403155095996], [34.931584948064035, 7.827328881433122], [34.931584948064035, 7.72887147864229], [34.99495528638727, 7.747332241665571], [35.07643143566, 7.730409875560898], [35.115660692717235, 7.64579804503753], [35.16696049040747, 7.615030106665397], [35.17148694314484, 7.533495069979242], [35.12169596303373, 7.478112780909399], [35.3102981604243, 7.479651177828007], [35.391774309697034, 7.396577744223244], [35.37215968116841, 7.2304308770137204], [35.3344392416903, 7.179663778699702], [35.37970376906404, 7.122743092711254], [35.299736437370434, 7.1150511081182195], [35.23485728146808, 7.138127061897318], [35.20468092988558, 7.099667138932151], [35.11415187513811, 7.102743932769364], [35.053799171973125, 7.184278969455519], [34.966287752383906, 7.215046907827656], [34.898390961323294, 7.184278969455519], [34.87726751521555, 7.070437597478627], [34.91197031953541, 6.9889025607924715], [34.99797292154552, 6.893521951838856], [34.933093765643164, 6.796602945966633], [35.07944907081824, 6.810448518234093], [35.179031031040466, 6.727375084629333], [35.19713684198996, 6.679684780152524], [35.18506630135697, 6.490461959163902], [35.20015447714821, 6.4104653193963514], [35.132257686087605, 6.395081350210287], [35.10660778724249, 6.318161504279949], [34.9843935633334, 6.298162344338063]]]}}, {"type": "Feature", "properties": {"GID_1": "ETH.7_1", "NAME_1": "Harari People", "risk_level_int": 3, "sampled_mm": 21.7, "date": "2026-03-04"}, "geometry": {"type": "Polygon", "coordinates": [[[42.27047365292596, 9.361110609283998], [42.24935020681822, 9.2703451910862], [42.27198247050509, 9.21496290201636], [42.23426203102697, 9.185733360562832], [42.19805040912798, 9.219578092772181], [42.148259429016875, 9.205732520504721], [42.06074800942764, 9.225731680446607], [42.06980091490239, 9.30418992329555], [42.113556624697004, 9.371879387714245], [42.16787405754549, 9.362649006202602], [42.252367841976465, 9.384186563063096], [42.27047365292596, 9.361110609283998]]]}}, {"type": "Feature", "properties": {"GID_1": "ETH.8_1", "NAME_1": "Oromia", "risk_level_int": 1, "sampled_mm": 4.8, "date": "2026-03-04"}, "geometry": {"type": "Polygon", "coordinates": [[[39.09290383128961, 3.533663081601828], [39.01595413475425, 3.512125524741334], [38.9631455194849, 3.5275094939274023], [38.90731926905728, 3.509048730904121], [38.712681801350215, 3.5690462107297822], [38.655346733343485, 3.5936605614274892], [38.51804433364315, 3.6259668967182304], [38.436568184370415, 3.6013525460205233], [38.18912210139399, 3.6182749121251963], [38.119716492754264, 3.6090445306135575], [38.01409926221554, 3.702886742648566], [37.553909900582546, 4.012104523288512], [37.51015419078793, 4.0459492554978596], [37.19028486401352, 4.253632839509763], [37.12389689053204, 4.282862380963291], [37.03940310610106, 4.361320623812233], [36.8387303680775, 4.444394057416993], [36.711989691431036, 4.439778866661172], [36.65767225858255, 4.579772986254383], [36.68030452226942, 4.60438733695209], [36.647110535528675, 4.710536724335952], [36.828168645023624, 4.708998327417344], [36.86287144934349, 4.793610157940712], [36.861362631764365, 4.978217788173517], [36.893047800925984, 5.110519923173694], [36.94887405135359, 5.195131753697062], [37.08164999831655, 5.18590137218542], [37.181231958538774, 5.193593356778454], [37.21744358043777, 5.212054119801735], [37.292884459393996, 5.195131753697062], [37.34116662192598, 5.159748624569108], [37.41660750088221, 5.165902212243534], [37.70026520575763, 5.305896331836742], [37.74703855071049, 5.276666790383217], [37.810408889033724, 5.268974805790183], [37.85265578124921, 5.235130073580834], [37.9009379437812, 5.244360455092476], [37.9009379437812, 5.373585796255437], [37.935640748101065, 5.422814497650851], [37.947711288734055, 5.5381942665463555], [37.92960547778456, 5.616652509395298], [38.07445196538052, 5.6889571645698105], [38.08954014117177, 5.745877850558259], [38.02013453253204, 5.7904913611978515], [37.968834734841806, 5.956638228407375], [37.903955578939446, 5.961253419163196], [37.843602875774465, 6.01048212055861], [37.80437361871722, 5.993559754453937], [37.778723719872104, 6.148937843233213], [37.840585240616214, 6.248933642942649], [37.85265578124921, 6.304315932012489], [37.840585240616214, 6.37815898410561], [37.7968295308216, 6.428926082419633], [37.80739125387547, 6.501230737594145], [37.870761592198704, 6.5827657742803005], [37.91300848441419, 6.590457758873335], [37.968834734841806, 6.548921042070955], [38.01560807979466, 6.57507378968727], [38.05181970169366, 6.535075469803495], [38.14989284433675, 6.496615546838328], [38.1710162904445, 6.450463639280127], [38.2449483518216, 6.468924402303408], [38.29624814951184, 6.415080510152173], [38.288704061616215, 6.359698221082333], [38.213263182659986, 6.3304686796288046], [38.17252510802362, 6.255087230617075], [38.19817500686874, 6.205858529221661], [38.1710162904445, 6.167398606256494], [38.08652250601352, 6.161245018582068], [38.08048723569702, 6.116631507942472], [38.21477200023911, 5.893563954744501], [38.3249156835152, 5.868949604046794], [38.37470666362631, 5.942792656139915], [38.32793331867345, 5.95509983148877], [38.27965115614147, 6.005866929802792], [38.31435396046133, 6.027404486663283], [38.39432129215493, 6.181244178523954], [38.43505936679129, 6.198166544628627], [38.42751527889567, 6.385850968698644], [38.47579744142766, 6.430464479338241], [38.56632649617514, 6.43969486084988], [38.70664653103372, 6.39200455637307], [38.77152568693607, 6.399696540966104], [38.87412528231655, 6.301239138175276], [38.960127884326646, 6.15970662166346], [39.03405994570375, 6.138169064802966], [39.11251845981823, 6.176628987768133], [39.08535974339399, 6.252010436779862], [39.127606635609474, 6.3443142518962645], [39.06423629728624, 6.598149743466369], [38.960127884326646, 6.601226537303582], [38.94956616127277, 6.64430165102457], [38.837913660417556, 6.675069589396703], [38.81829903188894, 6.704299130850231], [38.7549286935657, 6.696607146257197], [38.70513771345459, 6.742759053815398], [38.63573210481486, 6.771988595268926], [38.64025855755224, 6.811986915152701], [38.714190618929344, 6.861215616548115], [38.69004953766335, 7.001209736141323], [38.64629382786873, 7.095051948176334], [38.58292348954551, 7.1258198865484665], [38.546711867646515, 7.0904367574205125], [38.48032389416503, 7.0904367574205125], [38.44260345468692, 7.127358283467071], [38.377724298784564, 7.130435077304288], [38.34151267688557, 7.1642798095136335], [38.25400125729635, 7.05966881904838], [38.23740426392598, 7.019670499164604], [38.116698857596006, 6.981210576199437], [38.06389024232665, 7.042746452943703], [38.07746960053878, 7.179663778699702], [38.104628316963016, 7.210431717071835], [38.26456298035022, 7.307350722944058], [38.27965115614147, 7.381193775037179], [38.30831869014483, 7.401192934979065], [38.34151267688557, 7.478112780909399], [38.42600646131655, 7.515034306955961], [38.40035656247143, 7.595030946723508], [38.41242710310443, 7.681181174165484], [38.44411227226604, 7.7596394170144265], [38.49239443479803, 7.7950225461423805], [38.549729502804766, 7.870403995154106], [38.62818801691924, 8.033474068526417], [38.58443230712463, 8.108855517538146], [38.58744994228287, 8.156545822014952], [38.54218541490914, 8.225773683352255], [38.593485212599376, 8.2596184155616], [38.63573210481486, 8.131931471317245], [38.68401426734685, 8.122701089805606], [38.682505449767724, 8.190390554224301], [38.715699436508466, 8.21962009567783], [38.65082028060611, 8.285771163177916], [38.66741727397648, 8.350383833759398], [38.61611747628625, 8.430380473526945], [38.52709723911789, 8.458071618061865], [38.468253353532035, 8.434995664282766], [38.43053291405393, 8.298078338526768], [38.347547947202074, 8.255003224805783], [38.30680987256571, 8.299616735445376], [38.31133632530308, 8.370382993701284], [38.26607179792934, 8.407304519747846], [38.180069195919245, 8.393458947480383], [38.12273412791251, 8.407304519747846], [38.0669078774849, 8.37653658137571], [38.027678620427665, 8.39038215364317], [37.98844936337042, 8.359614215271037], [37.92809666020544, 8.378074978294318], [37.86321750430308, 8.33499986457333], [37.748547368289614, 8.351922230678003], [37.704791658495004, 8.336538261491938], [37.66556240143777, 8.384228565968744], [37.611244968589276, 8.353460627596611], [37.57654216426941, 8.413458107422272], [37.51166300836706, 8.416534901259485], [37.47092493373069, 8.350383833759398], [37.47243375130982, 8.26577200323603], [37.517698278683554, 8.236542461782502], [37.62331550922227, 8.19962093573594], [37.59163034006066, 8.073472388410192], [37.60219206311453, 7.964246207189117], [37.5388217247913, 7.95347742875887], [37.490539562259315, 8.016551702421744], [37.39246641961621, 7.993475748642645], [37.43622212941083, 7.918094299630916], [37.40453696024921, 7.827328881433122], [37.40151932509096, 7.682719571084089], [37.445275034885576, 7.564263008351375], [37.40755459540746, 7.491958353176859], [37.38039587898322, 7.379655378118571], [37.33060489887211, 7.342733852072012], [37.23856702654551, 7.311965913699876], [37.154073242114535, 7.2411996554439675], [37.10428226200342, 7.224277289339295], [37.03940310610106, 7.239661258525363], [36.96396222714483, 7.224277289339295], [36.95490932167009, 7.261198815385857], [36.87946844271386, 7.330426676723157], [36.84023918565662, 7.325811485967336], [36.79044820554551, 7.2519684338742145], [36.65163698826605, 7.344272248990617], [36.48415823698322, 7.416576904165133], [36.40569972286875, 7.408884919572099], [36.34836465486201, 7.445806445618658], [36.2246416133738, 7.484266368583828], [36.156744822313186, 7.542725451490881], [36.06168931482834, 7.558109420676949], [36.033021780824974, 7.591954152886295], [36.052636409353596, 7.653490029630564], [35.99681015892598, 7.7457938447469665], [35.84894603617178, 7.839636056781973], [35.90477228659939, 7.9457854441658355], [35.86101657680477, 8.076549182247405], [35.76596106931993, 8.081164373003226], [35.72220535952531, 8.02270529009617], [35.79915505606067, 7.931939871898376], [35.76143461658255, 7.8827111705029616], [35.69353782552194, 7.86425040747968], [35.618096946565714, 7.815021706084266], [35.55472660824249, 7.819636896840088], [35.52002380392262, 7.895018345851813], [35.43402120191252, 7.8827111705029616], [35.40082721517178, 7.828867278351726], [35.35858032295629, 7.842712850619186], [35.34047451200679, 7.776561783119099], [35.222786740835076, 7.702718731025978], [35.21222501778121, 7.651951632711956], [35.115660692717235, 7.64579804503753], [35.07643143566, 7.730409875560898], [34.99495528638727, 7.747332241665571], [34.931584948064035, 7.72887147864229], [34.931584948064035, 7.827328881433122], [34.95119957659266, 7.890403155095996], [35.00099055670377, 7.862712010561076], [35.00853464459939, 7.9242478873053415], [35.04776390165663, 7.955015825677474], [35.10811660482161, 7.956554222596083], [35.14131059156235, 8.021166893177565], [35.10359015208424, 8.115009105212572], [35.1382929564041, 8.181160172712659], [35.07341380050175, 8.21962009567783], [35.01758755007414, 8.21962009567783], [34.96477893480478, 8.247311240212749], [34.854635251528684, 8.250388034049962], [34.78522964288895, 8.304231926201197], [34.78522964288895, 8.354999024515216], [34.72940339246134, 8.39038215364317], [34.57399518181151, 8.40422772591063], [34.52269538412128, 8.474993984166538], [34.347672544942824, 8.37653658137571], [34.31296974062296, 8.39038215364317], [34.35672545041757, 8.499608334864245], [34.3461637273637, 8.599604134573681], [34.31296974062296, 8.682677568178445], [34.255634672616225, 8.70267672812033], [34.18924669913475, 8.651909629806308], [34.14096453660276, 8.651909629806308], [34.14398217176101, 8.96266580736486], [34.43065751179468, 8.967280998120682], [34.503080755592656, 9.004202524167244], [34.45781622821892, 9.073430385504544], [34.426131059057305, 9.07189198858594], [34.3401284570472, 9.168810994458159], [34.439710417269424, 9.21496290201636], [34.46686913369367, 9.365725800039819], [34.45178095790242, 9.448799233644579], [34.51364247864653, 9.44726083672597], [34.49855430285528, 9.514950301144665], [34.52269538412128, 9.54110304876098], [34.548345282966395, 9.63033007004017], [34.58606572244451, 9.63033007004017], [34.63133024981825, 9.587254956319182], [34.73543866277784, 9.545718239516802], [34.78372082530983, 9.553410224109832], [34.81087954173407, 9.63033007004017], [34.795791365942826, 9.736479457424032], [34.83200298784182, 9.802630524924119], [34.869723427319926, 9.8210912879474], [34.898390961323294, 9.881088767773061], [34.98892001607077, 9.996468536668562], [35.01909636765326, 9.928779072249867], [35.08850197629299, 9.950316629110361], [35.15941640251185, 9.948778232191756], [35.221277923255954, 9.925702278412654], [35.29671880221218, 9.922625484575441], [35.349527417481546, 9.865704798586993], [35.378194951484915, 9.765708998877557], [35.455144648020266, 9.67186678684255], [35.560761878558985, 9.691865946784436], [35.652799750885585, 9.634945260795988], [35.64676448056908, 9.553410224109832], [35.710134818892314, 9.487259156609746], [35.7644522517408, 9.473413584342286], [35.75690816384518, 9.324189083237435], [35.79764623848154, 9.30880511405137], [35.910807556915884, 9.316497098644401], [35.95003681397313, 9.24880763422571], [36.03151296324585, 9.233423665039641], [36.05414522693272, 9.119582293062745], [36.0284953280876, 9.056508019399871], [36.084321578515215, 9.05804641631848], [36.15976245747144, 9.021124890271917], [36.171832998104435, 9.108813514632498], [36.22916806611117, 9.22880847428382], [36.22615043095292, 9.271883588004808], [36.26990614074754, 9.328804273993256], [36.31969712085864, 9.305728320214154], [36.37401455370713, 9.358033815446785], [36.461525973296354, 9.356495418528176], [36.51433458856572, 9.444184042888757], [36.494719960037095, 9.50879671347024], [36.461525973296354, 9.528795873412125], [36.38004982402363, 9.48110556893532], [36.30159130990915, 9.55494862102844], [36.232185701269415, 9.570332590214509], [36.2005005321078, 9.614946100854102], [36.19144762663306, 9.687250756028618], [36.15976245747144, 9.74724823585428], [36.10544502462295, 9.77340098347059], [36.15221836957582, 9.865704798586993], [36.1205332004142, 9.961085407540608], [36.18390353873743, 10.050312428819797], [36.25934441769366, 10.078003573354717], [36.27141495832666, 10.113386702482671], [36.369488100969754, 10.16107700695948], [36.44492897992598, 10.245688837482849], [36.51584340614484, 10.23953524980842], [36.555072663202075, 10.28568715736662], [36.61089891362968, 10.259534409750309], [36.68483097500679, 10.317993492657362], [36.692375062902414, 10.357991812541137], [36.86890671965999, 10.341069446436464], [36.89757425366336, 10.313378301901544], [36.980559220515204, 10.313378301901544], [37.11484398505729, 10.250304028238666], [37.181231958538774, 10.241073646727028], [37.167652600326655, 10.162615403878085], [37.1948113167509, 10.104156320971033], [37.29590209455225, 10.05338922265701], [37.323060810976486, 10.008775712017417], [37.398501689932715, 10.045697238063976], [37.443766217306454, 10.014929299691843], [37.52976881931655, 9.996468536668562], [37.55240108300342, 9.958008613703395], [37.70026520575763, 9.836475257133465], [37.81644415935022, 9.867243195505601], [37.87981449767345, 9.921087087656833], [38.044275613798035, 9.97031578905225], [38.240421899084225, 10.102617924052424], [38.29473933193271, 10.088772351784964], [38.33396858898995, 10.151846625447838], [38.397338927313186, 10.144154640854804], [38.454673995319915, 10.247227234401453], [38.48334152932328, 10.36568379713417], [38.73833170019533, 10.385682957076057], [38.84545774831318, 10.36106860637835], [38.86054592410443, 10.27799517277359], [38.83489602525931, 10.22568967754096], [38.853001836208804, 10.118001893238493], [38.668926091555605, 10.019544490447664], [38.79717558578119, 9.967238995215034], [38.791140315464695, 9.882627164691666], [38.82886075494281, 9.768785792714773], [38.90882808663641, 9.708788312889112], [38.973707242538765, 9.761093808121739], [39.068762750023616, 9.753401823528705], [39.145712446558974, 9.693404343703044], [39.249820859518564, 9.704173122133291], [39.30866474510442, 9.744171442017066], [39.36449099553204, 9.701096328296078], [39.385614441639774, 9.63033007004017], [39.35996454279466, 9.545718239516802], [39.313191197841796, 9.534949461086555], [39.314700015420925, 9.46725999666786], [39.375052718585906, 9.46725999666786], [39.43087896901351, 9.43341526445851], [39.35694690763641, 9.368802593877032], [39.293576569313174, 9.348803433935142], [39.28452366383843, 9.278037175679234], [39.233223866148194, 9.293421144865302], [39.17739761572059, 9.2703451910862], [39.18795933877446, 9.208809314341934], [39.249820859518564, 9.134966262248813], [39.32375292089567, 9.148811834516273], [39.34638518458254, 9.064200003992905], [39.29659420447143, 9.053431225562658], [39.24076795404382, 8.88882275527174], [39.24378558920206, 8.827286878527474], [39.27245312320544, 8.782673367887877], [39.27094430562631, 8.724214284980825], [39.37656153616503, 8.73036787265525], [39.37807035374415, 8.79190374939952], [39.41729961080139, 8.814979703178619], [39.44898477996301, 8.751905429515745], [39.50028457765325, 8.714983903469186], [39.55158437534348, 8.768827795620417], [39.56214609839735, 8.818056497015831], [39.61646353124584, 8.787288558643699], [39.71604549146806, 8.816518100097227], [39.74773066062967, 8.910360312132234], [39.743204207892305, 9.091891148527825], [39.817136269269405, 9.136504659167418], [39.909174141596004, 9.1318894684116], [39.91822704707075, 9.068815194748723], [39.95142103381149, 9.030355271783556], [40.03440600066334, 8.994972142655602], [40.05100299403371, 8.961127410446256], [40.01026491939735, 8.856516419981002], [40.094758703828326, 8.862670007655428], [40.170199582784555, 8.964204204283469], [40.23809637384516, 8.998048936492815], [40.245640461740784, 9.074968782423152], [40.32711661101351, 9.154965422190699], [40.40859276028624, 9.281113969516447], [40.47045428103034, 9.354957021609572], [40.52778934903708, 9.385724959981705], [40.65905647842092, 9.404185723004986], [40.693759282740785, 9.444184042888757], [40.841623405494985, 9.464183202830647], [40.889905568026975, 9.448799233644579], [40.92762600750509, 9.40572411992359], [40.858220398865356, 9.385724959981705], [40.797867695700376, 9.394955341493343], [40.812955871491624, 9.310343510969975], [40.92762600750509, 9.32265068631883], [41.013628609515195, 9.356495418528176], [41.05587550173068, 9.390340150737526], [41.14489573889903, 9.424184882946872], [41.23995124638388, 9.498027935039993], [41.30935685502361, 9.502643125795814], [41.49041496451856, 9.458029615156217], [41.54020594462967, 9.4995663319586], [41.64280554001014, 9.514950301144665], [41.654876080643135, 9.48110556893532], [41.73484341233674, 9.47187518742368], [41.77256385181485, 9.490335950446958], [41.91288388667344, 9.47187518742368], [41.98228949531317, 9.50879671347024], [42.068292097323265, 9.474951981260894], [42.15278588175424, 9.556487017947049], [42.12411834775088, 9.614946100854102], [42.20106804428623, 9.653406023819269], [42.25840311229297, 9.651867626900664], [42.33987926156569, 9.719557091319356], [42.49830510737377, 9.721095488237964], [42.6476780477071, 9.774939380389199], [42.69445139265997, 9.768785792714773], [42.73066301455896, 9.721095488237964], [42.898141765841785, 9.650329229982056], [42.93435338774077, 9.679558771435584], [42.97810909753538, 9.628791673121562], [42.969056192060634, 9.591870147075003], [42.908703488895654, 9.562640605621475], [42.88003595489229, 9.584178162481969], [42.81364798141081, 9.571870987133114], [42.78799808256569, 9.5226422857377], [42.714066021188586, 9.474951981260894], [42.64013395981148, 9.44726083672597], [42.53753436443101, 9.37341778463285], [42.55111372264313, 9.287267557190876], [42.59486943243775, 9.193425345155866], [42.634098689494984, 9.158042216027912], [42.59939588517511, 9.105736720795285], [42.64466041254886, 9.073430385504544], [42.70350429813472, 8.981126570388142], [42.864947779101044, 8.804210924748372], [42.8438243329933, 8.75805901719017], [42.837789062676805, 8.664216805155164], [42.898141765841785, 8.602680928410894], [42.911721124053905, 8.522684288643347], [42.88456240762966, 8.398074138236204], [42.76838345403707, 8.36269100910825], [42.73518946729633, 8.295001544689555], [42.70199548055559, 8.179621775794054], [42.66125740591923, 8.13039307439864], [42.615992878545484, 8.159622615852168], [42.5677107160135, 8.255003224805783], [42.529990276535386, 8.454994824224652], [42.50283156011115, 8.491916350271214], [42.32328226819532, 8.536529860910807], [42.26292956503033, 8.636525660620244], [42.21615622007748, 8.611911309922537], [42.06980091490239, 8.49345474718982], [42.02604520510778, 8.425765282771124], [42.0275540226869, 8.322692689224475], [41.94909550857243, 8.201159332654548], [41.926463244885554, 8.081164373003226], [41.91288388667344, 7.844251247537795], [41.95663959646805, 7.775023386200491], [41.867619359299695, 7.533495069979242], [41.89628689330307, 7.411961713409312], [42.19955922670711, 7.29196675375799], [42.21012094976098, 7.26427560922307], [42.204085679444475, 7.141203855734535], [42.15731233449162, 7.0519768344553455], [42.163347604808116, 7.007363323815749], [42.07583618521889, 6.887368364164427], [42.056221556690275, 6.748912641489824], [41.99888648868354, 6.641224857187357], [41.99888648868354, 6.590457758873335], [41.93702496793943, 6.553536232826776], [41.86007527140408, 6.535075469803495], [41.81933719676771, 6.570458598931449], [41.73936986507411, 6.5196915006174265], [41.689578884963, 6.428926082419633], [41.62017327632327, 6.361236618000937], [41.52813540399667, 6.464309211547587], [41.437606349249194, 6.5443058513151335], [41.3576390175556, 6.565843408175628], [41.22788070575088, 6.622764094164076], [41.13131638068691, 6.691991955501379], [41.070963677521924, 6.687376764745558], [40.900467291080844, 6.511999516024392], [40.859729216444485, 6.436618067012667], [40.856711581286234, 6.385850968698644], [40.87934384497311, 6.265856009047322], [40.86727330434011, 6.0766331880587], [40.877835027393985, 5.987406166779511], [40.87481739223573, 5.807413727302528], [40.921590737188595, 5.682803576895385], [40.83257050002024, 5.656650829279069], [40.752603168326644, 5.595114952534804], [40.6334065795758, 5.530502281953321], [40.53231580177445, 5.410507322301999], [40.17472603552193, 5.353586636313551], [40.09777633898658, 5.364355414743798], [40.03440600066334, 5.396661750034539], [39.942368128336746, 5.284358774976251], [39.907665324016875, 5.219746104394769], [39.76432765400004, 4.847454050091947], [39.743204207892305, 4.722843899684804], [39.74622184305055, 4.665923213696356], [39.56667255113473, 4.26440161794001], [39.53951383471048, 4.2351720764864815], [39.52895211165661, 4.167482612067788], [39.477652313966374, 4.039795667823432], [39.50028457765325, 3.965952615730311], [39.3991937998519, 3.7951905577649665], [39.28452366383843, 3.6228901028810174], [39.2211533255152, 3.60289094293913], [39.09290383128961, 3.533663081601828]], [[38.88016055263304, 8.918052296725268], [38.90430163389904, 9.008817714923062], [38.87563409989567, 9.081122370097578], [38.791140315464695, 9.078045576260365], [38.76549041661958, 9.098044736202251], [38.685523084925975, 9.073430385504544], [38.65987318608086, 8.985741761143963], [38.745875788090956, 8.862670007655428], [38.824334302205436, 8.841132450794934], [38.88016055263304, 8.918052296725268]], [[42.27047365292596, 9.361110609283998], [42.252367841976465, 9.384186563063096], [42.16787405754549, 9.362649006202602], [42.113556624697004, 9.371879387714245], [42.06980091490239, 9.30418992329555], [42.06074800942764, 9.225731680446607], [42.148259429016875, 9.205732520504721], [42.19805040912798, 9.219578092772181], [42.23426203102697, 9.185733360562832], [42.27198247050509, 9.21496290201636], [42.24935020681822, 9.2703451910862], [42.27047365292596, 9.361110609283998]]]}}, {"type": "Feature", "properties": {"GID_1": "ETH.9_1", "NAME_1": "Somali", "risk_level_int": 3, "sampled_mm": 17.8, "date": "2026-03-04"}, "geometry": {"type": "Polygon", "coordinates": [[[42.33987926156569, 9.719557091319356], [42.25085902439734, 9.784169761900838], [42.18597986849498, 9.77340098347059], [42.03057165784516, 9.618022894691315], [41.90684861635694, 9.679558771435584], [41.8736546296162, 9.684173962191402], [41.748422770548856, 9.601100528586642], [41.73484341233674, 9.47187518742368], [41.654876080643135, 9.48110556893532], [41.64280554001014, 9.514950301144665], [41.54020594462967, 9.4995663319586], [41.49041496451856, 9.458029615156217], [41.30935685502361, 9.502643125795814], [41.23995124638388, 9.498027935039993], [41.14489573889903, 9.424184882946872], [41.05587550173068, 9.390340150737526], [41.013628609515195, 9.356495418528176], [40.92762600750509, 9.32265068631883], [40.812955871491624, 9.310343510969975], [40.797867695700376, 9.394955341493343], [40.858220398865356, 9.385724959981705], [40.92762600750509, 9.40572411992359], [40.889905568026975, 9.448799233644579], [40.841623405494985, 9.464183202830647], [40.693759282740785, 9.444184042888757], [40.69828573547815, 9.533411064167947], [40.748076715589264, 9.651867626900664], [40.84765867581149, 9.790323349575264], [40.997031616144824, 9.928779072249867], [40.93667891297984, 10.03492845963373], [40.97439935245795, 10.15646181620366], [41.00457570404045, 10.31953188957597], [41.087560670892294, 10.601058525680994], [41.07699894783842, 10.681055165448544], [41.19016026627277, 10.796434934344045], [41.23240715848826, 10.86412439876274], [41.26861878038724, 10.957966610797747], [41.39234182187546, 10.965658595390781], [41.718246418966366, 10.964120198472177], [41.75294922328624, 10.977965770739637], [41.780107939710476, 10.957966610797747], [41.90533979877782, 10.936429053937253], [41.96720131952192, 10.913353100158155], [42.035098110582524, 10.921045084751189], [42.113556624697004, 10.970273786146603], [42.17089169270374, 10.95335142004193], [42.27047365292596, 10.979504167658241], [42.34893216704044, 10.984119358414063], [42.39419669441418, 10.968735389227994], [42.47416402610778, 11.031809662890868], [42.5797812566465, 11.053347219751362], [42.62655460159936, 11.073346379693252], [42.67483676413134, 11.037963250565298], [42.72161010908421, 11.056424013588575], [42.76083936614145, 11.007195312193161], [42.757821730983196, 10.970273786146603], [42.819683251727305, 10.956428213879143], [42.93586220531989, 10.965658595390781], [42.79705098804044, 10.791819743588224], [42.70652193329296, 10.619519288704275], [42.70501311571384, 10.574905778064682], [42.804595075936064, 10.314916698820149], [42.88305359005054, 10.185691357657188], [42.99319727332663, 10.08108036719193], [43.05204115891249, 10.002622124342988], [43.080708692915856, 9.939547850680114], [43.213484639878814, 9.871858386261419], [43.251205079356936, 9.828783272540434], [43.27534616062293, 9.701096328296078], [43.30099605946805, 9.651867626900664], [43.41566619548151, 9.476490378179498], [43.58163612918521, 9.37803297538867], [43.80343231331653, 9.198040535911687], [43.842661570373764, 9.156503819109307], [44.06144011934683, 8.985741761143963], [44.15649562683168, 8.938051456667154], [44.689108232262654, 8.75805901719017], [45.62155749616164, 8.4426876488758], [46.73506486955557, 8.070395594572979], [47.00816085137712, 7.985783764049611], [47.936083662538735, 8.011936511665922], [47.9587159262256, 8.011936511665922], [47.5287029161751, 7.562724611432767], [46.80296166061618, 6.802756533641059], [46.529865678794636, 6.5196915006174265], [46.176802365279485, 6.153553033989034], [45.897671113141435, 5.856642428697942], [45.53253725899329, 5.481273580557907], [45.00143347114144, 4.9320658806153155], [44.90336032849834, 4.91206672067343], [44.58952627204043, 4.921297102185068], [44.382818263700365, 4.936681071371137], [44.028246132606085, 4.93975786520835], [43.80644994847478, 4.89822114840597], [43.55145977760272, 4.8305316839872745], [43.397560384532014, 4.784379776429073], [43.16218484218858, 4.658231229103325], [43.03242653038387, 4.555158635556676], [43.00828544911788, 4.487469171137981], [42.9479327459529, 4.395165356021579], [42.801577440777805, 4.275170396370257], [42.772909906774444, 4.26440161794001], [42.69143375750171, 4.224403298056236], [42.436443586629665, 4.167482612067788], [42.204085679444475, 4.1613290243933605], [42.07885382037714, 4.130561086021228], [42.01397466447479, 4.0982547507304865], [41.926463244885554, 4.002874141776871], [41.90081334604044, 3.9859517756721967], [41.57792638410778, 3.9613374249744897], [41.378762463663335, 3.9567222342186703], [41.21581016511789, 3.9751829972419515], [41.17205445532327, 3.9613374249744897], [41.11321056973741, 3.987490172590805], [40.981943440353575, 4.092101163056059], [40.93667891297984, 4.149021849044507], [40.77523543201351, 4.276708793288865], [40.23055228594954, 4.0459492554978596], [40.1913230288923, 4.036718873986219], [39.86240079664314, 3.864418419102268], [39.77941582979129, 3.6859643765438914], [39.770362924316544, 3.6690420104392185], [39.57874309176772, 3.4721272048575607], [39.559128463239105, 3.4121297250318996], [39.51235511828624, 3.410591328113293], [39.498775760074125, 3.4536664418342795], [39.33280582637042, 3.465973617183133], [39.30866474510442, 3.47674239561338], [39.20002987940745, 3.4798191894505948], [39.09290383128961, 3.533663081601828], [39.2211533255152, 3.60289094293913], [39.28452366383843, 3.6228901028810174], [39.3991937998519, 3.7951905577649665], [39.50028457765325, 3.965952615730311], [39.477652313966374, 4.039795667823432], [39.52895211165661, 4.167482612067788], [39.53951383471048, 4.2351720764864815], [39.56667255113473, 4.26440161794001], [39.74622184305055, 4.665923213696356], [39.743204207892305, 4.722843899684804], [39.76432765400004, 4.847454050091947], [39.907665324016875, 5.219746104394769], [39.942368128336746, 5.284358774976251], [40.03440600066334, 5.396661750034539], [40.09777633898658, 5.364355414743798], [40.17472603552193, 5.353586636313551], [40.53231580177445, 5.410507322301999], [40.6334065795758, 5.530502281953321], [40.752603168326644, 5.595114952534804], [40.83257050002024, 5.656650829279069], [40.921590737188595, 5.682803576895385], [40.87481739223573, 5.807413727302528], [40.877835027393985, 5.987406166779511], [40.86727330434011, 6.0766331880587], [40.87934384497311, 6.265856009047322], [40.856711581286234, 6.385850968698644], [40.859729216444485, 6.436618067012667], [40.900467291080844, 6.511999516024392], [41.070963677521924, 6.687376764745558], [41.13131638068691, 6.691991955501379], [41.22788070575088, 6.622764094164076], [41.3576390175556, 6.565843408175628], [41.437606349249194, 6.5443058513151335], [41.52813540399667, 6.464309211547587], [41.62017327632327, 6.361236618000937], [41.689578884963, 6.428926082419633], [41.73936986507411, 6.5196915006174265], [41.81933719676771, 6.570458598931449], [41.86007527140408, 6.535075469803495], [41.93702496793943, 6.553536232826776], [41.99888648868354, 6.590457758873335], [41.99888648868354, 6.641224857187357], [42.056221556690275, 6.748912641489824], [42.07583618521889, 6.887368364164427], [42.163347604808116, 7.007363323815749], [42.15731233449162, 7.0519768344553455], [42.204085679444475, 7.141203855734535], [42.21012094976098, 7.26427560922307], [42.19955922670711, 7.29196675375799], [41.89628689330307, 7.411961713409312], [41.867619359299695, 7.533495069979242], [41.95663959646805, 7.775023386200491], [41.91288388667344, 7.844251247537795], [41.926463244885554, 8.081164373003226], [41.94909550857243, 8.201159332654548], [42.0275540226869, 8.322692689224475], [42.02604520510778, 8.425765282771124], [42.06980091490239, 8.49345474718982], [42.21615622007748, 8.611911309922537], [42.26292956503033, 8.636525660620244], [42.32328226819532, 8.536529860910807], [42.50283156011115, 8.491916350271214], [42.529990276535386, 8.454994824224652], [42.5677107160135, 8.255003224805783], [42.615992878545484, 8.159622615852168], [42.66125740591923, 8.13039307439864], [42.70199548055559, 8.179621775794054], [42.73518946729633, 8.295001544689555], [42.76838345403707, 8.36269100910825], [42.88456240762966, 8.398074138236204], [42.911721124053905, 8.522684288643347], [42.898141765841785, 8.602680928410894], [42.837789062676805, 8.664216805155164], [42.8438243329933, 8.75805901719017], [42.864947779101044, 8.804210924748372], [42.70350429813472, 8.981126570388142], [42.64466041254886, 9.073430385504544], [42.59939588517511, 9.105736720795285], [42.634098689494984, 9.158042216027912], [42.59486943243775, 9.193425345155866], [42.55111372264313, 9.287267557190876], [42.53753436443101, 9.37341778463285], [42.64013395981148, 9.44726083672597], [42.714066021188586, 9.474951981260894], [42.78799808256569, 9.5226422857377], [42.81364798141081, 9.571870987133114], [42.88003595489229, 9.584178162481969], [42.908703488895654, 9.562640605621475], [42.969056192060634, 9.591870147075003], [42.97810909753538, 9.628791673121562], [42.93435338774077, 9.679558771435584], [42.898141765841785, 9.650329229982056], [42.73066301455896, 9.721095488237964], [42.69445139265997, 9.768785792714773], [42.6476780477071, 9.774939380389199], [42.49830510737377, 9.721095488237964], [42.33987926156569, 9.719557091319356]]]}}, {"type": "Feature", "properties": {"GID_1": "ETH.10_1", "NAME_1": "Southern Nations, Nationalities", "risk_level_int": 2, "sampled_mm": 5.6, "date": "2026-03-04"}, "geometry": {"type": "Polygon", "coordinates": [[[36.711989691431036, 4.439778866661172], [36.616934183946185, 4.450547645091419], [36.54300212256908, 4.439778866661172], [36.396646817394, 4.439778866661172], [36.052636409353596, 4.449009248172814], [35.96512498976437, 4.512083521835688], [35.87006948227952, 4.627463290731189], [35.78557569784854, 4.7320742811964465], [35.81424323185191, 5.1043663354992646], [35.85498130648828, 5.148979846138861], [35.82329613732666, 5.255129233522723], [35.85498130648828, 5.315126713348384], [35.74031117047481, 5.368970605499619], [35.655817386043836, 5.381277780848471], [35.57886768950848, 5.41512251305782], [35.468724006232385, 5.405892131546178], [35.406862485488276, 5.359740223987977], [35.299736437370434, 5.332049079453057], [35.286157079158315, 5.375124193174045], [35.299736437370434, 5.496657549743976], [35.12622241577111, 5.6151141124766895], [35.12471359819198, 5.682803576895385], [34.990428833649894, 5.895102351663109], [34.99948173912465, 5.993559754453937], [34.95119957659266, 6.267394405965931], [34.9843935633334, 6.298162344338063], [35.10660778724249, 6.318161504279949], [35.132257686087605, 6.395081350210287], [35.20015447714821, 6.4104653193963514], [35.18506630135697, 6.490461959163902], [35.19713684198996, 6.679684780152524], [35.179031031040466, 6.727375084629333], [35.07944907081824, 6.810448518234093], [34.933093765643164, 6.796602945966633], [34.99797292154552, 6.893521951838856], [34.91197031953541, 6.9889025607924715], [34.87726751521555, 7.070437597478627], [34.898390961323294, 7.184278969455519], [34.966287752383906, 7.215046907827656], [35.053799171973125, 7.184278969455519], [35.11415187513811, 7.102743932769364], [35.20468092988558, 7.099667138932151], [35.23485728146808, 7.138127061897318], [35.299736437370434, 7.1150511081182195], [35.37970376906404, 7.122743092711254], [35.3344392416903, 7.179663778699702], [35.37215968116841, 7.2304308770137204], [35.391774309697034, 7.396577744223244], [35.3102981604243, 7.479651177828007], [35.12169596303373, 7.478112780909399], [35.17148694314484, 7.533495069979242], [35.16696049040747, 7.615030106665397], [35.115660692717235, 7.64579804503753], [35.21222501778121, 7.651951632711956], [35.222786740835076, 7.702718731025978], [35.34047451200679, 7.776561783119099], [35.35858032295629, 7.842712850619186], [35.40082721517178, 7.828867278351726], [35.43402120191252, 7.8827111705029616], [35.52002380392262, 7.895018345851813], [35.55472660824249, 7.819636896840088], [35.618096946565714, 7.815021706084266], [35.69353782552194, 7.86425040747968], [35.76143461658255, 7.8827111705029616], [35.79915505606067, 7.931939871898376], [35.72220535952531, 8.02270529009617], [35.76596106931993, 8.081164373003226], [35.86101657680477, 8.076549182247405], [35.90477228659939, 7.9457854441658355], [35.84894603617178, 7.839636056781973], [35.99681015892598, 7.7457938447469665], [36.052636409353596, 7.653490029630564], [36.033021780824974, 7.591954152886295], [36.06168931482834, 7.558109420676949], [36.156744822313186, 7.542725451490881], [36.2246416133738, 7.484266368583828], [36.34836465486201, 7.445806445618658], [36.40569972286875, 7.408884919572099], [36.48415823698322, 7.416576904165133], [36.65163698826605, 7.344272248990617], [36.79044820554551, 7.2519684338742145], [36.84023918565662, 7.325811485967336], [36.87946844271386, 7.330426676723157], [36.95490932167009, 7.261198815385857], [36.96396222714483, 7.224277289339295], [37.03940310610106, 7.239661258525363], [37.10428226200342, 7.224277289339295], [37.154073242114535, 7.2411996554439675], [37.23856702654551, 7.311965913699876], [37.33060489887211, 7.342733852072012], [37.38039587898322, 7.379655378118571], [37.40755459540746, 7.491958353176859], [37.445275034885576, 7.564263008351375], [37.40151932509096, 7.682719571084089], [37.40453696024921, 7.827328881433122], [37.43622212941083, 7.918094299630916], [37.39246641961621, 7.993475748642645], [37.490539562259315, 8.016551702421744], [37.5388217247913, 7.95347742875887], [37.60219206311453, 7.964246207189117], [37.59163034006066, 8.073472388410192], [37.62331550922227, 8.19962093573594], [37.517698278683554, 8.236542461782502], [37.47243375130982, 8.26577200323603], [37.47092493373069, 8.350383833759398], [37.51166300836706, 8.416534901259485], [37.57654216426941, 8.413458107422272], [37.611244968589276, 8.353460627596611], [37.66556240143777, 8.384228565968744], [37.704791658495004, 8.336538261491938], [37.748547368289614, 8.351922230678003], [37.86321750430308, 8.33499986457333], [37.92809666020544, 8.378074978294318], [37.98844936337042, 8.359614215271037], [38.027678620427665, 8.39038215364317], [38.0669078774849, 8.37653658137571], [38.12273412791251, 8.407304519747846], [38.180069195919245, 8.393458947480383], [38.26607179792934, 8.407304519747846], [38.31133632530308, 8.370382993701284], [38.30680987256571, 8.299616735445376], [38.347547947202074, 8.255003224805783], [38.43053291405393, 8.298078338526768], [38.468253353532035, 8.434995664282766], [38.52709723911789, 8.458071618061865], [38.61611747628625, 8.430380473526945], [38.66741727397648, 8.350383833759398], [38.65082028060611, 8.285771163177916], [38.715699436508466, 8.21962009567783], [38.682505449767724, 8.190390554224301], [38.68401426734685, 8.122701089805606], [38.63573210481486, 8.131931471317245], [38.593485212599376, 8.2596184155616], [38.54218541490914, 8.225773683352255], [38.58744994228287, 8.156545822014952], [38.58443230712463, 8.108855517538146], [38.62818801691924, 8.033474068526417], [38.549729502804766, 7.870403995154106], [38.49239443479803, 7.7950225461423805], [38.44411227226604, 7.7596394170144265], [38.41242710310443, 7.681181174165484], [38.40035656247143, 7.595030946723508], [38.42600646131655, 7.515034306955961], [38.34151267688557, 7.478112780909399], [38.30831869014483, 7.401192934979065], [38.27965115614147, 7.381193775037179], [38.26456298035022, 7.307350722944058], [38.104628316963016, 7.210431717071835], [38.07746960053878, 7.179663778699702], [38.06389024232665, 7.042746452943703], [38.116698857596006, 6.981210576199437], [38.23740426392598, 7.019670499164604], [38.25400125729635, 7.05966881904838], [38.34151267688557, 7.1642798095136335], [38.377724298784564, 7.130435077304288], [38.44260345468692, 7.127358283467071], [38.48032389416503, 7.0904367574205125], [38.546711867646515, 7.0904367574205125], [38.58292348954551, 7.1258198865484665], [38.64629382786873, 7.095051948176334], [38.69004953766335, 7.001209736141323], [38.714190618929344, 6.861215616548115], [38.64025855755224, 6.811986915152701], [38.63573210481486, 6.771988595268926], [38.70513771345459, 6.742759053815398], [38.7549286935657, 6.696607146257197], [38.81829903188894, 6.704299130850231], [38.837913660417556, 6.675069589396703], [38.94956616127277, 6.64430165102457], [38.960127884326646, 6.601226537303582], [39.06423629728624, 6.598149743466369], [39.127606635609474, 6.3443142518962645], [39.08535974339399, 6.252010436779862], [39.11251845981823, 6.176628987768133], [39.03405994570375, 6.138169064802966], [38.960127884326646, 6.15970662166346], [38.87412528231655, 6.301239138175276], [38.77152568693607, 6.399696540966104], [38.70664653103372, 6.39200455637307], [38.56632649617514, 6.43969486084988], [38.47579744142766, 6.430464479338241], [38.42751527889567, 6.385850968698644], [38.43505936679129, 6.198166544628627], [38.39432129215493, 6.181244178523954], [38.31435396046133, 6.027404486663283], [38.27965115614147, 6.005866929802792], [38.32793331867345, 5.95509983148877], [38.37470666362631, 5.942792656139915], [38.3249156835152, 5.868949604046794], [38.21477200023911, 5.893563954744501], [38.08048723569702, 6.116631507942472], [38.08652250601352, 6.161245018582068], [38.1710162904445, 6.167398606256494], [38.19817500686874, 6.205858529221661], [38.17252510802362, 6.255087230617075], [38.213263182659986, 6.3304686796288046], [38.288704061616215, 6.359698221082333], [38.29624814951184, 6.415080510152173], [38.2449483518216, 6.468924402303408], [38.1710162904445, 6.450463639280127], [38.14989284433675, 6.496615546838328], [38.05181970169366, 6.535075469803495], [38.01560807979466, 6.57507378968727], [37.968834734841806, 6.548921042070955], [37.91300848441419, 6.590457758873335], [37.870761592198704, 6.5827657742803005], [37.80739125387547, 6.501230737594145], [37.7968295308216, 6.428926082419633], [37.840585240616214, 6.37815898410561], [37.85265578124921, 6.304315932012489], [37.840585240616214, 6.248933642942649], [37.778723719872104, 6.148937843233213], [37.80437361871722, 5.993559754453937], [37.843602875774465, 6.01048212055861], [37.903955578939446, 5.961253419163196], [37.968834734841806, 5.956638228407375], [38.02013453253204, 5.7904913611978515], [38.08954014117177, 5.745877850558259], [38.07445196538052, 5.6889571645698105], [37.92960547778456, 5.616652509395298], [37.947711288734055, 5.5381942665463555], [37.935640748101065, 5.422814497650851], [37.9009379437812, 5.373585796255437], [37.9009379437812, 5.244360455092476], [37.85265578124921, 5.235130073580834], [37.810408889033724, 5.268974805790183], [37.74703855071049, 5.276666790383217], [37.70026520575763, 5.305896331836742], [37.41660750088221, 5.165902212243534], [37.34116662192598, 5.159748624569108], [37.292884459393996, 5.195131753697062], [37.21744358043777, 5.212054119801735], [37.181231958538774, 5.193593356778454], [37.08164999831655, 5.18590137218542], [36.94887405135359, 5.195131753697062], [36.893047800925984, 5.110519923173694], [36.861362631764365, 4.978217788173517], [36.86287144934349, 4.793610157940712], [36.828168645023624, 4.708998327417344], [36.647110535528675, 4.710536724335952], [36.68030452226942, 4.60438733695209], [36.65767225858255, 4.579772986254383], [36.711989691431036, 4.439778866661172]]]}}, {"type": "Feature", "properties": {"GID_1": "ETH.11_1", "NAME_1": "Tigray", "risk_level_int": 1, "sampled_mm": 5.2, "date": "2026-03-04"}, "geometry": {"type": "Polygon", "coordinates": [[[36.45096425024248, 13.768617781092185], [36.49924641277447, 13.847076023941124], [36.46303479087548, 13.971686174348267], [36.56110793351858, 14.267058382720755], [36.63654881247481, 14.307056702604527], [36.68633979258591, 14.29628792417428], [36.7466924957509, 14.317825481034774], [36.86287144934349, 14.317825481034774], [36.96848867988221, 14.287057542662641], [37.00771793693945, 14.250136016616079], [37.089194086212174, 14.26859677963936], [37.09975580926605, 14.333209450220842], [37.13445861358591, 14.405514105395355], [37.21140831012127, 14.436282043767491], [37.30797263518524, 14.442435631441917], [37.336640169188605, 14.411667693069784], [37.40302814267009, 14.471665172895445], [37.48903074468019, 14.47320356981405], [37.54938344784517, 14.44551242527913], [37.670088854175134, 14.503971508186186], [37.724406287023626, 14.623966467837509], [37.783250172609485, 14.653196009291033], [37.781741355030356, 14.734731045977188], [37.83304115272059, 14.805497304233096], [37.875288044936084, 14.79934371655867], [37.94016720083843, 14.845495624116872], [37.97034355242093, 14.830111654930803], [38.01862571495292, 14.736269442895797], [38.14989284433675, 14.674733566151527], [38.24947480455897, 14.676271963070135], [38.26456298035022, 14.614736086325866], [38.362636122993315, 14.48704914208151], [38.421480008579174, 14.463973188302411], [38.4471299074243, 14.410129296151176], [38.61611747628625, 14.433205249930278], [38.70362889587547, 14.46551158522102], [38.794157950622946, 14.463973188302411], [38.848475383471424, 14.496279523593152], [38.90430163389904, 14.500894714348973], [38.975216060117894, 14.540893034232745], [39.02349822264988, 14.631658452430543], [39.097430284026984, 14.633196849349147], [39.20002987940745, 14.611659292488653], [39.2271885958317, 14.568584178767665], [39.2211533255152, 14.453204409872164], [39.249820859518564, 14.391668533127895], [39.3011206572088, 14.411667693069784], [39.313191197841796, 14.47935715748848], [39.36449099553204, 14.53473944655832], [39.49274048975762, 14.508586698942004], [39.477652313966374, 14.60396730789562], [39.50330221281149, 14.676271963070135], [39.575725456609476, 14.67011837539571], [39.63155170703708, 14.605505704814227], [39.71001022115156, 14.551661812662992], [39.76734528915829, 14.540893034232745], [39.79299518800342, 14.500894714348973], [39.87296251969701, 14.462434791383803], [39.924262317387246, 14.414744486906997], [39.98461502055223, 14.43166685301167], [39.99065029086873, 14.382438151616256], [39.94991221623236, 14.360900594755762], [39.8533478911684, 14.367054182430188], [39.800539275899034, 14.387053342372077], [39.758292383683546, 14.277827161151002], [39.69341322778119, 14.24090563510444], [39.681342687148195, 14.163985789174106], [39.76734528915829, 14.139371438476399], [39.83825971537715, 14.154755407662464], [39.84429498569365, 14.05014441719721], [39.88654187790914, 14.011684494232043], [39.833733262639775, 13.917842282197032], [39.833733262639775, 13.820923276324812], [39.874471337276134, 13.750157018068904], [39.863909614222266, 13.548627021731427], [39.74471302547143, 13.570164578591921], [39.71906312662631, 13.47632236655691], [39.743204207892305, 13.38863374219633], [39.71906312662631, 13.294791530161323], [39.78545110010779, 13.262485194870582], [39.833733262639775, 13.088646343068024], [39.86240079664314, 13.019418481730721], [39.85938316148489, 12.970189780335307], [39.90464768885863, 12.922499475858501], [39.97857975023574, 12.791735737776932], [39.89861241854213, 12.762506196323404], [39.83976853295627, 12.71327749492799], [39.80657454621553, 12.59635932911388], [39.863909614222266, 12.531746658532398], [39.880506607592636, 12.484056354055593], [39.815627451690276, 12.407136508125259], [39.817136269269405, 12.324063074520495], [39.7613100188418, 12.302525517660001], [39.63155170703708, 12.307140708415822], [39.60439299061284, 12.27021918236926], [39.542531469868734, 12.265603991613443], [39.52291684134011, 12.327139868357708], [39.45502005027951, 12.325601471439104], [39.418808428380515, 12.296371929985575], [39.29055893415493, 12.296371929985575], [39.24529440678119, 12.353292615974024], [39.236241501306445, 12.473287575625346], [39.174379980562335, 12.64404963359069], [39.27999721110106, 12.688663144230283], [39.26792667046806, 12.771736577835043], [39.2769795759428, 12.825580469986278], [39.25887376499331, 12.914807491265467], [39.16381825750847, 12.948652223474813], [39.082342108235736, 12.95942100190506], [39.00086595896301, 13.004034512544656], [38.978233695276145, 13.099415121498271], [39.0431128511785, 13.15633580748672], [38.9510749788519, 13.237870844172875], [38.86356355926267, 13.210179699637951], [38.729278794720585, 13.268638782545008], [38.74134933535358, 13.339405040800916], [38.70513771345459, 13.38863374219633], [38.622152746602744, 13.411709695975429], [38.59046757744113, 13.505551908010439], [38.512009063326644, 13.473245572719698], [38.4969208875354, 13.507090304929047], [38.55425595554213, 13.550165418650032], [38.46523571837379, 13.567087784754708], [38.40639183278793, 13.539396640219785], [38.359618487835064, 13.553242212487245], [38.32038923077783, 13.502475114173226], [38.14536639159938, 13.471707175801093], [38.115190040016884, 13.494783129580192], [38.05936378958928, 13.467091985045272], [38.00806399189904, 13.500936717254618], [37.903955578939446, 13.447092825103383], [37.86623513946133, 13.474783969638306], [37.81644415935022, 13.46247679428945], [37.8089000714546, 13.519397480277899], [37.76967081439736, 13.562472593998887], [37.72742392218187, 13.564010990917492], [37.69422993544113, 13.471707175801093], [37.63689486743439, 13.413248092894037], [37.517698278683554, 13.367096185335836], [37.365307703191974, 13.359404200742802], [37.321551993397364, 13.297868323998536], [37.18575841127615, 13.282484354812468], [37.03940310610106, 13.351712216149767], [36.905118341558975, 13.38863374219633], [36.83722155049837, 13.44401603126617], [36.7346219551179, 13.362480994580014], [36.60939009605056, 13.37478816992887], [36.570160838993324, 13.425555268242892], [36.57921374446807, 13.482475954231337], [36.481140601824976, 13.734773048882836], [36.45096425024248, 13.768617781092185]]]}}, {"type": "Feature", "properties": {"GID_1": "KEN.1_1", "NAME_1": "Baringo", "risk_level_int": 5, "sampled_mm": 57.1, "date": "2026-03-04"}, "geometry": {"type": "Polygon", "coordinates": [[[35.64072921025259, -0.053878532588989], [35.58339414224585, -0.0015730373563620503], [35.52304143908087, 0.019964519504132028], [35.57283241919198, 0.07073161781815429], [35.587920594983224, 0.17380421136480173], [35.669396744255955, 0.17380421136480173], [35.72220535952531, 0.2168793250857899], [35.70862600131319, 0.2676464233998104], [35.72069654194619, 0.35995023851621255], [35.68146728488895, 0.37687260462088545], [35.64676448056908, 0.46763802281868116], [35.60149995319534, 0.5384042810745893], [35.604517588353595, 0.6753216068305861], [35.64223802783171, 0.8445452678773222], [35.62413221688222, 0.8660828247378163], [35.64374684541083, 1.0245377073543054], [35.70560836615494, 1.142994270087021], [35.696555460680194, 1.3245251064826125], [35.70711718373407, 1.442981669215328], [35.77350515721555, 1.5568230411922226], [35.78557569784854, 1.6598956347388718], [36.096392119148206, 1.1706854146219428], [36.17334181568356, 1.1753006053777622], [36.3166794857004, 0.995308165900779], [36.389102729498376, 0.9491562583425779], [36.39362918223575, 0.9168499230518368], [36.49019350729972, 0.8522372524703563], [36.40569972286875, 0.7245503082260001], [36.34685583728289, 0.6660912253189455], [36.277450228643154, 0.6368616838654173], [36.294047222013525, 0.5707106163653304], [36.22916806611117, 0.42610130601630125], [36.25783560011454, 0.3830261922953131], [36.23067688369029, 0.33995107857432494], [36.297064857171776, 0.24303207270210336], [36.253309147377166, 0.1876497836322617], [36.19899171452868, 0.20457214973693638], [36.14769191683844, 0.1907265774694764], [36.11298911251858, 0.010734137992491455], [36.09337448398996, -0.006188228112181449], [36.00737188197986, 0.03534848869020024], [35.97870434797649, 0.01842612258552556], [35.91684282723239, -0.07695448636808955], [35.87761357017514, -0.029264181891281993], [35.771996339636424, -0.1877190645077711], [35.729749447420936, -0.15079753846121058], [35.68901137278458, -0.06772410485644897], [35.64072921025259, -0.053878532588989]]]}}, {"type": "Feature", "properties": {"GID_1": "KEN.2_1", "NAME_1": "Bomet", "risk_level_int": 5, "sampled_mm": 63.5, "date": "2026-03-04"}, "geometry": {"type": "Polygon", "coordinates": [[[35.01306109733677, -0.884612868636605], [35.09151961145124, -0.796924244276024], [35.04776390165663, -0.7030820322410154], [35.071904982922625, -0.687698063054949], [35.05983444228963, -0.6169318047990409], [35.12169596303373, -0.6584685216014208], [35.179031031040466, -0.6476997431711737], [35.22882201115158, -0.6092398202060068], [35.18204866619872, -0.48001447904304406], [35.23334846388895, -0.41694020538017007], [35.314824613161676, -0.4154018084615636], [35.283139444000064, -0.4861680667174699], [35.31180697800343, -0.5061672266593575], [35.4264771140169, -0.45078493758951765], [35.47325045896976, -0.395402648519676], [35.587920594983224, -0.5830870725896933], [35.39630076243441, -0.6384693616595332], [35.4264771140169, -0.7153892075898689], [35.47928572928626, -0.7569259243922488], [35.547182520346865, -0.7830786720085641], [35.48079454686538, -0.8338457703225846], [35.39780958001353, -0.9523023330553002], [35.237874916626325, -1.0276837820670277], [35.08246670597649, -0.8999968378226715], [35.01306109733677, -0.884612868636605]]]}}, {"type": "Feature", "properties": {"GID_1": "KEN.3_1", "NAME_1": "Bungoma", "risk_level_int": 5, "sampled_mm": 46.4, "date": "2026-03-04"}, "geometry": {"type": "Polygon", "coordinates": [[[35.11415187513811, 0.8876203815983104], [35.1443282267206, 0.8322380925284687], [35.15488994977447, 0.6799367975864055], [35.08699315871387, 0.6337848900282044], [35.00099055670377, 0.643015271539845], [34.91951440743104, 0.5968633639816439], [34.89084687342768, 0.6122473331677103], [34.841055893316565, 0.6553224468886985], [34.7203504869866, 0.5122515334582758], [34.66905068929636, 0.46763802281868116], [34.531748289596024, 0.44763886287679355], [34.4623426809563, 0.4737916104931088], [34.39142825473744, 0.47225321357450056], [34.40651643052868, 0.5168667242140952], [34.367287173471446, 0.5660954256095092], [34.382375349262695, 0.6460920653770579], [34.41707815358256, 0.664552828400339], [34.40500761294956, 0.7260887051446065], [34.36276072073407, 0.77993259729584], [34.44574568758593, 0.8645444278192098], [34.48044849190579, 0.9399258768309373], [34.503080755592656, 1.0706896149125065], [34.533257107175146, 1.1060727440404605], [34.581539269707136, 1.1506862546800551], [34.63133024981825, 1.0983807594474264], [34.73694748035697, 0.946079464505365], [34.78673846046808, 0.8968507631099492], [34.81087954173407, 0.8260845048540411], [34.871232244899055, 0.8306996956098622], [34.94214667111791, 0.8753132062494569], [35.040219813761006, 0.9060811446215897], [35.11415187513811, 0.8876203815983104]]]}}, {"type": "Feature", "properties": {"GID_1": "KEN.4_1", "NAME_1": "Busia", "risk_level_int": 5, "sampled_mm": 43.2, "date": "2026-03-04"}, "geometry": {"type": "Polygon", "coordinates": [[[33.94934470405394, -0.023110594216854352], [33.9101154469967, 0.10611474694610834], [34.00366213690242, 0.2368784850276775], [34.10777054986202, 0.3691806200278531], [34.0881559213334, 0.4568692443884341], [34.119841090495015, 0.4830219920047476], [34.13794690144451, 0.5860945855513968], [34.19980842218862, 0.6276313023537785], [34.276758118723976, 0.6460920653770579], [34.31296974062296, 0.7014743544468995], [34.29637274725259, 0.7583950404353477], [34.36276072073407, 0.77993259729584], [34.40500761294956, 0.7260887051446065], [34.41707815358256, 0.664552828400339], [34.382375349262695, 0.6460920653770579], [34.367287173471446, 0.5660954256095092], [34.40651643052868, 0.5168667242140952], [34.39142825473744, 0.47225321357450056], [34.34314609220545, 0.43071649677212065], [34.42311342389905, 0.375334207702279], [34.37332244378794, 0.312259934039405], [34.2661963956701, 0.312259934039405], [34.11682345533677, 0.2461088665393163], [34.11229700259939, 0.1538050514229159], [34.07155892796303, 0.12457550996938771], [34.04138257638054, 0.00458055031806559], [34.012715042377174, -0.023110594216854352], [33.94934470405394, -0.023110594216854352]]]}}, {"type": "Feature", "properties": {"GID_1": "KEN.5_1", "NAME_1": "Elgeyo-Marakwet", "risk_level_int": 5, "sampled_mm": 49.5, "date": "2026-03-04"}, "geometry": {"type": "Polygon", "coordinates": [[[35.35858032295629, 0.9506946552611844], [35.313315795582554, 1.04146007345898], [35.2424013693637, 1.079919996424147], [35.15187231461623, 1.2045301468312886], [35.32538633621555, 1.1245335070637417], [35.38272140422228, 1.05530564572644], [35.39931839759265, 0.9891545782263513], [35.47475927654888, 1.0322296919473395], [35.44760056012464, 1.0691512179939], [35.47325045896976, 1.1445326670056275], [35.423459478858646, 1.192222971482435], [35.544164885188614, 1.2906803742732649], [35.606026405932724, 1.2829883896802308], [35.696555460680194, 1.3245251064826125], [35.70560836615494, 1.142994270087021], [35.64374684541083, 1.0245377073543054], [35.62413221688222, 0.8660828247378163], [35.64223802783171, 0.8445452678773222], [35.604517588353595, 0.6753216068305861], [35.60149995319534, 0.5384042810745893], [35.64676448056908, 0.46763802281868116], [35.68146728488895, 0.37687260462088545], [35.72069654194619, 0.35995023851621255], [35.70862600131319, 0.2676464233998104], [35.72220535952531, 0.2168793250857899], [35.669396744255955, 0.17380421136480173], [35.587920594983224, 0.17380421136480173], [35.512479716027, 0.19380337130668934], [35.485320999602756, 0.25533924805095687], [35.50946208086875, 0.3199519186324391], [35.468724006232385, 0.375334207702279], [35.46117991833676, 0.45994603822564706], [35.48079454686538, 0.5953249670630374], [35.41138893822565, 0.7060895452027189], [35.50493562813138, 0.7076279421213254], [35.498900357814875, 0.8260845048540411], [35.468724006232385, 0.9060811446215897], [35.4204418437004, 0.9430026706681502], [35.35858032295629, 0.9506946552611844]]]}}, {"type": "Feature", "properties": {"GID_1": "KEN.6_1", "NAME_1": "Embu", "risk_level_int": 5, "sampled_mm": 82.4, "date": "2026-03-04"}, "geometry": {"type": "Polygon", "coordinates": [[[37.26723456054888, -0.7846170689271705], [37.26723456054888, -0.7815402750899558], [37.26723456054888, -0.7815402750899558], [37.31551672308086, -0.74769554288061], [37.34720189224248, -0.772309893578317], [37.47846902162632, -0.7138508106712624], [37.487521927101064, -0.6138550109618262], [37.47243375130982, -0.5553959280547716], [37.425660406356954, -0.5030904328221446], [37.42415158877783, -0.4154018084615636], [37.30797263518524, -0.14618234770539118], [37.31249908792262, -0.15079753846121058], [37.321551993397364, -0.15848952305424469], [37.32456962855561, -0.16002791997285115], [37.553909900582546, -0.356942725554509], [37.72893273976099, -0.45078493758951765], [37.78475899018861, -0.44770814375230295], [37.86623513946133, -0.3830954731708225], [37.935640748101065, -0.4277089838104171], [37.88434095041083, -0.5277047835198516], [37.8828321328317, -0.5830870725896933], [37.91602611957244, -0.7292347798573289], [37.870761592198704, -0.810769816543484], [37.84511169335359, -0.810769816543484], [37.75760027376436, -0.8230769918923375], [37.74251209797312, -0.7784634812527429], [37.68366821238726, -0.7938474504388093], [37.659527131121266, -0.8476913425900445], [37.49657483257581, -0.9030736316598862], [37.473942568888944, -0.8753824871249645], [37.32758726371386, -0.8415377549156187], [37.26723456054888, -0.7846170689271705]]]}}, {"type": "Feature", "properties": {"GID_1": "KEN.7_1", "NAME_1": "Garissa", "risk_level_int": 3, "sampled_mm": 22.6, "date": "2026-03-04"}, "geometry": {"type": "Polygon", "coordinates": [[[41.57490874894953, -1.6430425495097065], [41.562838208316535, -1.6584265186957747], [40.89292320318523, -1.7168856016028275], [40.508174720508464, -1.9030316287542384], [40.21244647500004, -2.039948954510235], [40.188305393734055, -1.964567505498506], [40.188305393734055, -1.8614949119518585], [40.16567313004718, -1.8261117828239044], [40.170199582784555, -1.7184239985214358], [40.14756731909769, -1.5876602604398666], [40.09023225109095, -1.483049269974611], [40.04949417645459, -1.3045952274162342], [40.04044127097984, -1.2030610307881915], [39.93482404044112, -1.0030694313693207], [39.90464768885863, -0.898458440904065], [39.90163005370038, -0.8338457703225846], [39.80959218137379, -0.5815486756710868], [39.69341322778119, -0.49386005131050403], [39.63306052461621, -0.49232165439189757], [39.62702525429971, -0.31848280258934025], [39.53196974681486, -0.21848700287990575], [39.44747596238388, -0.1492591415426041], [39.40372025258927, -0.14156715694957], [39.32978819121217, -0.09080005863554952], [39.190976973932706, -0.08926166171694305], [39.13967717624247, -0.06618570793784251], [39.086868560973116, -0.006188228112181449], [38.96767197222227, -0.013880212705215556], [38.93749562063978, -0.043109754158741964], [38.83338720768018, -0.049263341833169605], [38.74889342324921, -0.027725784972675527], [38.73078761229971, 0.11842192229496185], [38.75794632872395, 0.18457298979504877], [38.67647017945123, 0.4953291673536011], [38.76549041661958, 0.5137899303768823], [38.824334302205436, 0.5814793947955774], [38.901283998740794, 0.5968633639816439], [38.93598680306066, 0.6245545085165638], [39.00991886443776, 0.6245545085165638], [39.0551833918115, 0.6860903852608331], [39.142694811400716, 0.6907055760166525], [39.237750318885574, 0.8445452678773222], [39.313191197841796, 0.9245419076448709], [39.462564138175125, 0.9937697689821725], [39.494249307336744, 0.9583866398542185], [39.56365491597648, 0.755318246598133], [39.6451310652492, 0.6568608438073049], [39.7311336672593, 0.5260971057257358], [39.800539275899034, 0.48456038892335584], [40.0132825545556, 0.399948558399986], [40.05854708192933, 0.39379497072556013], [40.17623485310105, 0.31533672787661793], [40.23809637384516, 0.2538008511323504], [40.32711661101351, 0.20457214973693638], [40.40557512512799, 0.1830345928764423], [40.508174720508464, 0.19380337130668934], [40.524771713878835, 0.22303291276021575], [40.64698593778792, 0.23072489735324986], [40.70884745853203, 0.30918314020219206], [40.75712962106401, 0.3461046662487526], [40.841623405494985, 0.3707190169464596], [40.98797871067008, 0.4614844351442553], [40.998540433723946, 0.40610214607441364], [40.9894875282492, 0.23534008810906926], [40.98797871067008, 0.013810931829706163], [41.00004925130307, -3.464043775380787e-05], [40.998540433723946, -0.5415503557873116], [41.00457570404045, -0.8230769918923375], [41.11471938731654, -0.9784550806716137], [41.365183105451216, -1.299980036660413], [41.49343259967681, -1.4815108730560045], [41.57792638410778, -1.584583466602652], [41.57490874894953, -1.6430425495097065]]]}}, {"type": "Feature", "properties": {"GID_1": "KEN.8_1", "NAME_1": "Homa Bay", "risk_level_int": 5, "sampled_mm": 49.8, "date": "2026-03-04"}, "geometry": {"type": "Polygon", "coordinates": [[[33.935765345841816, -0.8015394350318434], [33.9282212579462, -0.5369351650314922], [33.95537997437044, -0.33386677177540847], [34.24054649682498, -0.33386677177540847], [34.26770521324923, -0.40463303003131657], [34.31900501093946, -0.41694020538017007], [34.42160460631993, -0.33078997793819376], [34.48346612706404, -0.2954068488102397], [34.5302394720169, -0.2661773073567133], [34.705262311195355, -0.25233173508925333], [34.7882472780472, -0.3200211995079467], [34.824458899946194, -0.3830954731708225], [34.95874366448828, -0.41078661770574243], [35.010043462178515, -0.3861722670080354], [35.01909636765326, -0.40617142694992303], [34.85916170426606, -0.4984752420663252], [34.749018020989965, -0.5538575311361651], [34.71129758151185, -0.5538575311361651], [34.65848896624249, -0.5984710417757597], [34.63736552013474, -0.6569301246828143], [34.59059217518188, -0.6446229493339608], [34.533257107175146, -0.7015436353224089], [34.48648376222229, -0.7800018781713494], [34.46385149853542, -0.8584601210202916], [34.395954707474814, -0.8138466103806969], [34.320513828518585, -0.8615369148575045], [34.257143490195354, -0.8169234042179099], [34.198299604609495, -0.7384651613689694], [34.07910301585865, -0.8015394350318434], [33.935765345841816, -0.8015394350318434]]]}}, {"type": "Feature", "properties": {"GID_1": "KEN.9_1", "NAME_1": "Isiolo", "risk_level_int": 4, "sampled_mm": 35.3, "date": "2026-03-04"}, "geometry": {"type": "Polygon", "coordinates": [[[37.37436060866672, 0.27226161415563155], [37.39095760203709, 0.361488635434819], [37.353237162558976, 0.41379413066744775], [37.351728344979854, 0.5153283272954887], [36.86739790208087, 0.5707106163653304], [36.926241787666726, 0.6753216068305861], [36.9307682404041, 0.7476262620051006], [36.966979862303084, 0.7476262620051006], [37.09975580926605, 0.7922397726446953], [37.16614378274753, 0.7476262620051006], [37.28835800665662, 0.741472674330673], [37.351728344979854, 0.6245545085165638], [37.38944878445797, 0.5784026009583627], [37.47092493373069, 0.5937865701444309], [37.51618946110443, 0.5722490132839368], [37.582577434585914, 0.579940997876971], [37.639912502592644, 0.6260929054351703], [37.74402091555224, 0.678398400667799], [37.83304115272059, 0.6845519883422249], [37.8888674031482, 0.7445494681678877], [37.91300848441419, 0.7183967205515724], [38.012590444636416, 0.8091621387493682], [38.04729324895628, 0.8091621387493682], [38.03220507316503, 1.0891503779357876], [37.949220106313184, 1.1983765591568627], [37.94620247115493, 1.2629892297383432], [38.34151267688557, 1.5783605980527167], [38.38526838668018, 1.7614298313669128], [38.806228491255936, 2.006034941425378], [38.961636701905775, 2.099877153460387], [38.994830688646516, 2.006034941425378], [39.05970984454887, 1.927576698576436], [39.11855373013473, 1.886039981774056], [39.203047514565704, 1.71681632072732], [39.27094430562631, 1.6891251761923982], [39.341858731845164, 1.6398964747969842], [39.37656153616503, 1.5875909795643572], [39.44144069206739, 1.536823881250335], [39.2769795759428, 1.473749607587461], [39.462564138175125, 0.9937697689821725], [39.313191197841796, 0.9245419076448709], [39.237750318885574, 0.8445452678773222], [39.142694811400716, 0.6907055760166525], [39.0551833918115, 0.6860903852608331], [39.00991886443776, 0.6245545085165638], [38.93598680306066, 0.6245545085165638], [38.901283998740794, 0.5968633639816439], [38.824334302205436, 0.5814793947955774], [38.76549041661958, 0.5137899303768823], [38.67647017945123, 0.4953291673536011], [38.75794632872395, 0.18457298979504877], [38.73078761229971, 0.11842192229496185], [38.74889342324921, -0.027725784972675527], [38.75794632872395, -0.07387769253087662], [38.63573210481486, -0.053878532588989], [38.548220685225644, -0.02003380037964142], [38.51955315122227, -0.06310891410062958], [38.457691630478166, -0.08618486787973012], [38.4169535558418, -0.06772410485644897], [38.40186538005055, -0.016957006542428488], [38.35660085267682, 0.019964519504132028], [38.29624814951184, 0.15995863909734176], [38.192139736552235, 0.2338016911904628], [38.177051560760994, 0.33072069706268614], [38.06238142474753, 0.6707064160747649], [37.827005882404094, 0.5630186317722963], [37.58710388732329, 0.47994519816753467], [37.581068617006785, 0.43071649677212065], [37.60520969827278, 0.3537966508417849], [37.55541871816167, 0.3291823001440779], [37.53580408963305, 0.26456962956259744], [37.430186859094334, 0.298414361771945], [37.37436060866672, 0.27226161415563155]]]}}, {"type": "Feature", "properties": {"GID_1": "KEN.10_1", "NAME_1": "Kajiado", "risk_level_int": 5, "sampled_mm": 87.6, "date": "2026-03-04"}, "geometry": {"type": "Polygon", "coordinates": [[[37.689703482703756, -3.1752858804419777], [37.673106489333385, -3.067598096139509], [37.62029787406403, -3.0260613793371274], [37.430186859094334, -2.909143213523018], [36.7587630363839, -2.532235968464377], [36.497737595195346, -2.387626658115348], [36.25180032979804, -2.2660933015454194], [36.203518167266054, -2.2276333785802525], [35.99681015892598, -2.103023228173109], [36.02698651050848, -2.081485671312615], [36.04810995661622, -1.835342164335545], [36.0284953280876, -1.8045742259634103], [36.046601139037094, -1.6491961371841342], [36.08583039609434, -1.570737894335192], [36.049618774195345, -1.4861260638118239], [36.34836465486201, -1.169216298578844], [36.33629411422901, -1.0415293543344877], [36.493211142457966, -1.1153724064276105], [36.53696685225258, -1.149217138636958], [36.49019350729972, -1.264596907532459], [36.67426925195292, -1.3015184335790195], [36.68784861016504, -1.2769040828813125], [36.663707528899046, -1.3169024027650877], [36.74820131333002, -1.3830534702651747], [36.814589286811504, -1.3799766764279617], [36.89003016576773, -1.4122830117187029], [36.921715334929345, -1.4568965223582975], [36.97754158535696, -1.4753572853815768], [36.97905040293608, -1.553815528230519], [37.11182634989905, -1.7338079677075022], [37.15709087727278, -1.7768830814284904], [37.154073242114535, -1.8861092626495655], [37.19330249917177, -1.933799567126373], [37.23705820896639, -1.9353379640449795], [37.279305101181876, -1.9922586500334276], [37.381904696562344, -2.0230265884055605], [37.45432794036032, -2.0737936867195828], [37.534295272053924, -2.106100022010322], [37.594647975218905, -2.1537903264871296], [37.70026520575763, -2.166097501835983], [37.66405358385864, -2.2907076522431264], [37.596156792798034, -2.3122452091036205], [37.84963814609096, -2.6045406236388935], [37.93714956568019, -2.7706874908484167], [37.91753493715157, -2.8691448936392447], [37.8949026734647, -2.8860672597439176], [37.85265578124921, -3.179901071197797], [37.810408889033724, -3.1675938958489436], [37.689703482703756, -3.1752858804419777]]]}}, {"type": "Feature", "properties": {"GID_1": "KEN.11_1", "NAME_1": "Kakamega", "risk_level_int": 5, "sampled_mm": 46.2, "date": "2026-03-04"}, "geometry": {"type": "Polygon", "coordinates": [[[34.5543805532829, 0.09380757159725484], [34.54532764780815, 0.14303627299266886], [34.47441322158929, 0.1076531438647148], [34.46686913369367, 0.16149703601594823], [34.41406051842431, 0.20457214973693638], [34.37332244378794, 0.312259934039405], [34.42311342389905, 0.375334207702279], [34.34314609220545, 0.43071649677212065], [34.39142825473744, 0.47225321357450056], [34.4623426809563, 0.4737916104931088], [34.531748289596024, 0.44763886287679355], [34.66905068929636, 0.46763802281868116], [34.7203504869866, 0.5122515334582758], [34.841055893316565, 0.6553224468886985], [34.89084687342768, 0.6122473331677103], [34.85161761637043, 0.5522498533420492], [34.90744386679805, 0.5091747396210629], [34.95723484690915, 0.4199477183418736], [34.94214667111791, 0.32764390322547143], [34.976849475437774, 0.25226245421374394], [34.91951440743104, 0.18611138671365524], [34.89386450858592, 0.2122641343299705], [34.80333545383845, 0.16765062369037587], [34.705262311195355, 0.13688268531824122], [34.58606572244451, 0.11996031921356831], [34.5543805532829, 0.09380757159725484]]]}}, {"type": "Feature", "properties": {"GID_1": "KEN.12_1", "NAME_1": "Kericho", "risk_level_int": 5, "sampled_mm": 64.4, "date": "2026-03-04"}, "geometry": {"type": "Polygon", "coordinates": [[[35.05983444228963, -0.6169318047990409], [35.01909636765326, -0.40617142694992303], [35.010043462178515, -0.3861722670080354], [35.00551700944114, -0.3323283748568002], [35.0462550840775, -0.29694524572884795], [35.071904982922625, -0.2031030336938393], [35.12773123335023, -0.15079753846121058], [35.19713684198996, -0.15695112613563822], [35.27257772094619, -0.23233257514736572], [35.343492147165044, -0.23233257514736572], [35.33142160653205, -0.1707966984030982], [35.29671880221218, -0.1707966984030982], [35.22580437599333, -0.10003044014719009], [35.30728052526605, -0.08003128020530248], [35.37215968116841, -0.10310723398440302], [35.423459478858646, -0.07233929561227015], [35.40384485033003, -0.016957006542428488], [35.435530019491644, 0.030733297934379067], [35.52304143908087, 0.019964519504132028], [35.58339414224585, -0.0015730373563620503], [35.64072921025259, -0.053878532588989], [35.59697350045798, -0.12310639392629064], [35.67090556183508, -0.15848952305424469], [35.649782115727334, -0.26002371968228566], [35.61960576414484, -0.28925326113581384], [35.529076709397366, -0.2538701320078598], [35.4144065733839, -0.29694524572884795], [35.47325045896976, -0.395402648519676], [35.4264771140169, -0.45078493758951765], [35.31180697800343, -0.5061672266593575], [35.283139444000064, -0.4861680667174699], [35.314824613161676, -0.4154018084615636], [35.23334846388895, -0.41694020538017007], [35.18204866619872, -0.48001447904304406], [35.22882201115158, -0.6092398202060068], [35.179031031040466, -0.6476997431711737], [35.12169596303373, -0.6584685216014208], [35.05983444228963, -0.6169318047990409]]]}}, {"type": "Feature", "properties": {"GID_1": "KEN.13_1", "NAME_1": "Kiambu", "risk_level_int": 5, "sampled_mm": 91.6, "date": "2026-03-04"}, "geometry": {"type": "Polygon", "coordinates": [[[36.53696685225258, -1.149217138636958], [36.59128428510107, -1.0584517204391624], [36.59731955541757, -0.9892238591018607], [36.555072663202075, -0.9153808070087397], [36.62146063668356, -0.821538594973731], [36.68784861016504, -0.7584643213108571], [36.722551414484904, -0.800001038113237], [36.893047800925984, -0.9061504254970991], [37.05147364673406, -1.0276837820670277], [37.154073242114535, -1.0476829420089153], [37.26421692539063, -1.0122998128809613], [37.36229006803372, -1.0892196588112952], [37.41962513604046, -1.0307605759042424], [37.3426754395051, -1.116910803346217], [37.29741091213137, -1.0707588957880159], [37.21291712770039, -1.0769124834624417], [37.17519668822228, -1.113834009509004], [37.181231958538774, -1.166139504741631], [37.151055606956284, -1.223060190730079], [37.10126462684517, -1.2599817167766396], [37.062035369787935, -1.2030610307881915], [36.99564739630645, -1.2307521753231114], [36.9307682404041, -1.2199833968928662], [36.939821145878845, -1.176908283171878], [36.832695097761, -1.212291412299832], [36.79044820554551, -1.1892154585207315], [36.68784861016504, -1.2769040828813125], [36.67426925195292, -1.3015184335790195], [36.49019350729972, -1.264596907532459], [36.53696685225258, -1.149217138636958]]]}}, {"type": "Feature", "properties": {"GID_1": "KEN.14_1", "NAME_1": "Kilifi", "risk_level_int": 5, "sampled_mm": 46.1, "date": "2026-03-04"}, "geometry": {"type": "Polygon", "coordinates": [[[39.75678356610442, -3.9567915150941797], [39.69039559262294, -3.922946782884832], [39.56818136871385, -3.9906362473035264], [39.467090590912505, -3.8598725092219572], [39.37957917132328, -3.806028617070723], [39.39466734711452, -3.7521847249194886], [39.34940281974079, -3.70449442044268], [39.34789400216167, -3.598345033058818], [39.31771765057917, -3.5645003008494722], [39.086868560973116, -3.5691154916052916], [39.219644507936074, -3.0691364930581155], [39.50481103039062, -2.747611537069316], [39.892577148225634, -2.3091684152664076], [40.186796576154926, -2.7276123771274285], [40.183778940996675, -2.8291465737554695], [40.16416431246806, -2.93683435805794], [40.21244647500004, -3.002985425558027], [40.171708400363684, -3.0475989361976215], [40.16416431246806, -3.1322107667209895], [40.12191742025257, -3.1983618342210782], [40.13247914330644, -3.2552825202095264], [40.112864514777826, -3.2983576339305127], [39.97707093265661, -3.390661449046915], [39.863909614222266, -3.6429585436984127], [39.86994488453877, -3.6983408327682543], [39.830715627481524, -3.8229509831753967], [39.77488937705392, -3.942945942826719], [39.75678356610442, -3.9567915150941797]]]}}, {"type": "Feature", "properties": {"GID_1": "KEN.15_1", "NAME_1": "Kirinyaga", "risk_level_int": 5, "sampled_mm": 85.1, "date": "2026-03-04"}, "geometry": {"type": "Polygon", "coordinates": [[[37.26723456054888, -0.7846170689271705], [37.23404057380814, -0.6615453154386337], [37.16916141790578, -0.6307773770665008], [37.14502033663979, -0.5230895927640322], [37.170670235484906, -0.5046288297407511], [37.30797263518524, -0.14618234770539118], [37.42415158877783, -0.4154018084615636], [37.425660406356954, -0.5030904328221446], [37.47243375130982, -0.5553959280547716], [37.487521927101064, -0.6138550109618262], [37.47846902162632, -0.7138508106712624], [37.34720189224248, -0.772309893578317], [37.31551672308086, -0.74769554288061], [37.26723456054888, -0.7815402750899558], [37.26723456054888, -0.7815402750899558], [37.26723456054888, -0.7846170689271705]]]}}, {"type": "Feature", "properties": {"GID_1": "KEN.16_1", "NAME_1": "Kisii", "risk_level_int": 5, "sampled_mm": 54.0, "date": "2026-03-04"}, "geometry": {"type": "Polygon", "coordinates": [[[35.01306109733677, -0.884612868636605], [34.67810359477111, -0.9676863022413666], [34.641891972872116, -0.9630711114855472], [34.610206803710504, -0.8523065333458639], [34.62076852676437, -0.835384167241191], [34.63736552013474, -0.6569301246828143], [34.65848896624249, -0.5984710417757597], [34.71129758151185, -0.5538575311361651], [34.749018020989965, -0.5538575311361651], [34.85916170426606, -0.4984752420663252], [34.87575869763643, -0.5400119588687051], [34.81087954173407, -0.6400077585781396], [34.80786190657582, -0.6815444753805213], [34.94365548869703, -0.7661563059038894], [35.01306109733677, -0.884612868636605]]]}}, {"type": "Feature", "properties": {"GID_1": "KEN.17_1", "NAME_1": "Kisumu", "risk_level_int": 5, "sampled_mm": 54.9, "date": "2026-03-04"}, "geometry": {"type": "Polygon", "coordinates": [[[34.48346612706404, -0.2954068488102397], [34.41556933600343, -0.08926166171694305], [34.43065751179468, -0.056955326426201935], [34.533257107175146, -0.00926502194939438], [34.58304808728626, -0.027725784972675527], [34.60266271581488, 0.016887725666919096], [34.672068324454614, -0.00926502194939438], [34.746000385831714, -0.016957006542428488], [34.92253204258929, -0.02003380037964142], [35.007025827020264, -0.04772494491456136], [35.07492261808087, -0.049263341833169605], [35.10359015208424, 0.0015037564808526582], [35.145837044299725, -0.027725784972675527], [35.221277923255954, -0.03387937264710139], [35.22580437599333, -0.10003044014719009], [35.29671880221218, -0.1707966984030982], [35.33142160653205, -0.1707966984030982], [35.343492147165044, -0.23233257514736572], [35.27257772094619, -0.23233257514736572], [35.19713684198996, -0.15695112613563822], [35.12773123335023, -0.15079753846121058], [35.071904982922625, -0.2031030336938393], [35.0462550840775, -0.29694524572884795], [35.00551700944114, -0.3323283748568002], [35.010043462178515, -0.3861722670080354], [34.95874366448828, -0.41078661770574243], [34.824458899946194, -0.3830954731708225], [34.7882472780472, -0.3200211995079467], [34.705262311195355, -0.25233173508925333], [34.5302394720169, -0.2661773073567133], [34.48346612706404, -0.2954068488102397]]]}}, {"type": "Feature", "properties": {"GID_1": "KEN.18_1", "NAME_1": "Kitui", "risk_level_int": 5, "sampled_mm": 76.0, "date": "2026-03-04"}, "geometry": {"type": "Polygon", "coordinates": [[[39.07630683791924, -3.041445348523194], [39.025007040229, -3.021446188581308], [38.976724877697016, -3.0399069516045873], [38.89223109326604, -3.038368554685981], [38.81980784946806, -3.067598096139509], [38.51955315122227, -2.975294281023107], [38.47579744142766, -2.93683435805794], [38.41846237342092, -2.8122242076507966], [38.43204173163305, -2.786071460034483], [38.29021287919534, -2.4845456639875696], [38.27512470340409, -2.4245481841619085], [38.22231608813473, -2.3999338334642015], [38.210245547501735, -2.355320322824607], [38.1468752091785, -2.321475590615261], [38.072943147801396, -2.250709332359353], [38.06992551264315, -2.2137878063127907], [38.02013453253204, -2.1460983418940973], [37.964308282104426, -2.1645591049173767], [37.95978182936706, -2.064563305207942], [37.90999084925595, -1.933799567126373], [37.89942912620207, -1.8691868965448908], [37.83907642303709, -1.7799598752657033], [37.855673416407456, -1.7538071276493898], [37.77570608471386, -1.5907370542770796], [37.75307382102699, -1.5661227035793726], [37.71233574639062, -1.5092020175909244], [37.77419726713473, -1.4861260638118239], [37.81644415935022, -1.4445893470094422], [37.77268844955561, -1.3599775164860741], [37.718371016707124, -1.3045952274162342], [37.62029787406403, -1.144601947881137], [37.596156792798034, -1.0861428649740823], [37.73345919249837, -1.0799892772996564], [37.79381189566335, -1.1246027879392493], [37.84812932851184, -1.0415293543344877], [37.86774395704046, -0.9738398899157943], [37.81946179450847, -0.8830744717179986], [37.84511169335359, -0.810769816543484], [37.870761592198704, -0.810769816543484], [37.91602611957244, -0.7292347798573289], [37.8828321328317, -0.5830870725896933], [37.88434095041083, -0.5277047835198516], [37.935640748101065, -0.4277089838104171], [37.964308282104426, -0.41078661770574243], [37.99901108642429, -0.26463891043810683], [38.11368122243776, -0.27694608578696034], [38.163472202548874, -0.2246405905543316], [38.18610446623574, -0.1538743322984235], [38.22231608813473, -0.10464563090300949], [38.27059825066672, -0.09695364630997716], [38.305301054986586, -0.053878532588989], [38.380741933942815, -0.08618486787973012], [38.41846237342092, -0.0708008986936619], [38.806228491255936, -0.7261579860201159], [38.961636701905775, -1.0522981327647347], [38.99935714138388, -1.6784256786376606], [38.958619066747524, -1.7030400293353676], [39.01293649959601, -1.9153388041030919], [38.79717558578119, -2.3399363536385405], [38.73984051777446, -2.3645507043362475], [38.696084807979844, -2.409164214975842], [38.623661564181866, -2.412241008813055], [39.07630683791924, -3.041445348523194]]]}}, {"type": "Feature", "properties": {"GID_1": "KEN.19_1", "NAME_1": "Kwale", "risk_level_int": 5, "sampled_mm": 47.7, "date": "2026-03-04"}, "geometry": {"type": "Polygon", "coordinates": [[[39.57874309176772, -4.081401665501322], [39.61193707850846, -4.092170443931568], [39.6451310652492, -4.153706320675837], [39.54554910502698, -4.407541812245942], [39.480669949124625, -4.482923261257669], [39.450493597542135, -4.587534251722925], [39.402211435010145, -4.590611045560139], [39.405229070168396, -4.6459933346299795], [39.25736494741419, -4.6213789839322725], [39.19852106182833, -4.665992494571866], [38.96465433706402, -4.498307230443737], [38.760963963882205, -4.359851507769134], [38.44562108984517, -4.138322351489769], [38.946548526114526, -3.9598683089313926], [39.035568763282875, -3.7583383125939154], [38.929951532744155, -3.6952640389310414], [38.9691807898014, -3.633728162186772], [39.05669220939062, -3.6844952605007943], [39.086868560973116, -3.5691154916052916], [39.31771765057917, -3.5645003008494722], [39.34789400216167, -3.598345033058818], [39.34940281974079, -3.70449442044268], [39.39466734711452, -3.7521847249194886], [39.37957917132328, -3.806028617070723], [39.467090590912505, -3.8598725092219572], [39.56818136871385, -3.9906362473035264], [39.58477836208422, -4.0367881548617275], [39.57874309176772, -4.081401665501322]]]}}, {"type": "Feature", "properties": {"GID_1": "KEN.20_1", "NAME_1": "Laikipia", "risk_level_int": 5, "sampled_mm": 66.3, "date": "2026-03-04"}, "geometry": {"type": "Polygon", "coordinates": [[[37.11937043779467, -0.016957006542428488], [37.072597092841804, 0.012272534911099697], [37.02582374788894, -0.043109754158741964], [36.97754158535696, -0.06464731101923604], [36.985085673252584, -0.1292599816007165], [37.01978847757245, -0.16925830148449172], [36.98810330841083, -0.28925326113581384], [36.85683617902699, -0.24925494125203862], [36.84174800323575, -0.2077182244496587], [36.87192435481824, -0.16925830148449172], [36.831186280181875, -0.09695364630997716], [36.65918107616167, -0.14618234770539118], [36.63503999489568, -0.10003044014719009], [36.573178474151575, -0.09695364630997716], [36.552055028043824, -0.06310891410062958], [36.603354825734066, 0.009195741073884989], [36.57770492688895, 0.07380841165536722], [36.52338749404046, 0.05380925171347961], [36.464543608454605, 0.14457466991127532], [36.44643779750511, 0.0999611592716807], [36.35289110759938, 0.021502916422738494], [36.3046089450674, 0.021502916422738494], [36.25632678253541, -0.015418609623822022], [36.25632678253541, 0.06150123630651372], [36.28952076927615, 0.1168835253763536], [36.253309147377166, 0.1876497836322617], [36.297064857171776, 0.24303207270210336], [36.23067688369029, 0.33995107857432494], [36.25783560011454, 0.3830261922953131], [36.22916806611117, 0.42610130601630125], [36.294047222013525, 0.5707106163653304], [36.277450228643154, 0.6368616838654173], [36.34685583728289, 0.6660912253189455], [36.40569972286875, 0.7245503082260001], [36.49019350729972, 0.8522372524703563], [36.4826494194041, 0.8183925202610087], [36.67577806953204, 0.8183925202610087], [36.757254218804775, 0.8645444278192098], [36.81911573954888, 0.8599292370633886], [36.864380266922616, 0.7430110712492795], [36.9307682404041, 0.7476262620051006], [36.926241787666726, 0.6753216068305861], [36.86739790208087, 0.5707106163653304], [37.351728344979854, 0.5153283272954887], [37.353237162558976, 0.41379413066744775], [37.39095760203709, 0.361488635434819], [37.37436060866672, 0.27226161415563155], [37.34720189224248, 0.1953417682252958], [37.30797263518524, 0.1784194021206229], [37.23253175622901, 0.08150039624839955], [37.108808714740796, 0.04304047328323257], [37.11937043779467, -0.016957006542428488]]]}}, {"type": "Feature", "properties": {"GID_1": "KEN.21_1", "NAME_1": "Lamu", "risk_level_int": 3, "sampled_mm": 27.0, "date": "2026-03-04"}, "geometry": {"type": "MultiPolygon", "coordinates": [[[[40.737514992535395, -2.4568545194526497], [40.66509174873741, -2.4660849009642902], [40.447822017343476, -2.3999338334642015], [40.39652221965324, -2.430701771836336], [40.345222421963, -2.398395436545595], [40.25016691447816, -2.395318642708382], [40.25016691447816, -2.2476325385221383], [40.21244647500004, -2.039948954510235], [40.508174720508464, -1.9030316287542384], [40.89292320318523, -1.7168856016028275], [41.562838208316535, -1.6584265186957747], [41.362165470292965, -1.9138004071844854], [41.28068932102024, -1.986105062359], [41.20223080690576, -1.9414915517194054], [41.178089725639765, -2.0030274284636747], [41.122263475212165, -1.986105062359], [40.918573102030344, -2.1076384189289303], [40.921590737188595, -2.2107110124755778], [40.98646989309095, -2.250709332359353], [40.95780235908758, -2.3091684152664076], [40.9034849262391, -2.2230181878244313], [40.80088533085863, -2.292246049161733], [40.825026412124615, -2.392241848871169], [40.737514992535395, -2.4568545194526497]]], [[[41.04984023141418, -2.1399447542196697], [40.96081999424583, -2.158405517242951], [40.968364082141456, -2.1184071973591756], [41.08605185331317, -2.043025748347448], [41.16300154984852, -2.0768704805567957], [41.1735632729024, -2.106100022010322], [41.09812239394617, -2.1430215480568844], [41.04984023141418, -2.1399447542196697]]]]}}, {"type": "Feature", "properties": {"GID_1": "KEN.22_1", "NAME_1": "Machakos", "risk_level_int": 5, "sampled_mm": 91.3, "date": "2026-03-04"}, "geometry": {"type": "Polygon", "coordinates": [[[37.15709087727278, -1.7768830814284904], [37.11182634989905, -1.7338079677075022], [36.97905040293608, -1.553815528230519], [36.97754158535696, -1.4753572853815768], [36.921715334929345, -1.4568965223582975], [36.89003016576773, -1.4122830117187029], [36.93378587556235, -1.3369015627069736], [37.02582374788894, -1.289211258230166], [37.075614728000055, -1.3015184335790195], [37.10126462684517, -1.2599817167766396], [37.151055606956284, -1.223060190730079], [37.181231958538774, -1.166139504741631], [37.17519668822228, -1.113834009509004], [37.21291712770039, -1.0769124834624417], [37.29741091213137, -1.0707588957880159], [37.3426754395051, -1.116910803346217], [37.41962513604046, -1.0307605759042424], [37.33513135160948, -0.9553791268925131], [37.320043175818235, -0.9153808070087397], [37.256672837495, -0.8646137086947174], [37.26723456054888, -0.7846170689271705], [37.32758726371386, -0.8415377549156187], [37.473942568888944, -0.8753824871249645], [37.49657483257581, -0.9030736316598862], [37.659527131121266, -0.8476913425900445], [37.68366821238726, -0.7938474504388093], [37.74251209797312, -0.7784634812527429], [37.75760027376436, -0.8230769918923375], [37.84511169335359, -0.810769816543484], [37.81946179450847, -0.8830744717179986], [37.86774395704046, -0.9738398899157943], [37.84812932851184, -1.0415293543344877], [37.79381189566335, -1.1246027879392493], [37.73345919249837, -1.0799892772996564], [37.596156792798034, -1.0861428649740823], [37.62029787406403, -1.144601947881137], [37.718371016707124, -1.3045952274162342], [37.77268844955561, -1.3599775164860741], [37.81644415935022, -1.4445893470094422], [37.77419726713473, -1.4861260638118239], [37.71233574639062, -1.5092020175909244], [37.75307382102699, -1.5661227035793726], [37.718371016707124, -1.609197817300359], [37.6489654080674, -1.62765858032364], [37.596156792798034, -1.5507387343933043], [37.56296280605729, -1.559969115904945], [37.487521927101064, -1.5153556052653503], [37.381904696562344, -1.518432399102565], [37.33513135160948, -1.559969115904945], [37.36379888561285, -1.589198657358473], [37.40755459540746, -1.690732853986514], [37.289866824235745, -1.6984248385795482], [37.25214638475763, -1.633812167998066], [37.25214638475763, -1.592275451195686], [37.17519668822228, -1.616889801893393], [37.19632013433002, -1.7199623954400423], [37.15709087727278, -1.7768830814284904]]]}}, {"type": "Feature", "properties": {"GID_1": "KEN.23_1", "NAME_1": "Makueni", "risk_level_int": 5, "sampled_mm": 81.6, "date": "2026-03-04"}, "geometry": {"type": "Polygon", "coordinates": [[[38.51955315122227, -2.975294281023107], [38.456182812899044, -2.989139853290567], [38.409409467946176, -2.9276039765462993], [38.36112730541419, -2.8968360381741647], [38.24947480455897, -2.7491499339879226], [38.16196338496975, -2.6922292479994745], [37.9748700051583, -2.7876098569530896], [37.93714956568019, -2.7706874908484167], [37.84963814609096, -2.6045406236388935], [37.596156792798034, -2.3122452091036205], [37.66405358385864, -2.2907076522431264], [37.70026520575763, -2.166097501835983], [37.594647975218905, -2.1537903264871296], [37.534295272053924, -2.106100022010322], [37.45432794036032, -2.0737936867195828], [37.381904696562344, -2.0230265884055605], [37.279305101181876, -1.9922586500334276], [37.23705820896639, -1.9353379640449795], [37.19330249917177, -1.933799567126373], [37.154073242114535, -1.8861092626495655], [37.15709087727278, -1.7768830814284904], [37.19632013433002, -1.7199623954400423], [37.17519668822228, -1.616889801893393], [37.25214638475763, -1.592275451195686], [37.25214638475763, -1.633812167998066], [37.289866824235745, -1.6984248385795482], [37.40755459540746, -1.690732853986514], [37.36379888561285, -1.589198657358473], [37.33513135160948, -1.559969115904945], [37.381904696562344, -1.518432399102565], [37.487521927101064, -1.5153556052653503], [37.56296280605729, -1.559969115904945], [37.596156792798034, -1.5507387343933043], [37.6489654080674, -1.62765858032364], [37.718371016707124, -1.609197817300359], [37.75307382102699, -1.5661227035793726], [37.77570608471386, -1.5907370542770796], [37.855673416407456, -1.7538071276493898], [37.83907642303709, -1.7799598752657033], [37.89942912620207, -1.8691868965448908], [37.90999084925595, -1.933799567126373], [37.95978182936706, -2.064563305207942], [37.964308282104426, -2.1645591049173767], [38.02013453253204, -2.1460983418940973], [38.06992551264315, -2.2137878063127907], [38.072943147801396, -2.250709332359353], [38.1468752091785, -2.321475590615261], [38.210245547501735, -2.355320322824607], [38.22231608813473, -2.3999338334642015], [38.27512470340409, -2.4245481841619085], [38.29021287919534, -2.4845456639875696], [38.43204173163305, -2.786071460034483], [38.41846237342092, -2.8122242076507966], [38.47579744142766, -2.93683435805794], [38.51955315122227, -2.975294281023107]]]}}, {"type": "Feature", "properties": {"GID_1": "KEN.24_1", "NAME_1": "Mandera", "risk_level_int": 2, "sampled_mm": 5.2, "date": "2026-03-04"}, "geometry": {"type": "Polygon", "coordinates": [[[40.97892580519533, 2.178335396309329], [40.92008191960947, 2.187565777820968], [40.83257050002024, 2.287561577530404], [40.737514992535395, 2.3137143251467176], [40.66509174873741, 2.3906341710770533], [40.66358293115829, 2.424478903286399], [40.613791951047176, 2.4644772231701744], [40.521754078720576, 2.692159967123965], [40.51873644356233, 2.7783101945659396], [40.49459536229634, 2.8029245452636466], [40.493086544717215, 2.8690756127637354], [40.26978154300677, 2.9721482063103846], [40.203393569525296, 3.0521448460779332], [40.032897183084216, 3.236752476310736], [39.786959917686914, 3.336748276020172], [39.78545110010779, 3.659811628927578], [39.77941582979129, 3.6859643765438914], [39.86240079664314, 3.864418419102268], [40.1913230288923, 4.036718873986219], [40.23055228594954, 4.0459492554978596], [40.77523543201351, 4.276708793288865], [40.93667891297984, 4.149021849044507], [40.981943440353575, 4.092101163056059], [41.11321056973741, 3.987490172590805], [41.17205445532327, 3.9613374249744897], [41.21581016511789, 3.9751829972419515], [41.378762463663335, 3.9567222342186703], [41.57792638410778, 3.9613374249744897], [41.90081334604044, 3.9859517756721967], [41.926463244885554, 4.002874141776871], [41.66091135095964, 3.6398124689856903], [41.3274626659731, 3.1582942334617936], [41.13282519826603, 2.970609809391778], [40.98646989309095, 2.8198469113683213], [40.98646989309095, 2.2291024946233495], [40.97892580519533, 2.178335396309329]]]}}, {"type": "Feature", "properties": {"GID_1": "KEN.25_1", "NAME_1": "Marsabit", "risk_level_int": 3, "sampled_mm": 13.2, "date": "2026-03-04"}, "geometry": {"type": "Polygon", "coordinates": [[[37.94620247115493, 1.2629892297383432], [37.952237741471436, 1.3875993801454864], [37.85416459882833, 1.459904035320001], [37.843602875774465, 1.4291360969478664], [37.64745659048827, 1.4029833493315529], [37.58861270490241, 1.37221541095942], [37.5569275357408, 1.39990655549434], [37.475451386468066, 1.5491310565991903], [37.35927243287547, 1.727585099157567], [37.30495500002699, 1.752199449855274], [37.274778648444496, 1.8660408218321685], [37.23404057380814, 1.872194409506596], [37.17519668822228, 1.9214231109020101], [37.16161733001016, 1.9644982246229983], [37.0107355720977, 1.9844973845648841], [36.95189168651184, 2.026034101367266], [36.91718888219198, 2.022957307530053], [36.91417124703373, 2.1260299010767003], [36.891538983346855, 2.195257762414002], [36.844765638393994, 2.2752544021815506], [36.76027185396302, 2.515244321484195], [36.71500732658928, 2.5075523368911607], [36.695392698060665, 2.455246841658534], [36.601846008154936, 2.4060181402631198], [36.53847566983171, 2.4121717279375456], [36.52942276435696, 2.5275514968330484], [36.51433458856572, 2.5598578321237895], [36.43889370960949, 2.6337008842169105], [36.44643779750511, 2.7106207301472462], [36.387593911919254, 2.832154086717175], [36.26990614074754, 2.9121507264847235], [36.26085323527278, 2.9429186648568564], [36.12355083557245, 2.984455381659238], [36.15221836957582, 3.0813743875314596], [36.13713019378457, 3.209061331775816], [36.052636409353596, 3.2382908732293423], [36.049618774195345, 4.056718033928105], [36.052636409353596, 4.449009248172814], [36.396646817394, 4.439778866661172], [36.54300212256908, 4.439778866661172], [36.616934183946185, 4.450547645091419], [36.711989691431036, 4.439778866661172], [36.8387303680775, 4.444394057416993], [37.03940310610106, 4.361320623812233], [37.12389689053204, 4.282862380963291], [37.19028486401352, 4.253632839509763], [37.51015419078793, 4.0459492554978596], [37.553909900582546, 4.012104523288512], [38.01409926221554, 3.702886742648566], [38.119716492754264, 3.6090445306135575], [38.18912210139399, 3.6182749121251963], [38.436568184370415, 3.6013525460205233], [38.51804433364315, 3.6259668967182304], [38.655346733343485, 3.5936605614274892], [38.712681801350215, 3.5690462107297822], [38.90731926905728, 3.509048730904121], [38.9631455194849, 3.5275094939274023], [39.01595413475425, 3.512125524741334], [39.09290383128961, 3.533663081601828], [39.20002987940745, 3.4798191894505948], [39.30866474510442, 3.47674239561338], [39.328279373633045, 3.2890579715433645], [39.341858731845164, 3.250598048578196], [39.34487636700341, 3.0706056091012126], [39.28905011657581, 3.036760876891865], [39.24529440678119, 2.9859937785778445], [39.126097818030345, 2.9336882833452176], [39.11251845981823, 2.884459581949802], [39.06725393244449, 2.8829211850311953], [39.061218662128, 2.7352350808449533], [38.978233695276145, 2.56908821363543], [38.89524872842429, 2.5460122598563295], [38.92693389758591, 2.4121717279375456], [38.92542508000678, 2.2814079898559765], [38.93749562063978, 2.159874633286048], [38.961636701905775, 2.099877153460387], [38.806228491255936, 2.006034941425378], [38.38526838668018, 1.7614298313669128], [38.34151267688557, 1.5783605980527167], [37.94620247115493, 1.2629892297383432]]]}}, {"type": "Feature", "properties": {"GID_1": "KEN.26_1", "NAME_1": "Meru", "risk_level_int": 5, "sampled_mm": 60.4, "date": "2026-03-04"}, "geometry": {"type": "Polygon", "coordinates": [[[37.31249908792262, -0.15079753846121058], [37.30797263518524, -0.14618234770539118], [37.11937043779467, -0.016957006542428488], [37.108808714740796, 0.04304047328323257], [37.23253175622901, 0.08150039624839955], [37.30797263518524, 0.1784194021206229], [37.34720189224248, 0.1953417682252958], [37.37436060866672, 0.27226161415563155], [37.430186859094334, 0.298414361771945], [37.53580408963305, 0.26456962956259744], [37.55541871816167, 0.3291823001440779], [37.60520969827278, 0.3537966508417849], [37.581068617006785, 0.43071649677212065], [37.58710388732329, 0.47994519816753467], [37.827005882404094, 0.5630186317722963], [38.06238142474753, 0.6707064160747649], [38.177051560760994, 0.33072069706268614], [38.192139736552235, 0.2338016911904628], [38.29624814951184, 0.15995863909734176], [38.35660085267682, 0.019964519504132028], [38.40186538005055, -0.016957006542428488], [38.4169535558418, -0.06772410485644897], [38.41846237342092, -0.0708008986936619], [38.380741933942815, -0.08618486787973012], [38.305301054986586, -0.053878532588989], [38.11066358727951, 0.05380925171347961], [38.06992551264315, 0.024579710259953202], [37.9809052754748, 0.06765482398093958], [37.90999084925595, 0.016887725666919096], [37.93714956568019, -0.05541692950759547], [37.80588243629635, -0.18156547683334523], [37.77721490229298, -0.1538743322984235], [37.719879834286246, -0.2031030336938393], [37.6248243268014, -0.20464143061244577], [37.57955979942766, -0.18002707991473876], [37.31249908792262, -0.15079753846121058]]]}}, {"type": "Feature", "properties": {"GID_1": "KEN.27_1", "NAME_1": "Migori", "risk_level_int": 5, "sampled_mm": 46.7, "date": "2026-03-04"}, "geometry": {"type": "Polygon", "coordinates": [[[34.732421027619594, -1.3907454548582088], [34.55890700602027, -1.2953648459045937], [34.22394950345461, -1.103065231078757], [34.07759419827953, -1.0261453851484212], [33.93123889310445, -0.9938390498576801], [33.94632706889569, -0.9923006529390737], [33.935765345841816, -0.8015394350318434], [34.07910301585865, -0.8015394350318434], [34.198299604609495, -0.7384651613689694], [34.257143490195354, -0.8169234042179099], [34.320513828518585, -0.8615369148575045], [34.395954707474814, -0.8138466103806969], [34.46385149853542, -0.8584601210202916], [34.48648376222229, -0.7800018781713494], [34.533257107175146, -0.7015436353224089], [34.59059217518188, -0.6446229493339608], [34.63736552013474, -0.6569301246828143], [34.62076852676437, -0.835384167241191], [34.610206803710504, -0.8523065333458639], [34.641891972872116, -0.9630711114855472], [34.59059217518188, -1.0122998128809613], [34.63283906739737, -1.1322947725322834], [34.687156500245855, -1.2061378246254044], [34.732421027619594, -1.3907454548582088]]]}}, {"type": "Feature", "properties": {"GID_1": "KEN.28_1", "NAME_1": "Mombasa", "risk_level_int": 5, "sampled_mm": 45.1, "date": "2026-03-04"}, "geometry": {"type": "MultiPolygon", "coordinates": [[[[39.57874309176772, -4.081401665501322], [39.63758697735358, -4.058325711722222], [39.67681623441082, -4.082940062419929], [39.6451310652492, -4.153706320675837], [39.61193707850846, -4.092170443931568], [39.57874309176772, -4.081401665501322]]], [[[39.58477836208422, -4.0367881548617275], [39.56818136871385, -3.9906362473035264], [39.69039559262294, -3.922946782884832], [39.75678356610442, -3.9567915150941797], [39.70246613325594, -4.059864108640828], [39.58477836208422, -4.0367881548617275]]]]}}, {"type": "Feature", "properties": {"GID_1": "KEN.29_1", "NAME_1": "Murang'a", "risk_level_int": 5, "sampled_mm": 89.5, "date": "2026-03-04"}, "geometry": {"type": "Polygon", "coordinates": [[[36.722551414484904, -0.800001038113237], [36.70746323869366, -0.6215469955548603], [36.73311313753878, -0.5600111188105927], [36.80855401649501, -0.5646263095664121], [36.861362631764365, -0.6015478356129726], [36.91568006461285, -0.6030862325315791], [36.985085673252584, -0.5707798972408398], [37.04694719399669, -0.5907790571827256], [37.120879255373794, -0.6400077585781396], [37.16916141790578, -0.6307773770665008], [37.23404057380814, -0.6615453154386337], [37.26723456054888, -0.7846170689271705], [37.256672837495, -0.8646137086947174], [37.320043175818235, -0.9153808070087397], [37.33513135160948, -0.9553791268925131], [37.41962513604046, -1.0307605759042424], [37.36229006803372, -1.0892196588112952], [37.26421692539063, -1.0122998128809613], [37.154073242114535, -1.0476829420089153], [37.05147364673406, -1.0276837820670277], [36.893047800925984, -0.9061504254970991], [36.722551414484904, -0.800001038113237]]]}}, {"type": "Feature", "properties": {"GID_1": "KEN.30_1", "NAME_1": "Nairobi", "risk_level_int": 5, "sampled_mm": 93.9, "date": "2026-03-04"}, "geometry": {"type": "Polygon", "coordinates": [[[36.68784861016504, -1.2769040828813125], [36.79044820554551, -1.1892154585207315], [36.832695097761, -1.212291412299832], [36.939821145878845, -1.176908283171878], [36.9307682404041, -1.2199833968928662], [36.99564739630645, -1.2307521753231114], [37.062035369787935, -1.2030610307881915], [37.10126462684517, -1.2599817167766396], [37.075614728000055, -1.3015184335790195], [37.02582374788894, -1.289211258230166], [36.93378587556235, -1.3369015627069736], [36.89003016576773, -1.4122830117187029], [36.814589286811504, -1.3799766764279617], [36.74820131333002, -1.3830534702651747], [36.663707528899046, -1.3169024027650877], [36.68784861016504, -1.2769040828813125]]]}}, {"type": "Feature", "properties": {"GID_1": "KEN.31_1", "NAME_1": "Nakuru", "risk_level_int": 5, "sampled_mm": 76.9, "date": "2026-03-04"}, "geometry": {"type": "Polygon", "coordinates": [[[36.33629411422901, -1.0415293543344877], [36.263870870431035, -0.909227219334312], [36.205026984845176, -0.9276879823575932], [36.158253639892315, -0.8292305795667634], [36.19295644421218, -0.7600027182294635], [36.09940975430646, -0.6707756969502743], [36.03000414566672, -0.6723140938688807], [35.98323080071386, -0.6246237893920732], [35.944001543656626, -0.5492423403803457], [35.79462860332329, -0.46770730369419056], [35.77350515721555, -0.5307815773570645], [35.70862600131319, -0.5523191342175586], [35.685993737626326, -0.6338541709037138], [35.64223802783171, -0.6953900476479813], [35.5984823180371, -0.6492381400897802], [35.587920594983224, -0.5830870725896933], [35.47325045896976, -0.395402648519676], [35.4144065733839, -0.29694524572884795], [35.529076709397366, -0.2538701320078598], [35.61960576414484, -0.28925326113581384], [35.649782115727334, -0.26002371968228566], [35.67090556183508, -0.15848952305424469], [35.59697350045798, -0.12310639392629064], [35.64072921025259, -0.053878532588989], [35.68901137278458, -0.06772410485644897], [35.729749447420936, -0.15079753846121058], [35.771996339636424, -0.1877190645077711], [35.87761357017514, -0.029264181891281993], [35.91684282723239, -0.07695448636808955], [35.97870434797649, 0.01842612258552556], [36.00737188197986, 0.03534848869020024], [36.09337448398996, -0.006188228112181449], [36.11298911251858, 0.010734137992491455], [36.14769191683844, 0.1907265774694764], [36.19899171452868, 0.20457214973693638], [36.253309147377166, 0.1876497836322617], [36.28952076927615, 0.1168835253763536], [36.25632678253541, 0.06150123630651372], [36.25632678253541, -0.015418609623822022], [36.247273877060664, -0.1123376154960436], [36.2005005321078, -0.13079837851932297], [36.24576505948154, -0.24925494125203862], [36.2125710727408, -0.26310051351950037], [36.2246416133738, -0.34002035944983433], [36.3785410064445, -0.3984794423568889], [36.40569972286875, -0.5692415003222333], [36.45096425024248, -0.5600111188105927], [36.46756124361285, -0.6200085986362538], [36.50679050067009, -0.6169318047990409], [36.54451094014821, -0.6907748568921619], [36.53093158193609, -0.723081192182903], [36.55959911593945, -0.8323073734039781], [36.555072663202075, -0.9153808070087397], [36.59731955541757, -0.9892238591018607], [36.59128428510107, -1.0584517204391624], [36.53696685225258, -1.149217138636958], [36.493211142457966, -1.1153724064276105], [36.33629411422901, -1.0415293543344877]]]}}, {"type": "Feature", "properties": {"GID_1": "KEN.32_1", "NAME_1": "Nandi", "risk_level_int": 5, "sampled_mm": 54.3, "date": "2026-03-04"}, "geometry": {"type": "Polygon", "coordinates": [[[35.22580437599333, -0.10003044014719009], [35.221277923255954, -0.03387937264710139], [35.145837044299725, -0.027725784972675527], [35.10359015208424, 0.0015037564808526582], [35.07492261808087, -0.049263341833169605], [35.007025827020264, -0.04772494491456136], [34.92253204258929, -0.02003380037964142], [34.746000385831714, -0.016957006542428488], [34.83803825815831, 0.03996367944601964], [34.85916170426606, 0.12457550996938771], [34.91951440743104, 0.18611138671365524], [34.976849475437774, 0.25226245421374394], [34.94214667111791, 0.32764390322547143], [34.95723484690915, 0.4199477183418736], [34.90744386679805, 0.5091747396210629], [34.85161761637043, 0.5522498533420492], [35.04474626649838, 0.5676338225281174], [35.1563987673536, 0.5430194718304087], [35.14131059156235, 0.4784068012489282], [35.28917471431656, 0.2338016911904628], [35.34198332958592, 0.20611054665554285], [35.33594805926943, 0.14765146374848825], [35.38724785695966, 0.11842192229496185], [35.373668498747534, 0.07842360241118662], [35.435530019491644, 0.030733297934379067], [35.40384485033003, -0.016957006542428488], [35.423459478858646, -0.07233929561227015], [35.37215968116841, -0.10310723398440302], [35.30728052526605, -0.08003128020530248], [35.22580437599333, -0.10003044014719009]]]}}, {"type": "Feature", "properties": {"GID_1": "KEN.33_1", "NAME_1": "Narok", "risk_level_int": 5, "sampled_mm": 75.7, "date": "2026-03-04"}, "geometry": {"type": "Polygon", "coordinates": [[[35.99681015892598, -2.103023228173109], [35.44005647222902, -1.7876518598587356], [35.25598072757582, -1.6938096478237288], [34.732421027619594, -1.3907454548582088], [34.687156500245855, -1.2061378246254044], [34.63283906739737, -1.1322947725322834], [34.59059217518188, -1.0122998128809613], [34.641891972872116, -0.9630711114855472], [34.67810359477111, -0.9676863022413666], [35.01306109733677, -0.884612868636605], [35.08246670597649, -0.8999968378226715], [35.237874916626325, -1.0276837820670277], [35.39780958001353, -0.9523023330553002], [35.48079454686538, -0.8338457703225846], [35.547182520346865, -0.7830786720085641], [35.47928572928626, -0.7569259243922488], [35.4264771140169, -0.7153892075898689], [35.39630076243441, -0.6384693616595332], [35.587920594983224, -0.5830870725896933], [35.5984823180371, -0.6492381400897802], [35.64223802783171, -0.6953900476479813], [35.685993737626326, -0.6338541709037138], [35.70862600131319, -0.5523191342175586], [35.77350515721555, -0.5307815773570645], [35.79462860332329, -0.46770730369419056], [35.944001543656626, -0.5492423403803457], [35.98323080071386, -0.6246237893920732], [36.03000414566672, -0.6723140938688807], [36.09940975430646, -0.6707756969502743], [36.19295644421218, -0.7600027182294635], [36.158253639892315, -0.8292305795667634], [36.205026984845176, -0.9276879823575932], [36.263870870431035, -0.909227219334312], [36.33629411422901, -1.0415293543344877], [36.34836465486201, -1.169216298578844], [36.049618774195345, -1.4861260638118239], [36.08583039609434, -1.570737894335192], [36.046601139037094, -1.6491961371841342], [36.0284953280876, -1.8045742259634103], [36.04810995661622, -1.835342164335545], [36.02698651050848, -2.081485671312615], [35.99681015892598, -2.103023228173109]]]}}, {"type": "Feature", "properties": {"GID_1": "KEN.34_1", "NAME_1": "Nyamira", "risk_level_int": 5, "sampled_mm": 58.5, "date": "2026-03-04"}, "geometry": {"type": "Polygon", "coordinates": [[[35.01306109733677, -0.884612868636605], [34.94365548869703, -0.7661563059038894], [34.80786190657582, -0.6815444753805213], [34.81087954173407, -0.6400077585781396], [34.87575869763643, -0.5400119588687051], [34.85916170426606, -0.4984752420663252], [35.01909636765326, -0.40617142694992303], [35.05983444228963, -0.6169318047990409], [35.071904982922625, -0.687698063054949], [35.04776390165663, -0.7030820322410154], [35.09151961145124, -0.796924244276024], [35.01306109733677, -0.884612868636605]]]}}, {"type": "Feature", "properties": {"GID_1": "KEN.35_1", "NAME_1": "Nyandarua", "risk_level_int": 5, "sampled_mm": 81.5, "date": "2026-03-04"}, "geometry": {"type": "Polygon", "coordinates": [[[36.555072663202075, -0.9153808070087397], [36.55959911593945, -0.8323073734039781], [36.53093158193609, -0.723081192182903], [36.54451094014821, -0.6907748568921619], [36.50679050067009, -0.6169318047990409], [36.46756124361285, -0.6200085986362538], [36.45096425024248, -0.5600111188105927], [36.40569972286875, -0.5692415003222333], [36.3785410064445, -0.3984794423568889], [36.2246416133738, -0.34002035944983433], [36.2125710727408, -0.26310051351950037], [36.24576505948154, -0.24925494125203862], [36.2005005321078, -0.13079837851932297], [36.247273877060664, -0.1123376154960436], [36.25632678253541, -0.015418609623822022], [36.3046089450674, 0.021502916422738494], [36.35289110759938, 0.021502916422738494], [36.44643779750511, 0.0999611592716807], [36.464543608454605, 0.14457466991127532], [36.52338749404046, 0.05380925171347961], [36.57770492688895, 0.07380841165536722], [36.603354825734066, 0.009195741073884989], [36.552055028043824, -0.06310891410062958], [36.573178474151575, -0.09695364630997716], [36.63503999489568, -0.10003044014719009], [36.65918107616167, -0.14618234770539118], [36.69086624532329, -0.16771990456588526], [36.61542536636706, -0.3030988334032738], [36.60637246089232, -0.3692499009033625], [36.663707528899046, -0.45847692218255], [36.66974279921554, -0.5677031034036251], [36.70746323869366, -0.6215469955548603], [36.722551414484904, -0.800001038113237], [36.68784861016504, -0.7584643213108571], [36.62146063668356, -0.821538594973731], [36.555072663202075, -0.9153808070087397]]]}}, {"type": "Feature", "properties": {"GID_1": "KEN.36_1", "NAME_1": "Nyeri", "risk_level_int": 5, "sampled_mm": 82.7, "date": "2026-03-04"}, "geometry": {"type": "Polygon", "coordinates": [[[36.65918107616167, -0.14618234770539118], [36.831186280181875, -0.09695364630997716], [36.87192435481824, -0.16925830148449172], [36.84174800323575, -0.2077182244496587], [36.85683617902699, -0.24925494125203862], [36.98810330841083, -0.28925326113581384], [37.01978847757245, -0.16925830148449172], [36.985085673252584, -0.1292599816007165], [36.97754158535696, -0.06464731101923604], [37.02582374788894, -0.043109754158741964], [37.072597092841804, 0.012272534911099697], [37.11937043779467, -0.016957006542428488], [37.30797263518524, -0.14618234770539118], [37.170670235484906, -0.5046288297407511], [37.14502033663979, -0.5230895927640322], [37.16916141790578, -0.6307773770665008], [37.120879255373794, -0.6400077585781396], [37.04694719399669, -0.5907790571827256], [36.985085673252584, -0.5707798972408398], [36.91568006461285, -0.6030862325315791], [36.861362631764365, -0.6015478356129726], [36.80855401649501, -0.5646263095664121], [36.73311313753878, -0.5600111188105927], [36.70746323869366, -0.6215469955548603], [36.66974279921554, -0.5677031034036251], [36.663707528899046, -0.45847692218255], [36.60637246089232, -0.3692499009033625], [36.61542536636706, -0.3030988334032738], [36.69086624532329, -0.16771990456588526], [36.65918107616167, -0.14618234770539118]]]}}, {"type": "Feature", "properties": {"GID_1": "KEN.37_1", "NAME_1": "Samburu", "risk_level_int": 4, "sampled_mm": 37.9, "date": "2026-03-04"}, "geometry": {"type": "Polygon", "coordinates": [[[36.39362918223575, 0.9168499230518368], [36.42380553381824, 0.9445410675867567], [36.44191134476773, 1.04146007345898], [36.44342016234686, 1.178377399214975], [36.39513799981487, 1.2245293067731762], [36.44191134476773, 1.2568356420639173], [36.42229671623912, 1.3460626633431048], [36.46001715571723, 1.37221541095942], [36.39212036465662, 1.449135256889754], [36.355908742757634, 1.4414432722967199], [36.30008249233003, 1.4891335767735274], [36.30310012748828, 1.5414390720061562], [36.372505736128005, 1.572207010378289], [36.396646817394, 1.5275934997386962], [36.45549070297986, 1.6137437271806707], [36.49924641277447, 1.7075859392156794], [36.52942276435696, 1.8060433420065074], [36.51584340614484, 1.8829631879368431], [36.53696685225258, 1.9060391417159437], [36.54451094014821, 2.012188529099806], [36.56563438625595, 2.110645931890634], [36.61240773120881, 2.162951427123261], [36.70293678595628, 2.206026540844249], [36.722551414484904, 2.3029455467164706], [36.601846008154936, 2.361404629623525], [36.601846008154936, 2.4060181402631198], [36.695392698060665, 2.455246841658534], [36.71500732658928, 2.5075523368911607], [36.76027185396302, 2.515244321484195], [36.844765638393994, 2.2752544021815506], [36.891538983346855, 2.195257762414002], [36.91417124703373, 2.1260299010767003], [36.91718888219198, 2.022957307530053], [36.95189168651184, 2.026034101367266], [37.0107355720977, 1.9844973845648841], [37.16161733001016, 1.9644982246229983], [37.17519668822228, 1.9214231109020101], [37.23404057380814, 1.872194409506596], [37.274778648444496, 1.8660408218321685], [37.30495500002699, 1.752199449855274], [37.35927243287547, 1.727585099157567], [37.475451386468066, 1.5491310565991903], [37.5569275357408, 1.39990655549434], [37.58861270490241, 1.37221541095942], [37.64745659048827, 1.4029833493315529], [37.843602875774465, 1.4291360969478664], [37.85416459882833, 1.459904035320001], [37.952237741471436, 1.3875993801454864], [37.94620247115493, 1.2629892297383432], [37.949220106313184, 1.1983765591568627], [38.03220507316503, 1.0891503779357876], [38.04729324895628, 0.8091621387493682], [38.012590444636416, 0.8091621387493682], [37.91300848441419, 0.7183967205515724], [37.8888674031482, 0.7445494681678877], [37.83304115272059, 0.6845519883422249], [37.74402091555224, 0.678398400667799], [37.639912502592644, 0.6260929054351703], [37.582577434585914, 0.579940997876971], [37.51618946110443, 0.5722490132839368], [37.47092493373069, 0.5937865701444309], [37.38944878445797, 0.5784026009583627], [37.351728344979854, 0.6245545085165638], [37.28835800665662, 0.741472674330673], [37.16614378274753, 0.7476262620051006], [37.09975580926605, 0.7922397726446953], [36.966979862303084, 0.7476262620051006], [36.9307682404041, 0.7476262620051006], [36.864380266922616, 0.7430110712492795], [36.81911573954888, 0.8599292370633886], [36.757254218804775, 0.8645444278192098], [36.67577806953204, 0.8183925202610087], [36.4826494194041, 0.8183925202610087], [36.49019350729972, 0.8522372524703563], [36.39362918223575, 0.9168499230518368]]]}}, {"type": "Feature", "properties": {"GID_1": "KEN.38_1", "NAME_1": "Siaya", "risk_level_int": 5, "sampled_mm": 44.6, "date": "2026-03-04"}, "geometry": {"type": "Polygon", "coordinates": [[[33.95537997437044, -0.33386677177540847], [33.98706514353206, -0.12772158468211003], [33.94934470405394, -0.023110594216854352], [34.012715042377174, -0.023110594216854352], [34.04138257638054, 0.00458055031806559], [34.07155892796303, 0.12457550996938771], [34.11229700259939, 0.1538050514229159], [34.11682345533677, 0.2461088665393163], [34.2661963956701, 0.312259934039405], [34.37332244378794, 0.312259934039405], [34.41406051842431, 0.20457214973693638], [34.46686913369367, 0.16149703601594823], [34.47441322158929, 0.1076531438647148], [34.54532764780815, 0.14303627299266886], [34.5543805532829, 0.09380757159725484], [34.533257107175146, -0.00926502194939438], [34.43065751179468, -0.056955326426201935], [34.41556933600343, -0.08926166171694305], [34.48346612706404, -0.2954068488102397], [34.42160460631993, -0.33078997793819376], [34.31900501093946, -0.41694020538017007], [34.26770521324923, -0.40463303003131657], [34.24054649682498, -0.33386677177540847], [33.95537997437044, -0.33386677177540847]]]}}, {"type": "Feature", "properties": {"GID_1": "KEN.39_1", "NAME_1": "Taita Taveta", "risk_level_int": 5, "sampled_mm": 61.1, "date": "2026-03-04"}, "geometry": {"type": "Polygon", "coordinates": [[[39.086868560973116, -3.5691154916052916], [39.05669220939062, -3.6844952605007943], [38.9691807898014, -3.633728162186772], [38.929951532744155, -3.6952640389310414], [39.035568763282875, -3.7583383125939154], [38.946548526114526, -3.9598683089313926], [38.44562108984517, -4.138322351489769], [38.4048830152088, -4.110631206954849], [37.78626780776773, -3.6768032759077602], [37.74402091555224, -3.5445011409075846], [37.673106489333385, -3.5091180117796306], [37.58559506974416, -3.439890150442329], [37.7108269288115, -3.3045112216049404], [37.689703482703756, -3.1752858804419777], [37.810408889033724, -3.1675938958489436], [37.85265578124921, -3.179901071197797], [37.8949026734647, -2.8860672597439176], [37.91753493715157, -2.8691448936392447], [37.93714956568019, -2.7706874908484167], [37.9748700051583, -2.7876098569530896], [38.16196338496975, -2.6922292479994745], [38.24947480455897, -2.7491499339879226], [38.36112730541419, -2.8968360381741647], [38.409409467946176, -2.9276039765462993], [38.456182812899044, -2.989139853290567], [38.51955315122227, -2.975294281023107], [38.81980784946806, -3.067598096139509], [38.89223109326604, -3.038368554685981], [38.976724877697016, -3.0399069516045873], [39.025007040229, -3.021446188581308], [39.07630683791924, -3.041445348523194], [39.1351507235051, -3.041445348523194], [39.219644507936074, -3.0691364930581155], [39.086868560973116, -3.5691154916052916]]]}}, {"type": "Feature", "properties": {"GID_1": "KEN.40_1", "NAME_1": "Tana River", "risk_level_int": 5, "sampled_mm": 41.2, "date": "2026-03-04"}, "geometry": {"type": "Polygon", "coordinates": [[[40.186796576154926, -2.7276123771274285], [39.892577148225634, -2.3091684152664076], [39.50481103039062, -2.747611537069316], [39.219644507936074, -3.0691364930581155], [39.1351507235051, -3.041445348523194], [39.07630683791924, -3.041445348523194], [38.623661564181866, -2.412241008813055], [38.696084807979844, -2.409164214975842], [38.73984051777446, -2.3645507043362475], [38.79717558578119, -2.3399363536385405], [39.01293649959601, -1.9153388041030919], [38.958619066747524, -1.7030400293353676], [38.99935714138388, -1.6784256786376606], [38.961636701905775, -1.0522981327647347], [38.806228491255936, -0.7261579860201159], [38.41846237342092, -0.0708008986936619], [38.4169535558418, -0.06772410485644897], [38.457691630478166, -0.08618486787973012], [38.51955315122227, -0.06310891410062958], [38.548220685225644, -0.02003380037964142], [38.63573210481486, -0.053878532588989], [38.75794632872395, -0.07387769253087662], [38.74889342324921, -0.027725784972675527], [38.83338720768018, -0.049263341833169605], [38.93749562063978, -0.043109754158741964], [38.96767197222227, -0.013880212705215556], [39.086868560973116, -0.006188228112181449], [39.13967717624247, -0.06618570793784251], [39.190976973932706, -0.08926166171694305], [39.32978819121217, -0.09080005863554952], [39.40372025258927, -0.14156715694957], [39.44747596238388, -0.1492591415426041], [39.53196974681486, -0.21848700287990575], [39.62702525429971, -0.31848280258934025], [39.63306052461621, -0.49232165439189757], [39.69341322778119, -0.49386005131050403], [39.80959218137379, -0.5815486756710868], [39.90163005370038, -0.8338457703225846], [39.90464768885863, -0.898458440904065], [39.93482404044112, -1.0030694313693207], [40.04044127097984, -1.2030610307881915], [40.04949417645459, -1.3045952274162342], [40.09023225109095, -1.483049269974611], [40.14756731909769, -1.5876602604398666], [40.170199582784555, -1.7184239985214358], [40.16567313004718, -1.8261117828239044], [40.188305393734055, -1.8614949119518585], [40.188305393734055, -1.964567505498506], [40.21244647500004, -2.039948954510235], [40.25016691447816, -2.2476325385221383], [40.25016691447816, -2.395318642708382], [40.345222421963, -2.398395436545595], [40.39652221965324, -2.430701771836336], [40.447822017343476, -2.3999338334642015], [40.66509174873741, -2.4660849009642902], [40.737514992535395, -2.4568545194526497], [40.61077431588893, -2.559927112999299], [40.5292981666162, -2.532235968464377], [40.45234847008085, -2.543004746894624], [40.29694025943102, -2.6245397835807793], [40.188305393734055, -2.7306891709646415], [40.186796576154926, -2.7276123771274285], [40.186796576154926, -2.7276123771274285], [40.186796576154926, -2.7276123771274285], [40.186796576154926, -2.7276123771274285], [40.186796576154926, -2.7276123771274285], [40.186796576154926, -2.7276123771274285], [40.186796576154926, -2.7276123771274285]]]}}, {"type": "Feature", "properties": {"GID_1": "KEN.41_1", "NAME_1": "Tharaka-Nithi", "risk_level_int": 5, "sampled_mm": 63.4, "date": "2026-03-04"}, "geometry": {"type": "Polygon", "coordinates": [[[37.31249908792262, -0.15079753846121058], [37.57955979942766, -0.18002707991473876], [37.6248243268014, -0.20464143061244577], [37.719879834286246, -0.2031030336938393], [37.77721490229298, -0.1538743322984235], [37.80588243629635, -0.18156547683334523], [37.93714956568019, -0.05541692950759547], [37.90999084925595, 0.016887725666919096], [37.9809052754748, 0.06765482398093958], [38.06992551264315, 0.024579710259953202], [38.11066358727951, 0.05380925171347961], [38.305301054986586, -0.053878532588989], [38.27059825066672, -0.09695364630997716], [38.22231608813473, -0.10464563090300949], [38.18610446623574, -0.1538743322984235], [38.163472202548874, -0.2246405905543316], [38.11368122243776, -0.27694608578696034], [37.99901108642429, -0.26463891043810683], [37.964308282104426, -0.41078661770574243], [37.935640748101065, -0.4277089838104171], [37.86623513946133, -0.3830954731708225], [37.78475899018861, -0.44770814375230295], [37.72893273976099, -0.45078493758951765], [37.553909900582546, -0.356942725554509], [37.32456962855561, -0.16002791997285115], [37.321551993397364, -0.15848952305424469], [37.31249908792262, -0.15079753846121058]]]}}, {"type": "Feature", "properties": {"GID_1": "KEN.42_1", "NAME_1": "Trans Nzoia", "risk_level_int": 5, "sampled_mm": 43.2, "date": "2026-03-04"}, "geometry": {"type": "Polygon", "coordinates": [[[34.581539269707136, 1.1506862546800551], [34.66905068929636, 1.2076069406685033], [34.795791365942826, 1.2229909098545697], [34.81993244720882, 1.2614508328197367], [34.904426231639796, 1.2522204513080961], [35.01306109733677, 1.2599124359011302], [35.07341380050175, 1.1829925899707963], [35.15187231461623, 1.2045301468312886], [35.2424013693637, 1.079919996424147], [35.313315795582554, 1.04146007345898], [35.35858032295629, 0.9506946552611844], [35.29219234947481, 0.9199267168890497], [35.12773123335023, 0.9245419076448709], [35.11415187513811, 0.8876203815983104], [35.040219813761006, 0.9060811446215897], [34.94214667111791, 0.8753132062494569], [34.871232244899055, 0.8306996956098622], [34.81087954173407, 0.8260845048540411], [34.78673846046808, 0.8968507631099492], [34.73694748035697, 0.946079464505365], [34.63133024981825, 1.0983807594474264], [34.581539269707136, 1.1506862546800551]]]}}, {"type": "Feature", "properties": {"GID_1": "KEN.43_1", "NAME_1": "Turkana", "risk_level_int": 3, "sampled_mm": 27.1, "date": "2026-03-04"}, "geometry": {"type": "Polygon", "coordinates": [[[35.78557569784854, 1.6598956347388718], [35.67090556183508, 1.7337386868319928], [35.593955865299726, 1.7691218159599469], [35.50342681055225, 1.7706602128785534], [35.47325045896976, 1.839888074215855], [35.36914204601016, 1.9337302862508636], [35.393283127276156, 1.9691134153788177], [35.31180697800343, 2.284484783693191], [35.29219234947481, 2.4290940940422203], [35.23334846388895, 2.4475548570654997], [35.21222501778121, 2.542935466019115], [35.15790758493272, 2.629085693461091], [35.112643057558984, 2.6521616472401917], [35.06737853018525, 2.626008899623878], [35.01909636765326, 2.5137059245655884], [35.025131637969764, 2.4367860786352544], [34.95421721175091, 2.4583236354957467], [34.91347913711454, 2.5167827184028013], [34.89688214374417, 2.5875489766587094], [34.85161761637043, 2.5844721828214965], [34.77466791983508, 2.6983135547983927], [34.78372082530983, 2.755234240786839], [34.73694748035697, 2.8552300404962754], [34.65245369592599, 2.867537215845129], [34.59964508065663, 2.924457901833577], [34.55890700602027, 3.110603928984986], [34.54532764780815, 3.1367566766013013], [34.456307410639795, 3.1829085841595024], [34.44725450516505, 3.282904383868937], [34.40048116021219, 3.370593008229518], [34.41858697116168, 3.4336672818923937], [34.395954707474814, 3.4890495709622336], [34.45178095790242, 3.5167407154971553], [34.46385149853542, 3.670580407357825], [34.40500761294956, 3.6936563611369255], [34.382375349262695, 3.727501093346273], [34.30844328788559, 3.712117124160205], [34.245072949562356, 3.7844217793347195], [34.214896597979866, 3.881340785206943], [34.12738517839064, 3.8721104036953022], [34.134929266286264, 3.9613374249744897], [34.059488387330035, 4.027488492474578], [34.091173556491654, 4.061333224683926], [34.04892666427616, 4.121330704509587], [34.04741784669704, 4.179789787416642], [34.0021533193233, 4.221326504219022], [33.99159159626943, 4.256709633346976], [34.37181362620882, 4.624386496893976], [34.672068324454614, 4.755150234975545], [34.928567312905784, 4.85668443160359], [35.35103623506067, 5.010524123464258], [35.408371303067405, 5.06129122177828], [35.44156528980814, 5.058214427941067], [35.4204418437004, 4.944373055964171], [35.53662079729299, 4.958218628231631], [35.48682981718188, 4.776687791836039], [35.58339414224585, 4.624386496893976], [35.6905201903637, 4.624386496893976], [35.73578471773743, 4.667461610614964], [35.78406688026942, 4.67361519828939], [35.79311978574417, 4.625924893812584], [35.87006948227952, 4.627463290731189], [35.96512498976437, 4.512083521835688], [36.052636409353596, 4.449009248172814], [36.049618774195345, 4.056718033928105], [36.052636409353596, 3.2382908732293423], [36.13713019378457, 3.209061331775816], [36.15221836957582, 3.0813743875314596], [36.12355083557245, 2.984455381659238], [36.26085323527278, 2.9429186648568564], [36.26990614074754, 2.9121507264847235], [36.387593911919254, 2.832154086717175], [36.44643779750511, 2.7106207301472462], [36.43889370960949, 2.6337008842169105], [36.51433458856572, 2.5598578321237895], [36.52942276435696, 2.5275514968330484], [36.53847566983171, 2.4121717279375456], [36.601846008154936, 2.4060181402631198], [36.601846008154936, 2.361404629623525], [36.722551414484904, 2.3029455467164706], [36.70293678595628, 2.206026540844249], [36.61240773120881, 2.162951427123261], [36.56563438625595, 2.110645931890634], [36.54451094014821, 2.012188529099806], [36.53696685225258, 1.9060391417159437], [36.51584340614484, 1.8829631879368431], [36.52942276435696, 1.8060433420065074], [36.49924641277447, 1.7075859392156794], [36.45549070297986, 1.6137437271806707], [36.396646817394, 1.5275934997386962], [36.372505736128005, 1.572207010378289], [36.30310012748828, 1.5414390720061562], [36.30008249233003, 1.4891335767735274], [36.355908742757634, 1.4414432722967199], [36.39212036465662, 1.449135256889754], [36.46001715571723, 1.37221541095942], [36.42229671623912, 1.3460626633431048], [36.44191134476773, 1.2568356420639173], [36.39513799981487, 1.2245293067731762], [36.44342016234686, 1.178377399214975], [36.44191134476773, 1.04146007345898], [36.42380553381824, 0.9445410675867567], [36.39362918223575, 0.9168499230518368], [36.389102729498376, 0.9491562583425779], [36.3166794857004, 0.995308165900779], [36.17334181568356, 1.1753006053777622], [36.096392119148206, 1.1706854146219428], [35.78557569784854, 1.6598956347388718]]]}}, {"type": "Feature", "properties": {"GID_1": "KEN.44_1", "NAME_1": "Uasin Gishu", "risk_level_int": 5, "sampled_mm": 54.6, "date": "2026-03-04"}, "geometry": {"type": "Polygon", "coordinates": [[[35.52304143908087, 0.019964519504132028], [35.435530019491644, 0.030733297934379067], [35.373668498747534, 0.07842360241118662], [35.38724785695966, 0.11842192229496185], [35.33594805926943, 0.14765146374848825], [35.34198332958592, 0.20611054665554285], [35.28917471431656, 0.2338016911904628], [35.14131059156235, 0.4784068012489282], [35.1563987673536, 0.5430194718304087], [35.04474626649838, 0.5676338225281174], [34.85161761637043, 0.5522498533420492], [34.89084687342768, 0.6122473331677103], [34.91951440743104, 0.5968633639816439], [35.00099055670377, 0.643015271539845], [35.08699315871387, 0.6337848900282044], [35.15488994977447, 0.6799367975864055], [35.1443282267206, 0.8322380925284687], [35.11415187513811, 0.8876203815983104], [35.12773123335023, 0.9245419076448709], [35.29219234947481, 0.9199267168890497], [35.35858032295629, 0.9506946552611844], [35.4204418437004, 0.9430026706681502], [35.468724006232385, 0.9060811446215897], [35.498900357814875, 0.8260845048540411], [35.50493562813138, 0.7076279421213254], [35.41138893822565, 0.7060895452027189], [35.48079454686538, 0.5953249670630374], [35.46117991833676, 0.45994603822564706], [35.468724006232385, 0.375334207702279], [35.50946208086875, 0.3199519186324391], [35.485320999602756, 0.25533924805095687], [35.512479716027, 0.19380337130668934], [35.587920594983224, 0.17380421136480173], [35.57283241919198, 0.07073161781815429], [35.52304143908087, 0.019964519504132028]]]}}, {"type": "Feature", "properties": {"GID_1": "KEN.45_1", "NAME_1": "Vihiga", "risk_level_int": 5, "sampled_mm": 49.7, "date": "2026-03-04"}, "geometry": {"type": "Polygon", "coordinates": [[[34.533257107175146, -0.00926502194939438], [34.5543805532829, 0.09380757159725484], [34.58606572244451, 0.11996031921356831], [34.705262311195355, 0.13688268531824122], [34.80333545383845, 0.16765062369037587], [34.89386450858592, 0.2122641343299705], [34.91951440743104, 0.18611138671365524], [34.85916170426606, 0.12457550996938771], [34.83803825815831, 0.03996367944601964], [34.746000385831714, -0.016957006542428488], [34.672068324454614, -0.00926502194939438], [34.60266271581488, 0.016887725666919096], [34.58304808728626, -0.027725784972675527], [34.533257107175146, -0.00926502194939438]]]}}, {"type": "Feature", "properties": {"GID_1": "KEN.46_1", "NAME_1": "Wajir", "risk_level_int": 2, "sampled_mm": 9.0, "date": "2026-03-04"}, "geometry": {"type": "Polygon", "coordinates": [[[39.462564138175125, 0.9937697689821725], [39.2769795759428, 1.473749607587461], [39.44144069206739, 1.536823881250335], [39.37656153616503, 1.5875909795643572], [39.341858731845164, 1.6398964747969842], [39.27094430562631, 1.6891251761923982], [39.203047514565704, 1.71681632072732], [39.11855373013473, 1.886039981774056], [39.05970984454887, 1.927576698576436], [38.994830688646516, 2.006034941425378], [38.961636701905775, 2.099877153460387], [38.93749562063978, 2.159874633286048], [38.92542508000678, 2.2814079898559765], [38.92693389758591, 2.4121717279375456], [38.89524872842429, 2.5460122598563295], [38.978233695276145, 2.56908821363543], [39.061218662128, 2.7352350808449533], [39.06725393244449, 2.8829211850311953], [39.11251845981823, 2.884459581949802], [39.126097818030345, 2.9336882833452176], [39.24529440678119, 2.9859937785778445], [39.28905011657581, 3.036760876891865], [39.34487636700341, 3.0706056091012126], [39.341858731845164, 3.250598048578196], [39.328279373633045, 3.2890579715433645], [39.30866474510442, 3.47674239561338], [39.33280582637042, 3.465973617183133], [39.498775760074125, 3.4536664418342795], [39.51235511828624, 3.410591328113293], [39.559128463239105, 3.4121297250318996], [39.57874309176772, 3.4721272048575607], [39.770362924316544, 3.6690420104392185], [39.77941582979129, 3.6859643765438914], [39.78545110010779, 3.659811628927578], [39.786959917686914, 3.336748276020172], [40.032897183084216, 3.236752476310736], [40.203393569525296, 3.0521448460779332], [40.26978154300677, 2.9721482063103846], [40.493086544717215, 2.8690756127637354], [40.49459536229634, 2.8029245452636466], [40.51873644356233, 2.7783101945659396], [40.521754078720576, 2.692159967123965], [40.613791951047176, 2.4644772231701744], [40.66358293115829, 2.424478903286399], [40.66509174873741, 2.3906341710770533], [40.737514992535395, 2.3137143251467176], [40.83257050002024, 2.287561577530404], [40.92008191960947, 2.187565777820968], [40.97892580519533, 2.178335396309329], [40.9894875282492, 1.9721902092160306], [40.99401398098657, 1.2306828944476038], [40.99099634582832, 0.8230077110168281], [40.99401398098657, 0.6707064160747649], [40.98797871067008, 0.4614844351442553], [40.841623405494985, 0.3707190169464596], [40.75712962106401, 0.3461046662487526], [40.70884745853203, 0.30918314020219206], [40.64698593778792, 0.23072489735324986], [40.524771713878835, 0.22303291276021575], [40.508174720508464, 0.19380337130668934], [40.40557512512799, 0.1830345928764423], [40.32711661101351, 0.20457214973693638], [40.23809637384516, 0.2538008511323504], [40.17623485310105, 0.31533672787661793], [40.05854708192933, 0.39379497072556013], [40.0132825545556, 0.399948558399986], [39.800539275899034, 0.48456038892335584], [39.7311336672593, 0.5260971057257358], [39.6451310652492, 0.6568608438073049], [39.56365491597648, 0.755318246598133], [39.494249307336744, 0.9583866398542185], [39.462564138175125, 0.9937697689821725]]]}}, {"type": "Feature", "properties": {"GID_1": "KEN.47_1", "NAME_1": "West Pokot", "risk_level_int": 4, "sampled_mm": 38.4, "date": "2026-03-04"}, "geometry": {"type": "Polygon", "coordinates": [[[35.15187231461623, 1.2045301468312886], [35.07341380050175, 1.1829925899707963], [35.01306109733677, 1.2599124359011302], [34.904426231639796, 1.2522204513080961], [34.81993244720882, 1.2614508328197367], [34.82898535268357, 1.3091411372965442], [34.78673846046808, 1.3660618232849924], [34.7942825483637, 1.4137521277618], [34.84407352847481, 1.4583656384013945], [34.86368815700343, 1.5291318966573026], [34.94365548869703, 1.5768222011341102], [34.99193765122902, 1.6645108254946912], [35.00099055670377, 1.7583530375296998], [34.99948173912465, 1.96295982770439], [34.934602583222286, 2.2860231806117977], [34.916496772272794, 2.4229405063677927], [34.95421721175091, 2.4583236354957467], [35.025131637969764, 2.4367860786352544], [35.01909636765326, 2.5137059245655884], [35.06737853018525, 2.626008899623878], [35.112643057558984, 2.6521616472401917], [35.15790758493272, 2.629085693461091], [35.21222501778121, 2.542935466019115], [35.23334846388895, 2.4475548570654997], [35.29219234947481, 2.4290940940422203], [35.31180697800343, 2.284484783693191], [35.393283127276156, 1.9691134153788177], [35.36914204601016, 1.9337302862508636], [35.47325045896976, 1.839888074215855], [35.50342681055225, 1.7706602128785534], [35.593955865299726, 1.7691218159599469], [35.67090556183508, 1.7337386868319928], [35.78557569784854, 1.6598956347388718], [35.77350515721555, 1.5568230411922226], [35.70711718373407, 1.442981669215328], [35.696555460680194, 1.3245251064826125], [35.606026405932724, 1.2829883896802308], [35.544164885188614, 1.2906803742732649], [35.423459478858646, 1.192222971482435], [35.47325045896976, 1.1445326670056275], [35.44760056012464, 1.0691512179939], [35.47475927654888, 1.0322296919473395], [35.39931839759265, 0.9891545782263513], [35.38272140422228, 1.05530564572644], [35.32538633621555, 1.1245335070637417], [35.15187231461623, 1.2045301468312886]]]}}, {"type": "Feature", "properties": {"GID_1": "RWA.1_1", "NAME_1": "Amajyaruguru", "risk_level_int": 2, "sampled_mm": 12.0, "date": "2026-03-04"}, "geometry": {"type": "Polygon", "coordinates": [[[29.982663288535438, -1.9138004071844854], [29.910240044737456, -1.8568797211960373], [29.861957882205473, -1.8691868965448908], [29.797078726303113, -1.8461109427657902], [29.747287746192004, -1.7538071276493898], [29.658267509023652, -1.7353463646261087], [29.625073522282914, -1.5861218635212584], [29.4892799401617, -1.5553539251491255], [29.450050683104465, -1.5061252237537115], [29.525491562060694, -1.4092062178814881], [29.5933883531213, -1.3876686610209958], [29.596405988279546, -1.3876686610209958], [29.60093244101692, -1.3876686610209958], [29.679390955131396, -1.3830534702651747], [29.711076124293015, -1.3461319442186142], [29.797078726303113, -1.3507471349744353], [29.819710989989982, -1.31074881509066], [29.863466699784595, -1.3569007226488612], [29.913257679895707, -1.4815108730560045], [29.97813683579806, -1.458434919276904], [30.07017470812466, -1.3922838517768152], [30.163721398030386, -1.5368931621258444], [30.171265485926007, -1.584583466602652], [30.263303358252607, -1.7091936170097952], [30.273865081306482, -1.7953438444517698], [30.24821518246136, -1.8461109427657902], [30.16221258045126, -1.789190256777344], [30.059612985070792, -1.8322653704983303], [29.982663288535438, -1.9138004071844854]]]}}, {"type": "Feature", "properties": {"GID_1": "RWA.2_1", "NAME_1": "Amajyepfo", "risk_level_int": 2, "sampled_mm": 10.4, "date": "2026-03-04"}, "geometry": {"type": "Polygon", "coordinates": [[[29.430436054575843, -2.8045322230577625], [29.368574533831737, -2.8368385583485036], [29.329345276774497, -2.682998866487834], [29.36706571625261, -2.630693371255207], [29.34443345256574, -2.556850319162084], [29.279554296663385, -2.441470550266583], [29.323310006457998, -2.4322401687549426], [29.327836459195375, -2.3399363536385405], [29.347451087723993, -2.292246049161733], [29.440997777629715, -2.27532368305706], [29.608476528912544, -2.1814814710220514], [29.599423623437794, -2.1368679603824567], [29.638652880495034, -2.0476409391032675], [29.628091157441162, -2.007642619219494], [29.6733556848149, -1.9107236133472725], [29.6733556848149, -1.7861134629401292], [29.658267509023652, -1.7353463646261087], [29.747287746192004, -1.7538071276493898], [29.797078726303113, -1.8461109427657902], [29.861957882205473, -1.8691868965448908], [29.910240044737456, -1.8568797211960373], [29.982663288535438, -1.9138004071844854], [30.018874910434427, -2.0737936867195828], [29.982663288535438, -2.155328723405738], [29.99020737643106, -2.215326203231399], [29.958522207269446, -2.327629178289687], [29.943434031478198, -2.366089101254854], [29.967575112744193, -2.4845456639875696], [29.920801767791332, -2.556850319162084], [29.9313634908452, -2.655307721952914], [29.890625416208838, -2.750688330906529], [29.708058489134764, -2.8199161922438307], [29.668829232077528, -2.7906866507903025], [29.520965109323317, -2.8306849706740778], [29.486262305003454, -2.8014554292205496], [29.430436054575843, -2.8045322230577625]]]}}, {"type": "Feature", "properties": {"GID_1": "RWA.3_1", "NAME_1": "Iburasirazuba", "risk_level_int": 3, "sampled_mm": 14.7, "date": "2026-03-04"}, "geometry": {"type": "Polygon", "coordinates": [[[30.54394342796978, -2.4137794057316615], [30.408149845848566, -2.3091684152664076], [30.371938223949577, -2.356858719743215], [30.30102379773072, -2.373781085847888], [30.242179912144863, -2.3583971166618216], [30.183336026559004, -2.4291633749177297], [30.097333424548907, -2.423009787243302], [30.03698072138392, -2.3537819259060004], [29.958522207269446, -2.327629178289687], [29.99020737643106, -2.215326203231399], [29.982663288535438, -2.155328723405738], [30.018874910434427, -2.0737936867195828], [30.1154392354984, -2.0584097175335145], [30.180318391400757, -2.0337953668358075], [30.228600553932743, -2.043025748347448], [30.23463582424924, -1.961490711661293], [30.27688271646473, -1.9353379640449795], [30.24821518246136, -1.8461109427657902], [30.273865081306482, -1.7953438444517698], [30.263303358252607, -1.7091936170097952], [30.171265485926007, -1.584583466602652], [30.163721398030386, -1.5368931621258444], [30.07017470812466, -1.3922838517768152], [30.14561558708089, -1.3507471349744353], [30.17579193866338, -1.2707504952068867], [30.210494742983247, -1.2769040828813125], [30.29046207467685, -1.190753855439338], [30.302532615309847, -1.152293932474171], [30.341761872367087, -1.1246027879392493], [30.358358865737458, -1.0599901173577688], [30.4715201841718, -1.0553749266019494], [30.45190555564318, -1.081527674218263], [30.4715201841718, -1.1584475201485969], [30.506222988491665, -1.169216298578844], [30.551487515865404, -1.250751335264999], [30.569593326814896, -1.3369015627069736], [30.628437212400755, -1.3830534702651747], [30.7355632605186, -1.4184365993931287], [30.74612498357247, -1.521509192939778], [30.839671673478193, -1.6507345341027406], [30.812512957053954, -1.7322695707888958], [30.830618768003447, -1.7553455245679963], [30.83514522074082, -1.8553413242774308], [30.806477686737452, -1.9184155979403066], [30.827601132845196, -1.97225949009154], [30.89851555906405, -2.078408877475402], [30.844198126215566, -2.204557424801152], [30.853251031690316, -2.319937193696653], [30.77479251757584, -2.3891650550339545], [30.717457449569103, -2.355320322824607], [30.657104746404123, -2.4137794057316615], [30.610331401451262, -2.3999338334642015], [30.54394342796978, -2.4137794057316615]]]}}, {"type": "Feature", "properties": {"GID_1": "RWA.4_1", "NAME_1": "Iburengerazuba", "risk_level_int": 2, "sampled_mm": 9.6, "date": "2026-03-04"}, "geometry": {"type": "Polygon", "coordinates": [[[29.450050683104465, -1.5061252237537115], [29.4892799401617, -1.5553539251491255], [29.625073522282914, -1.5861218635212584], [29.658267509023652, -1.7353463646261087], [29.6733556848149, -1.7861134629401292], [29.6733556848149, -1.9107236133472725], [29.628091157441162, -2.007642619219494], [29.638652880495034, -2.0476409391032675], [29.599423623437794, -2.1368679603824567], [29.608476528912544, -2.1814814710220514], [29.440997777629715, -2.27532368305706], [29.347451087723993, -2.292246049161733], [29.327836459195375, -2.3399363536385405], [29.323310006457998, -2.4322401687549426], [29.279554296663385, -2.441470550266583], [29.34443345256574, -2.556850319162084], [29.36706571625261, -2.630693371255207], [29.329345276774497, -2.682998866487834], [29.262957303293014, -2.6183861959063535], [29.219201593498404, -2.6276165774179923], [29.163375343070793, -2.595310242127253], [29.084916828956317, -2.592233448290038], [29.039652301582578, -2.742996346313495], [29.00344067968359, -2.704536423348328], [28.917438077673488, -2.679922072650621], [28.890279361249245, -2.5583887160806924], [28.893296996407496, -2.4876224578247843], [28.866138279983254, -2.4353169625921556], [28.912911624936115, -2.370704292010675], [28.958176152309854, -2.3753194827664945], [29.009475950000088, -2.2907076522431264], [29.093969734431063, -2.2768620799756665], [29.16639297822904, -2.1507135326499167], [29.172428248545543, -2.0799472743940086], [29.140743079383924, -1.9891818561962147], [29.12565490359268, -1.8891860564867784], [29.14225189696305, -1.8430341489285773], [29.291624837296382, -1.6291969772422465], [29.36706571625261, -1.5092020175909244], [29.450050683104465, -1.5061252237537115]]]}}, {"type": "Feature", "properties": {"GID_1": "RWA.5_1", "NAME_1": "Umujyi wa Kigali", "risk_level_int": 2, "sampled_mm": 12.0, "date": "2026-03-04"}, "geometry": {"type": "Polygon", "coordinates": [[[29.982663288535438, -1.9138004071844854], [30.059612985070792, -1.8322653704983303], [30.16221258045126, -1.789190256777344], [30.24821518246136, -1.8461109427657902], [30.27688271646473, -1.9353379640449795], [30.23463582424924, -1.961490711661293], [30.228600553932743, -2.043025748347448], [30.180318391400757, -2.0337953668358075], [30.1154392354984, -2.0584097175335145], [30.018874910434427, -2.0737936867195828], [29.982663288535438, -1.9138004071844854]]]}}, {"type": "Feature", "properties": {"GID_1": "SOM.1_1", "NAME_1": "Awdal", "risk_level_int": 3, "sampled_mm": 22.8, "date": "2026-03-04"}, "geometry": {"type": "Polygon", "coordinates": [[[42.93586220531989, 10.965658595390781], [42.96151210416502, 10.984119358414063], [43.21951991019532, 11.397948129519264], [43.25874916725256, 11.461022403182138], [43.31608423525929, 11.457945609344925], [43.33117241105053, 11.42410087713558], [43.417175013060636, 11.384102557251804], [43.479036533804745, 11.32872026818196], [43.51826579086198, 11.187187751670145], [43.554477412760974, 11.177957370158506], [43.65104173782494, 10.993349739925701], [43.7460972453098, 10.879508367948805], [43.906031908697, 10.721053485332316], [44.06898420724245, 10.60721211335542], [44.08256356545458, 10.581059365739108], [44.198742519047165, 10.508754710564592], [44.23495414094616, 10.473371581436638], [44.13989863346131, 10.290302348122442], [44.04031667323909, 10.150308228529234], [43.75967660352191, 10.279533569692195], [43.39001629663639, 9.77955457114502], [43.30099605946805, 9.651867626900664], [43.27534616062293, 9.701096328296078], [43.251205079356936, 9.828783272540434], [43.213484639878814, 9.871858386261419], [43.080708692915856, 9.939547850680114], [43.05204115891249, 10.002622124342988], [42.99319727332663, 10.08108036719193], [42.88305359005054, 10.185691357657188], [42.804595075936064, 10.314916698820149], [42.70501311571384, 10.574905778064682], [42.70652193329296, 10.619519288704275], [42.79705098804044, 10.791819743588224], [42.93586220531989, 10.965658595390781]]]}}, {"type": "Feature", "properties": {"GID_1": "SOM.2_1", "NAME_1": "Bakool", "risk_level_int": 2, "sampled_mm": 7.1, "date": "2026-03-04"}, "geometry": {"type": "Polygon", "coordinates": [[[43.11993794997309, 3.670580407357825], [43.139552578501714, 3.850572846834808], [43.10032332144448, 3.930569486602357], [42.89059767794616, 4.290554365556325], [42.772909906774444, 4.26440161794001], [42.801577440777805, 4.275170396370257], [42.9479327459529, 4.395165356021579], [43.00828544911788, 4.487469171137981], [43.03242653038387, 4.555158635556676], [43.16218484218858, 4.658231229103325], [43.397560384532014, 4.784379776429073], [43.55145977760272, 4.8305316839872745], [43.80644994847478, 4.89822114840597], [44.028246132606085, 4.93975786520835], [44.382818263700365, 4.936681071371137], [44.58952627204043, 4.921297102185068], [44.68005532678791, 4.410549325207647], [44.749460935427635, 4.070563606195567], [44.79925191553875, 3.8598032283464487], [44.77058438153538, 3.6998099488113514], [44.779637287010125, 3.2705972085200834], [44.660440698259286, 3.250598048578196], [44.610649718148174, 3.2705972085200834], [44.409976980124604, 3.2598284300898364], [44.28021866831989, 3.339825069857385], [44.31039501990239, 3.3905921681714055], [44.31039501990239, 3.5705846076483887], [44.180636708097666, 3.850572846834808], [43.94978761849161, 3.91980070817211], [43.880382009851886, 3.91980070817211], [43.750623698047164, 3.850572846834808], [43.679709271828315, 3.719809108753239], [43.58012731160609, 3.610582927532164], [43.40963092516502, 3.5705846076483887], [43.11993794997309, 3.670580407357825]]]}}, {"type": "Feature", "properties": {"GID_1": "SOM.3_1", "NAME_1": "Banaadir", "risk_level_int": 1, "sampled_mm": 4.0, "date": "2026-03-04"}, "geometry": {"type": "Polygon", "coordinates": [[[45.60345168521214, 2.1829505870651484], [45.392217224134704, 2.0521868489835793], [45.26698536506736, 1.9891125753207053], [45.390708406555575, 2.1506442517744073], [45.46011401519531, 2.170643411716295], [45.60345168521214, 2.1829505870651484]]]}}, {"type": "Feature", "properties": {"GID_1": "SOM.4_1", "NAME_1": "Bari", "risk_level_int": 1, "sampled_mm": 5.0, "date": "2026-03-04"}, "geometry": {"type": "Polygon", "coordinates": [[[49.07976738751516, 9.13958145300463], [49.06015275898654, 9.570332590214509], [49.02997640740405, 10.779512568239372], [48.91530627139058, 11.239493246902775], [48.870041744016845, 11.251800422251627], [48.95453552844782, 11.24103164382138], [49.067696846882164, 11.2687227883563], [49.25931667943098, 11.305644314402862], [49.30005475406735, 11.33487385585639], [49.42226897797644, 11.336412252774995], [49.50827157998654, 11.382564160333196], [49.55051847220203, 11.44563843399607], [49.648591614845124, 11.45948400626353], [49.695364959797985, 11.47948316620542], [49.75420884538384, 11.45948400626353], [49.82814090676095, 11.45948400626353], [49.94582867793267, 11.516404692251978], [50.07106053700001, 11.505635913821731], [50.12688678742761, 11.541019042949685], [50.264189187127954, 11.584094156670673], [50.30190962660606, 11.617938888880023], [50.416579762619534, 11.664090796438224], [50.49805591189226, 11.737933848531345], [50.53426753379125, 11.810238503705857], [50.54482925684512, 11.870235983531519], [50.62781422369697, 11.942540638706035], [50.677605203808085, 11.936387051031609], [50.7952929749798, 11.988692546264236], [50.85111922540741, 11.94869422638046], [50.97484226689562, 11.919464684926933], [51.047265510693606, 11.876389571205948], [51.1453386533367, 11.873312777368731], [51.23888534324242, 11.834852854403564], [51.288676323353535, 11.83331445748496], [51.247938248717176, 11.713319497833638], [51.243411795979796, 11.654860414926581], [51.16495328186532, 11.567171790566], [51.122706389649835, 11.4979439292287], [51.12572402480808, 11.444100037077465], [51.08196831501347, 11.319489886670322], [51.08196831501347, 11.208725308530639], [51.11516230175421, 11.150266225623586], [51.18155027523569, 11.136420653356126], [51.149865106074074, 11.079499967367678], [51.121197572070706, 10.970273786146603], [51.134776930282825, 10.67336318085551], [51.16947973460269, 10.568752190390253], [51.12421520722896, 10.561060205797222], [51.02463324700673, 10.442603643064505], [51.02915969974411, 10.410297307773764], [51.23586770808417, 10.444142039983113], [51.196638451026935, 10.479525169111067], [51.2192707147138, 10.527215473587873], [51.291693958511786, 10.479525169111067], [51.39278473631313, 10.47644837527385], [51.415417, 10.445680436901718], [51.37618774294276, 10.373375781727205], [51.29320277609091, 10.373375781727205], [51.247938248717176, 10.424142880041224], [51.11214466659596, 10.411835704692372], [51.03670378763973, 10.391836544750483], [50.89789257036027, 10.311839904982936], [50.90392784067677, 10.19799853300604], [50.8873308473064, 10.11492509940128], [50.90241902309764, 9.996468536668562], [50.85111922540741, 9.856474417075354], [50.82245169140404, 9.648790833063448], [50.8013282452963, 9.556487017947049], [50.82848696172054, 9.41956969219105], [50.74248435971044, 9.291882747946694], [50.706272737811446, 9.271883588004808], [50.65497294012121, 9.204194123586113], [50.64742885222559, 9.091891148527825], [50.62328777095959, 9.054969622481263], [50.445247296622895, 8.898053136783382], [50.412053309882154, 8.828825275446079], [50.384894593457915, 8.704215125038939], [50.34566533640067, 8.65652482056213], [50.33359479576768, 8.551913830096876], [50.29738317386869, 8.490377953352606], [50.24004810586196, 8.436534061201371], [50.17818658511785, 8.330384673817509], [50.04993709089226, 8.439610855038584], [49.93074050214142, 8.459610014980473], [49.84021144739394, 8.330384673817509], [49.77985874422896, 8.530376273236381], [49.680276784006736, 8.579604974631795], [49.44942769440068, 8.590373753062043], [49.28949303101348, 8.690369552771475], [49.179349347737386, 8.770366192539026], [49.10994373909765, 8.899591533701987], [49.07976738751516, 9.13958145300463]]]}}, {"type": "Feature", "properties": {"GID_1": "SOM.5_1", "NAME_1": "Bay", "risk_level_int": 1, "sampled_mm": 3.5, "date": "2026-03-04"}, "geometry": {"type": "Polygon", "coordinates": [[[44.660440698259286, 3.250598048578196], [44.69061704984178, 3.050606449159325], [44.63931725215154, 2.8106165298566808], [44.660440698259286, 2.7506190500310197], [44.61970262362292, 2.479861192356241], [44.64987897520541, 2.219872113111709], [43.880382009851886, 1.8798863940996284], [43.58012731160609, 1.7598914344483063], [42.97961791511451, 1.459904035320001], [42.89965058342091, 1.519901515145662], [42.51942855348152, 1.8798863940996284], [42.40023196473068, 1.9506526523555365], [42.59939588517511, 3.0706056091012126], [42.9298269350034, 3.039837670729078], [43.10032332144448, 3.0598368306709656], [43.10032332144448, 3.23059888863631], [43.11993794997309, 3.670580407357825], [43.40963092516502, 3.5705846076483887], [43.58012731160609, 3.610582927532164], [43.679709271828315, 3.719809108753239], [43.750623698047164, 3.850572846834808], [43.880382009851886, 3.91980070817211], [43.94978761849161, 3.91980070817211], [44.180636708097666, 3.850572846834808], [44.31039501990239, 3.5705846076483887], [44.31039501990239, 3.3905921681714055], [44.28021866831989, 3.339825069857385], [44.409976980124604, 3.2598284300898364], [44.610649718148174, 3.2705972085200834], [44.660440698259286, 3.250598048578196]]]}}, {"type": "Feature", "properties": {"GID_1": "SOM.6_1", "NAME_1": "Galguduud", "risk_level_int": 2, "sampled_mm": 7.0, "date": "2026-03-04"}, "geometry": {"type": "Polygon", "coordinates": [[[47.83499288473739, 4.342859860788952], [47.748990282727284, 4.23671047340509], [47.628284876397316, 4.113638719916553], [47.49852656459261, 3.9505686465442427], [47.40648869226601, 3.8521112437534146], [47.229957035508434, 3.684425979625285], [47.035319567801366, 3.4721272048575607], [46.389545643936046, 3.8905711667185816], [46.400107366989914, 4.230556885730662], [46.14964364885524, 4.430548485149533], [46.110414391798, 4.739766265789481], [46.20999635202023, 4.93975786520835], [46.22961098054884, 5.0797519848015575], [46.03949996557914, 5.0305232834061435], [45.710577733329984, 5.110519923173694], [45.53253725899329, 5.481273580557907], [45.897671113141435, 5.856642428697942], [46.176802365279485, 6.153553033989034], [46.529865678794636, 6.5196915006174265], [47.599617342393955, 6.279701581314782], [47.350662441838395, 5.75049304131408], [47.46985903058924, 5.570500601837097], [47.610179065447824, 5.190516562941241], [47.50003538217173, 4.490545964975194], [47.83499288473739, 4.342859860788952]]]}}, {"type": "Feature", "properties": {"GID_1": "SOM.7_1", "NAME_1": "Gedo", "risk_level_int": 2, "sampled_mm": 6.0, "date": "2026-03-04"}, "geometry": {"type": "Polygon", "coordinates": [[[41.926463244885554, 4.002874141776871], [42.01397466447479, 4.0982547507304865], [42.07885382037714, 4.130561086021228], [42.204085679444475, 4.1613290243933605], [42.436443586629665, 4.167482612067788], [42.69143375750171, 4.224403298056236], [42.772909906774444, 4.26440161794001], [42.89059767794616, 4.290554365556325], [43.10032332144448, 3.930569486602357], [43.139552578501714, 3.850572846834808], [43.11993794997309, 3.670580407357825], [43.10032332144448, 3.23059888863631], [43.10032332144448, 3.0598368306709656], [42.9298269350034, 3.039837670729078], [42.59939588517511, 3.0706056091012126], [42.40023196473068, 1.9506526523555365], [41.639787904851886, 1.9398838739252913], [41.4195005382997, 1.2599124359011302], [40.99401398098657, 1.2306828944476038], [40.9894875282492, 1.9721902092160306], [40.97892580519533, 2.178335396309329], [40.98646989309095, 2.2291024946233495], [40.98646989309095, 2.8198469113683213], [41.13282519826603, 2.970609809391778], [41.3274626659731, 3.1582942334617936], [41.66091135095964, 3.6398124689856903], [41.926463244885554, 4.002874141776871]]]}}, {"type": "Feature", "properties": {"GID_1": "SOM.8_1", "NAME_1": "Hiiraan", "risk_level_int": 2, "sampled_mm": 7.5, "date": "2026-03-04"}, "geometry": {"type": "Polygon", "coordinates": [[[45.069330262202044, 3.250598048578196], [44.779637287010125, 3.2705972085200834], [44.77058438153538, 3.6998099488113514], [44.79925191553875, 3.8598032283464487], [44.749460935427635, 4.070563606195567], [44.68005532678791, 4.410549325207647], [44.58952627204043, 4.921297102185068], [44.90336032849834, 4.91206672067343], [45.00143347114144, 4.9320658806153155], [45.53253725899329, 5.481273580557907], [45.710577733329984, 5.110519923173694], [46.03949996557914, 5.0305232834061435], [46.22961098054884, 5.0797519848015575], [46.20999635202023, 4.93975786520835], [46.110414391798, 4.739766265789481], [46.14964364885524, 4.430548485149533], [46.400107366989914, 4.230556885730662], [46.389545643936046, 3.8905711667185816], [46.03044706010439, 3.519817509334368], [45.93991800535692, 3.250598048578196], [45.270003000225614, 3.1998309502641753], [45.149297593895646, 3.2105997286944223], [45.069330262202044, 3.250598048578196]]]}}, {"type": "Feature", "properties": {"GID_1": "SOM.9_1", "NAME_1": "Jubbada Dhexe", "risk_level_int": 1, "sampled_mm": 4.3, "date": "2026-03-04"}, "geometry": {"type": "Polygon", "coordinates": [[[43.51826579086198, 0.6753216068305861], [43.370401668107775, 0.5260971057257358], [43.18029065313808, 0.3168751247952244], [42.73066301455896, 0.31072153712079853], [42.62957223675761, 0.7199351174701789], [42.43040831631316, 1.3199099157267913], [42.19955922670711, 1.3106795342151507], [41.4195005382997, 1.2599124359011302], [41.639787904851886, 1.9398838739252913], [42.40023196473068, 1.9506526523555365], [42.51942855348152, 1.8798863940996284], [42.89965058342091, 1.519901515145662], [42.97961791511451, 1.459904035320001], [43.26931089030643, 1.030691295028733], [43.51826579086198, 0.6753216068305861]]]}}, {"type": "Feature", "properties": {"GID_1": "SOM.10_1", "NAME_1": "Jubbada Hoose", "risk_level_int": 2, "sampled_mm": 8.4, "date": "2026-03-04"}, "geometry": {"type": "Polygon", "coordinates": [[[41.57490874894953, -1.6430425495097065], [41.57792638410778, -1.584583466602652], [41.49343259967681, -1.4815108730560045], [41.365183105451216, -1.299980036660413], [41.11471938731654, -0.9784550806716137], [41.00457570404045, -0.8230769918923375], [40.998540433723946, -0.5415503557873116], [41.00004925130307, -3.464043775380787e-05], [40.98797871067008, 0.013810931829706163], [40.9894875282492, 0.23534008810906926], [40.998540433723946, 0.40610214607441364], [40.98797871067008, 0.4614844351442553], [40.99401398098657, 0.6707064160747649], [40.99099634582832, 0.8230077110168281], [40.99401398098657, 1.2306828944476038], [41.4195005382997, 1.2599124359011302], [42.19955922670711, 1.3106795342151507], [42.43040831631316, 1.3199099157267913], [42.62957223675761, 0.7199351174701789], [42.73066301455896, 0.31072153712079853], [43.18029065313808, 0.3168751247952244], [42.87400068457579, -0.02003380037964142], [42.6597485883401, -0.23233257514736572], [42.61146642580812, -0.27233089503113916], [42.573745986329996, -0.3415587563684408], [42.50886683042764, -0.3907874577638548], [42.47416402610778, -0.4415545560778771], [42.361002707673435, -0.5630879126478057], [42.219173855235724, -0.7600027182294635], [42.15127706417512, -0.8292305795667634], [42.10903017195963, -0.8446145487528316], [42.083380273114514, -0.8999968378226715], [41.98983358320879, -1.0092230190437483], [41.95513077888893, -1.0907580557299035], [41.87516344719532, -1.1999842369509786], [41.840460642875456, -1.223060190730079], [41.78463439244785, -1.3415167534627948], [41.74993158812798, -1.3753614856721423], [41.638279087272764, -1.5553539251491255], [41.57490874894953, -1.6430425495097065]]]}}, {"type": "Feature", "properties": {"GID_1": "SOM.11_1", "NAME_1": "Mudug", "risk_level_int": 2, "sampled_mm": 7.1, "date": "2026-03-04"}, "geometry": {"type": "Polygon", "coordinates": [[[47.83499288473739, 4.342859860788952], [47.50003538217173, 4.490545964975194], [47.610179065447824, 5.190516562941241], [47.46985903058924, 5.570500601837097], [47.350662441838395, 5.75049304131408], [47.599617342393955, 6.279701581314782], [46.529865678794636, 6.5196915006174265], [46.80296166061618, 6.802756533641059], [47.5287029161751, 7.562724611432767], [47.566423355653214, 7.559647817595554], [48.500381437131324, 7.410423316490704], [49.02997640740405, 7.7104107156190125], [49.189911070791254, 7.699641937188765], [49.440374788925936, 7.579646977537443], [49.50072749209092, 7.570416596025801], [49.64557397968687, 7.402731331897673], [49.514306850303036, 7.222738892420686], [49.39661907913132, 7.050438437536737], [49.21405215205725, 6.748912641489824], [49.144646543417515, 6.581227377361696], [49.084293840252535, 6.40585012864053], [49.081276205094284, 6.3089311227683105], [49.06015275898654, 6.22893448300076], [48.9288856296027, 5.952023037651557], [48.729721709158255, 5.642805257011609], [48.63013974893604, 5.473581595964873], [48.53961069418856, 5.36281701782519], [48.516978430501695, 5.319741904104205], [48.42795819333334, 5.212054119801735], [48.289146976053885, 5.028984886487539], [48.2167237322559, 4.921297102185068], [48.07942133255557, 4.667461610614964], [47.98889227780809, 4.515160315672901], [47.93759248011786, 4.447470851254206], [47.83499288473739, 4.342859860788952]]]}}, {"type": "Feature", "properties": {"GID_1": "SOM.12_1", "NAME_1": "Nugaal", "risk_level_int": 2, "sampled_mm": 7.0, "date": "2026-03-04"}, "geometry": {"type": "Polygon", "coordinates": [[[47.936083662538735, 8.011936511665922], [48.120159407191935, 8.190390554224301], [48.02057744696971, 8.210389714166187], [48.550172417242436, 8.759597414108779], [48.69049245210102, 8.75036703259714], [49.07976738751516, 9.13958145300463], [49.10994373909765, 8.899591533701987], [49.179349347737386, 8.770366192539026], [49.28949303101348, 8.690369552771475], [49.44942769440068, 8.590373753062043], [49.680276784006736, 8.579604974631795], [49.77985874422896, 8.530376273236381], [49.84021144739394, 8.330384673817509], [49.93074050214142, 8.459610014980473], [50.04993709089226, 8.439610855038584], [50.17818658511785, 8.330384673817509], [50.157063139010106, 8.305770323119802], [50.12990442258587, 8.196544141898727], [50.06955171942088, 8.141161852828887], [49.972987394356906, 8.084241166840439], [49.84172026497307, 7.956554222596083], [49.81003509581146, 7.890403155095996], [49.80550864307408, 7.824252087595905], [49.82361445402357, 7.738101860153932], [49.76627938601684, 7.6611820142235985], [49.760244115700345, 7.619645297421215], [49.64557397968687, 7.402731331897673], [49.50072749209092, 7.570416596025801], [49.440374788925936, 7.579646977537443], [49.189911070791254, 7.699641937188765], [49.02997640740405, 7.7104107156190125], [48.500381437131324, 7.410423316490704], [47.566423355653214, 7.559647817595554], [47.5287029161751, 7.562724611432767], [47.9587159262256, 8.011936511665922], [47.936083662538735, 8.011936511665922]]]}}, {"type": "Feature", "properties": {"GID_1": "SOM.13_1", "NAME_1": "Sanaag", "risk_level_int": 2, "sampled_mm": 9.6, "date": "2026-03-04"}, "geometry": {"type": "Polygon", "coordinates": [[[46.009323613996656, 10.079541970273326], [46.036482330420895, 10.77028218672773], [46.11946729727275, 10.765666995971912], [46.24168152118184, 10.781050965157977], [46.33070175835019, 10.699515928471822], [46.431792536151534, 10.681055165448544], [46.52835686121551, 10.71489989765789], [46.65358872028284, 10.741052645274205], [46.81352338367005, 10.825664475797574], [46.93121115484177, 10.916429893995367], [46.99005504042763, 10.928737069344223], [47.10321635886197, 10.991811343007097], [47.14697206865658, 11.062577601263005], [47.26164220467005, 11.11642149341424], [47.418559232899, 11.177957370158506], [47.53172055133335, 11.184110957832932], [47.63130251155557, 11.114883096495632], [47.70221693777442, 11.090268745797925], [47.7927459925219, 11.119498287251453], [47.952680655909106, 11.114883096495632], [48.15637102909092, 11.131805462600305], [48.23935599594277, 11.205648514693426], [48.299708699107754, 11.221032483879494], [48.35402613195624, 11.270261185274908], [48.46115218007408, 11.282568360623763], [48.529048971134685, 11.310259505158683], [48.65729846536028, 11.325643474344748], [48.77045978379462, 11.293337139054007], [48.870041744016845, 11.251800422251627], [48.91530627139058, 11.239493246902775], [49.02997640740405, 10.779512568239372], [49.06015275898654, 9.570332590214509], [48.560734140296304, 9.539564651842372], [48.05980670402695, 9.4995663319586], [46.910087708734025, 9.430338470621297], [46.84068210009429, 9.41956969219105], [46.009323613996656, 10.079541970273326]]]}}, {"type": "Feature", "properties": {"GID_1": "SOM.14_1", "NAME_1": "Shabeellaha Dhexe", "risk_level_int": 1, "sampled_mm": 3.0, "date": "2026-03-04"}, "geometry": {"type": "Polygon", "coordinates": [[[45.390708406555575, 2.1506442517744073], [45.330355703390595, 2.1798737932279355], [45.33940860886534, 2.719851111658885], [45.12063005989228, 3.039837670729078], [45.069330262202044, 3.250598048578196], [45.149297593895646, 3.2105997286944223], [45.270003000225614, 3.1998309502641753], [45.93991800535692, 3.250598048578196], [46.03044706010439, 3.519817509334368], [46.389545643936046, 3.8905711667185816], [47.035319567801366, 3.4721272048575607], [46.92819351968352, 3.3629010236364856], [46.85577027588554, 3.269058811601477], [46.67018571365321, 3.065990418345393], [46.53891858426938, 2.9475338556126776], [46.45140716468015, 2.8798443911939824], [46.312595947400695, 2.7506190500310197], [46.29901658918857, 2.713697523984459], [46.22508452781147, 2.6613920287518305], [46.10588793906062, 2.5167827184028013], [46.0244117897879, 2.441401269391074], [45.87353003187544, 2.336790278925818], [45.60345168521214, 2.1829505870651484], [45.46011401519531, 2.170643411716295], [45.390708406555575, 2.1506442517744073]]]}}, {"type": "Feature", "properties": {"GID_1": "SOM.15_1", "NAME_1": "Shabeellaha Hoose", "risk_level_int": 2, "sampled_mm": 5.3, "date": "2026-03-04"}, "geometry": {"type": "Polygon", "coordinates": [[[42.97961791511451, 1.459904035320001], [43.58012731160609, 1.7598914344483063], [43.880382009851886, 1.8798863940996284], [44.64987897520541, 2.219872113111709], [44.61970262362292, 2.479861192356241], [44.660440698259286, 2.7506190500310197], [44.63931725215154, 2.8106165298566808], [44.69061704984178, 3.050606449159325], [44.660440698259286, 3.250598048578196], [44.779637287010125, 3.2705972085200834], [45.069330262202044, 3.250598048578196], [45.12063005989228, 3.039837670729078], [45.33940860886534, 2.719851111658885], [45.330355703390595, 2.1798737932279355], [45.390708406555575, 2.1506442517744073], [45.26698536506736, 1.9891125753207053], [45.08441843799329, 1.9060391417159437], [44.90034269334009, 1.7952745635762604], [44.594052724777804, 1.5860525826457508], [44.331518466010124, 1.3845225863082735], [44.03428140292259, 1.118379919389314], [44.02522849744784, 1.0983807594474264], [43.76269423868017, 0.8953123661913427], [43.51826579086198, 0.6753216068305861], [43.26931089030643, 1.030691295028733], [42.97961791511451, 1.459904035320001]]]}}, {"type": "Feature", "properties": {"GID_1": "SOM.16_1", "NAME_1": "Sool", "risk_level_int": 3, "sampled_mm": 12.6, "date": "2026-03-04"}, "geometry": {"type": "Polygon", "coordinates": [[[47.00816085137712, 7.985783764049611], [47.10019872370372, 8.559605814689906], [47.0006167634815, 8.75036703259714], [46.92064943178789, 8.759597414108779], [46.14964364885524, 8.799595733992554], [46.1903817234916, 8.990356951899784], [46.009323613996656, 10.079541970273326], [46.84068210009429, 9.41956969219105], [46.910087708734025, 9.430338470621297], [48.05980670402695, 9.4995663319586], [48.560734140296304, 9.539564651842372], [49.06015275898654, 9.570332590214509], [49.07976738751516, 9.13958145300463], [48.69049245210102, 8.75036703259714], [48.550172417242436, 8.759597414108779], [48.02057744696971, 8.210389714166187], [48.120159407191935, 8.190390554224301], [47.936083662538735, 8.011936511665922], [47.00816085137712, 7.985783764049611]]]}}, {"type": "Feature", "properties": {"GID_1": "SOM.17_1", "NAME_1": "Togdheer", "risk_level_int": 3, "sampled_mm": 23.1, "date": "2026-03-04"}, "geometry": {"type": "Polygon", "coordinates": [[[44.689108232262654, 8.75805901719017], [44.69061704984178, 9.310343510969975], [44.82942826712124, 9.859551210912567], [45.099506613784534, 10.17030738847112], [45.900688748299686, 10.099541130215211], [46.009323613996656, 10.079541970273326], [46.1903817234916, 8.990356951899784], [46.14964364885524, 8.799595733992554], [46.92064943178789, 8.759597414108779], [47.0006167634815, 8.75036703259714], [47.10019872370372, 8.559605814689906], [47.00816085137712, 7.985783764049611], [46.73506486955557, 8.070395594572979], [45.62155749616164, 8.4426876488758], [44.689108232262654, 8.75805901719017]]]}}, {"type": "Feature", "properties": {"GID_1": "SOM.18_1", "NAME_1": "Woqooyi Galbeed", "risk_level_int": 3, "sampled_mm": 24.3, "date": "2026-03-04"}, "geometry": {"type": "Polygon", "coordinates": [[[43.30099605946805, 9.651867626900664], [43.39001629663639, 9.77955457114502], [43.75967660352191, 10.279533569692195], [44.04031667323909, 10.150308228529234], [44.13989863346131, 10.290302348122442], [44.23495414094616, 10.473371581436638], [44.3601860000135, 10.401066926262125], [44.44769741960272, 10.401066926262125], [44.56840282593269, 10.377990972483023], [44.75247857058588, 10.417989292366798], [44.88374569996972, 10.404143720099338], [44.945607220713825, 10.408758910855159], [45.00746874145794, 10.439526849227292], [45.08894489073066, 10.508754710564592], [45.14175350600002, 10.516446695157626], [45.23680901348487, 10.562598602715827], [45.3182851627576, 10.65951760858805], [45.470675738249184, 10.668747990099689], [45.5762929687879, 10.724130279169529], [45.59892523247477, 10.764128599053304], [45.67889256416837, 10.787204552832407], [45.80110678807746, 10.862586001844132], [45.92332101198655, 10.813357300448718], [45.97763844483504, 10.777974171320764], [46.036482330420895, 10.77028218672773], [46.009323613996656, 10.079541970273326], [45.900688748299686, 10.099541130215211], [45.099506613784534, 10.17030738847112], [44.82942826712124, 9.859551210912567], [44.69061704984178, 9.310343510969975], [44.689108232262654, 8.75805901719017], [44.15649562683168, 8.938051456667154], [44.06144011934683, 8.985741761143963], [43.842661570373764, 9.156503819109307], [43.80343231331653, 9.198040535911687], [43.58163612918521, 9.37803297538867], [43.41566619548151, 9.476490378179498], [43.30099605946805, 9.651867626900664]]]}}, {"type": "Feature", "properties": {"GID_1": "SSD.1_1", "NAME_1": "Central Equatoria", "risk_level_int": 3, "sampled_mm": 19.9, "date": "2026-03-04"}, "geometry": {"type": "Polygon", "coordinates": [[[31.517130766505126, 3.638274072067084], [31.50807786103038, 3.676733995032251], [31.352669650380548, 3.7536538409625866], [31.290808129636442, 3.796728954683573], [31.165576270569105, 3.796728954683573], [31.099188297087622, 3.7382698717765184], [31.02978268844789, 3.6998099488113514], [30.97244762044116, 3.6967331549741385], [30.948306539175164, 3.6367356751484774], [30.887953836010183, 3.558277432299535], [30.869848025060687, 3.4828959832878077], [30.845706943794696, 3.509048730904121], [30.856268666848564, 3.5690462107297822], [30.79893359884183, 3.5905837675902763], [30.785354240629708, 3.6475044535787244], [30.71896626714823, 3.621351705962411], [30.66766646945799, 3.6367356751484774], [30.572610961973147, 3.5921221645088828], [30.58468150260614, 3.6798107888694656], [30.556013968602777, 3.8274968930557076], [30.525837617020283, 3.8490344499162017], [30.4715201841718, 3.8274968930557076], [30.430782109535436, 3.8705720067766958], [30.263303358252607, 3.9567222342186703], [30.222565283616245, 3.9367230742767827], [30.14863322223914, 4.102869941486306], [30.05659534991254, 4.139791467532866], [30.02641899833005, 4.1967121535213145], [29.943434031478198, 4.241325664160909], [29.96304866000682, 4.276708793288865], [29.902695956841836, 4.342859860788952], [29.839325618518604, 4.336706273114526], [29.79858754388224, 4.369012608405264], [29.81216690209436, 4.56285062014971], [29.944942849057323, 4.64592405375447], [30.064139437808166, 4.650539244510291], [30.195406567192002, 4.7074599304987395], [30.291970892255975, 4.685922373638245], [30.397588122794694, 4.605925733870695], [30.506222988491665, 4.667461610614964], [30.519802346703784, 4.768995807243005], [30.568084509235774, 4.8166861117198145], [30.685772280407488, 4.852069240847769], [30.797424781262706, 4.935142674452528], [30.844198126215566, 4.941296262126958], [30.878900930535433, 4.996678551196798], [30.887953836010183, 5.159748624569108], [30.86833920748156, 5.218207707476161], [30.89097147116843, 5.399738543871752], [30.987535796232404, 5.4012769407903605], [30.99658870170715, 5.5628086172440625], [30.657104746404123, 5.747416247476867], [30.291970892255975, 6.087401966488947], [30.524328799441157, 6.092017157244765], [30.61334903660951, 6.252010436779862], [31.02223860055227, 5.904332733174748], [31.215367250680213, 5.918178305442208], [31.574465834511862, 5.879718382477041], [31.684609517787955, 5.818182505732775], [31.70875059905395, 5.858180825616547], [32.113113710259334, 5.853565634860729], [32.096516716888964, 5.207438929045914], [32.16893996068694, 4.95360343747581], [32.15837823763307, 4.788994967184895], [32.22325739353543, 4.605925733870695], [32.17799286616169, 4.555158635556676], [32.10406080478459, 4.530544284858969], [32.067849182885595, 4.495161155731015], [32.069358000464725, 4.269016808695831], [31.99995239182499, 4.167482612067788], [32.00297002698324, 4.116715513753766], [31.856614721808157, 4.041334064742038], [31.764576849481557, 4.036718873986219], [31.720821139686947, 3.9921053633466244], [31.80229728895967, 3.8244200992184947], [31.80078847138055, 3.801344145439394], [31.707241781474824, 3.7244242995090584], [31.575974652090984, 3.6828875827066785], [31.517130766505126, 3.638274072067084]]]}}, {"type": "Feature", "properties": {"GID_1": "SSD.2_1", "NAME_1": "Eastern Equatoria", "risk_level_int": 3, "sampled_mm": 21.1, "date": "2026-03-04"}, "geometry": {"type": "Polygon", "coordinates": [[[32.113113710259334, 5.853565634860729], [33.24170925944452, 5.8474120471863], [33.937274163420945, 5.739724262883833], [34.13794690144451, 5.72280189677916], [34.99948173912465, 5.993559754453937], [34.990428833649894, 5.895102351663109], [35.12471359819198, 5.682803576895385], [35.12622241577111, 5.6151141124766895], [35.299736437370434, 5.496657549743976], [35.286157079158315, 5.375124193174045], [35.299736437370434, 5.332049079453057], [35.406862485488276, 5.359740223987977], [35.468724006232385, 5.405892131546178], [35.57886768950848, 5.41512251305782], [35.655817386043836, 5.381277780848471], [35.74031117047481, 5.368970605499619], [35.85498130648828, 5.315126713348384], [35.82329613732666, 5.255129233522723], [35.85498130648828, 5.148979846138861], [35.81424323185191, 5.1043663354992646], [35.78557569784854, 4.7320742811964465], [35.87006948227952, 4.627463290731189], [35.79311978574417, 4.625924893812584], [35.78406688026942, 4.67361519828939], [35.73578471773743, 4.667461610614964], [35.6905201903637, 4.624386496893976], [35.58339414224585, 4.624386496893976], [35.48682981718188, 4.776687791836039], [35.53662079729299, 4.958218628231631], [35.4204418437004, 4.944373055964171], [35.44156528980814, 5.058214427941067], [35.408371303067405, 5.06129122177828], [35.35103623506067, 5.010524123464258], [34.928567312905784, 4.85668443160359], [34.672068324454614, 4.755150234975545], [34.37181362620882, 4.624386496893976], [33.99159159626943, 4.256709633346976], [34.0021533193233, 4.221326504219022], [33.98706514353206, 4.2351720764864815], [33.51480524126606, 3.755192237881193], [33.17833892112128, 3.7798065885789], [33.02745716320882, 3.8936479605557963], [32.90071648656236, 3.815189717706854], [32.71965837706741, 3.7674994132300466], [32.41487722608425, 3.7459618563695525], [32.19760749469031, 3.6013525460205233], [32.20062512984856, 3.5075103339855147], [32.08897262899334, 3.5382782723576494], [32.0618139125691, 3.582891782997242], [31.99995239182499, 3.5798149891600293], [31.962231952346876, 3.572123004566995], [31.960723134767754, 3.649042850497331], [31.86415880970378, 3.7890369700905406], [31.80229728895967, 3.8244200992184947], [31.720821139686947, 3.9921053633466244], [31.764576849481557, 4.036718873986219], [31.856614721808157, 4.041334064742038], [32.00297002698324, 4.116715513753766], [31.99995239182499, 4.167482612067788], [32.069358000464725, 4.269016808695831], [32.067849182885595, 4.495161155731015], [32.10406080478459, 4.530544284858969], [32.17799286616169, 4.555158635556676], [32.22325739353543, 4.605925733870695], [32.15837823763307, 4.788994967184895], [32.16893996068694, 4.95360343747581], [32.096516716888964, 5.207438929045914], [32.113113710259334, 5.853565634860729]]]}}, {"type": "Feature", "properties": {"GID_1": "SSD.3_1", "NAME_1": "Jungoli", "risk_level_int": 2, "sampled_mm": 7.9, "date": "2026-03-04"}, "geometry": {"type": "Polygon", "coordinates": [[[34.9843935633334, 6.298162344338063], [34.95119957659266, 6.267394405965931], [34.99948173912465, 5.993559754453937], [34.13794690144451, 5.72280189677916], [33.937274163420945, 5.739724262883833], [33.24170925944452, 5.8474120471863], [32.113113710259334, 5.853565634860729], [31.70875059905395, 5.858180825616547], [31.66952134199671, 5.936639068465489], [31.618221544306472, 5.979714182186477], [31.588045192723982, 6.070479600384271], [31.536745395033748, 6.135092270965753], [31.49148086766001, 6.293547153582242], [31.39944299533341, 6.436618067012667], [31.381337184383916, 6.499692340675541], [31.33909029216843, 6.5196915006174265], [31.31645802848156, 6.619687300326863], [31.254596507737453, 6.719683100036299], [31.180664446360346, 6.799679739803846], [31.079573668559, 6.87659958573418], [31.067503127926006, 6.910444317943529], [30.963394714966412, 6.95659622550173], [30.939253633700417, 6.9889025607924715], [30.85174221411119, 7.024285689920426], [30.800442416420957, 7.118127901955432], [30.721983902306476, 7.176586984862489], [30.71293099683173, 7.221200495502082], [30.65257829366675, 7.308889119862663], [30.65408711124587, 7.358117821258077], [30.566575691656645, 7.511957513118748], [30.552996333444526, 7.582723771374656], [30.52131116428291, 7.599646137479329], [30.507731806070787, 7.747332241665571], [30.536399340074155, 7.767331401607457], [30.492643630279545, 7.907325521200669], [30.43530856227281, 8.005782923991497], [30.347797142683582, 8.124239486724214], [30.305550250468094, 8.19962093573594], [30.33120014931321, 8.216543301840613], [30.33572660205059, 8.344230246084969], [30.364394136053953, 8.45653322114326], [30.328182514154964, 8.47960917492236], [30.272356263727353, 8.559605814689906], [30.30705906804722, 8.658063217480738], [30.236144641828368, 8.733444666492463], [30.23161818909099, 8.86574680149264], [30.189371296875503, 8.994972142655602], [30.23463582424924, 9.027278477946343], [30.266320993410858, 9.082660767016186], [30.308567885626346, 9.105736720795285], [30.322147243838465, 9.176502979051193], [30.3734470415287, 9.244192443469888], [30.35986768331658, 9.370340990795636], [30.42172920406069, 9.473413584342286], [30.49867890059604, 9.502643125795814], [30.69633400346136, 9.496489538121388], [30.761213159363717, 9.505719919633027], [30.889462653589305, 9.496489538121388], [30.95735944464991, 9.51341190422606], [31.038835593922638, 9.482643965853924], [31.121820560774488, 9.416492898353837], [31.559377658720614, 9.250346031144314], [31.67857424747146, 9.26265320649317], [31.687627152946206, 9.185733360562832], [31.750997491269437, 9.101121530039464], [31.80078847138055, 8.938051456667154], [31.86415880970378, 8.808826115504193], [31.980337763296372, 8.708830315794756], [32.08746381141422, 8.831902069283291], [32.25645138027617, 8.925744281318302], [32.297189454912534, 8.984203364225355], [32.52200327420209, 8.898053136783382], [32.64270868053206, 8.444226045794405], [32.924857567828354, 8.282694369340703], [32.83131087792263, 7.9842453671310025], [33.033492433525325, 7.9842453671310025], [33.001807264363705, 7.93963185649141], [33.01086016983845, 7.8580968198052545], [33.050089426895696, 7.787330561549346], [33.16475956290916, 7.7950225461423805], [33.23869162428627, 7.7734849892818865], [33.32016777355899, 7.705795524863191], [33.43182027441421, 7.751947432421392], [33.51480524126606, 7.731948272479503], [33.57968439716842, 7.68733476183991], [33.67172226949502, 7.691949952595731], [33.736601425397374, 7.627337282014249], [33.79242767582498, 7.60426132823515], [33.87088618993946, 7.518111100793174], [33.94783588647481, 7.502727131607106], [34.029312035747544, 7.368886599688324], [34.03534730606404, 7.293505150676594], [34.011206224798045, 7.259660418467249], [34.09871764438727, 7.179663778699702], [34.192264334293, 7.138127061897318], [34.19377315187212, 7.055053628292558], [34.32202264609771, 6.973518591606403], [34.38388416684182, 6.9642882100947645], [34.48497494464316, 6.9042907302691034], [34.5302394720169, 6.842754853524834], [34.5362747423334, 6.75198943532704], [34.68112122992936, 6.702760733931626], [34.7882472780472, 6.584304171198909], [34.856144069107806, 6.6073801249780075], [34.93912903595966, 6.545844248233742], [34.95572602933003, 6.504307531431362], [35.01306109733677, 6.444310051605701], [34.98590238091252, 6.385850968698644], [34.9843935633334, 6.298162344338063]]]}}, {"type": "Feature", "properties": {"GID_1": "SSD.4_1", "NAME_1": "Lakes", "risk_level_int": 2, "sampled_mm": 8.7, "date": "2026-03-04"}, "geometry": {"type": "Polygon", "coordinates": [[[30.291970892255975, 6.087401966488947], [30.19238893203375, 6.087401966488947], [30.202950655087626, 6.147399446314608], [30.150142039818263, 6.255087230617075], [30.122983323394024, 6.370466999512576], [29.763884739562375, 6.370466999512576], [29.78500818567012, 6.273547993640356], [29.769920009878874, 6.161245018582068], [29.780481732932746, 6.09047876032616], [29.635635245336786, 5.98279097602369], [29.591879535542173, 5.821259299569988], [29.56472081911793, 5.7658770105001445], [29.573773724592677, 5.6751115923023505], [28.991370139050595, 5.7274170875349775], [28.929508618306485, 5.7904913611978515], [28.81634729987214, 5.827412887244414], [28.70620361659605, 5.948946243814344], [28.64735973101019, 6.059710821954024], [28.58398939268696, 6.068941203465666], [28.559848311420964, 6.112016317186654], [28.53872486531322, 6.212012116896087], [28.473845709410863, 6.285855168989208], [28.473845709410863, 6.339699061140443], [28.50251324341423, 6.379697381024219], [28.466301621515242, 6.4320028762568455], [28.496477973097733, 6.492000356082507], [28.784662130710526, 6.388927762535857], [28.89178817882837, 6.404311731721926], [28.98986132147147, 6.5335370728848865], [28.992878956629717, 6.641224857187357], [28.979299598417597, 6.755066229164253], [28.867647097562376, 7.044284849862311], [29.038143484003456, 7.353502630502259], [29.474191764370456, 7.8580968198052545], [29.699005583660018, 7.828867278351726], [29.926837038107827, 7.799637736898198], [29.97813683579806, 7.648874838874743], [30.236144641828368, 7.093513551257725], [30.540925792811528, 7.0658224067228055], [30.62089312450513, 7.198124541722979], [30.71293099683173, 7.221200495502082], [30.721983902306476, 7.176586984862489], [30.800442416420957, 7.118127901955432], [30.85174221411119, 7.024285689920426], [30.939253633700417, 6.9889025607924715], [30.963394714966412, 6.95659622550173], [31.067503127926006, 6.910444317943529], [31.079573668559, 6.87659958573418], [31.180664446360346, 6.799679739803846], [31.254596507737453, 6.719683100036299], [31.31645802848156, 6.619687300326863], [31.33909029216843, 6.5196915006174265], [31.381337184383916, 6.499692340675541], [31.39944299533341, 6.436618067012667], [31.49148086766001, 6.293547153582242], [31.536745395033748, 6.135092270965753], [31.588045192723982, 6.070479600384271], [31.618221544306472, 5.979714182186477], [31.66952134199671, 5.936639068465489], [31.70875059905395, 5.858180825616547], [31.684609517787955, 5.818182505732775], [31.574465834511862, 5.879718382477041], [31.215367250680213, 5.918178305442208], [31.02223860055227, 5.904332733174748], [30.61334903660951, 6.252010436779862], [30.524328799441157, 6.092017157244765], [30.291970892255975, 6.087401966488947]]]}}, {"type": "Feature", "properties": {"GID_1": "SSD.5_1", "NAME_1": "North Bahr-al-Ghazal", "risk_level_int": 1, "sampled_mm": 4.0, "date": "2026-03-04"}, "geometry": {"type": "Polygon", "coordinates": [[[27.595713878360364, 8.29346314777095], [27.51122009392939, 8.27961757550349], [26.930325325966425, 7.9873221609682155], [26.791514108686965, 7.895018345851813], [26.286060219680234, 8.215004904922008], [26.22570751651525, 8.419611695096698], [26.19553116493276, 8.631910469864422], [26.19553116493276, 8.782673367887877], [26.184969441878888, 8.859593213818215], [26.144231367242522, 8.885745961434527], [26.135178461767776, 9.062661607074297], [26.215145793461378, 9.91031830922659], [26.292095489996733, 9.662636405330911], [26.369045186532084, 9.570332590214509], [26.642141168353632, 9.488797553528354], [26.719090864888987, 9.482643965853924], [27.026889651030398, 9.590331750156395], [27.12345397609437, 9.608792513179676], [27.28791509221895, 9.618022894691315], [27.399567593074167, 9.61033091009828], [27.653048946367097, 9.607254116261068], [27.78884252848831, 9.591870147075003], [27.900495029343524, 9.60263892550525], [28.03327097630649, 9.334957861667682], [28.75901223186541, 9.33649625858629], [28.748450508811537, 9.390340150737526], [28.78164449555228, 9.39187854765613], [28.89782344914487, 9.341111449342108], [28.93705270620211, 9.288805954109481], [28.879717638195373, 9.210347711260539], [28.7891885834479, 9.181118169807014], [28.757503414286283, 9.084199163934791], [28.70620361659605, 9.027278477946343], [28.623218649744196, 9.007279318004457], [28.56739239931659, 9.022663287190525], [28.487425067622986, 8.985741761143963], [28.38331665466339, 9.001125730330031], [28.2490318901213, 8.933436265911336], [28.211311450643187, 8.961127410446256], [28.137379389266084, 8.933436265911336], [28.11625594315834, 8.950358632016009], [27.983479996195378, 8.959589013527648], [27.891442123868778, 8.936513059748549], [27.831089420703798, 8.96881939503929], [27.643996040892347, 8.933436265911336], [27.589678608043865, 8.891899549108956], [27.592696243202113, 8.816518100097227], [27.645504858471472, 8.71652230038779], [27.659084216683596, 8.638064057538848], [27.607784418993358, 8.584220165387617], [27.527817087299756, 8.610372913003928], [27.51574654666676, 8.565759402364336], [27.545922898249252, 8.433457267364158], [27.616837324468108, 8.371921390619892], [27.65003131120885, 8.32115429230587], [27.595713878360364, 8.29346314777095]]]}}, {"type": "Feature", "properties": {"GID_1": "SSD.6_1", "NAME_1": "Unity", "risk_level_int": 1, "sampled_mm": 3.7, "date": "2026-03-04"}, "geometry": {"type": "Polygon", "coordinates": [[[30.71293099683173, 7.221200495502082], [30.62089312450513, 7.198124541722979], [30.540925792811528, 7.0658224067228055], [30.236144641828368, 7.093513551257725], [29.97813683579806, 7.648874838874743], [29.926837038107827, 7.799637736898198], [29.699005583660018, 7.828867278351726], [29.65072342112803, 8.40422772591063], [29.291624837296382, 8.645756042131882], [29.09547855201019, 9.028816874864951], [28.70620361659605, 9.027278477946343], [28.757503414286283, 9.084199163934791], [28.7891885834479, 9.181118169807014], [28.879717638195373, 9.210347711260539], [28.93705270620211, 9.288805954109481], [28.89782344914487, 9.341111449342108], [28.78164449555228, 9.39187854765613], [28.748450508811537, 9.390340150737526], [28.793715036185272, 9.468798393586464], [28.926490983148234, 9.587254956319182], [29.021546490633085, 9.71340350364493], [29.068319835585946, 9.728787472830998], [29.522473926902443, 9.738017854342637], [29.520965109323317, 10.070311588761683], [29.878554875575844, 10.254919218994488], [29.913257679895707, 10.294917538878263], [29.99624264674756, 10.288763951203837], [30.43530856227281, 10.019544490447664], [30.602787313555638, 9.92416388149405], [30.78988069336708, 9.748786632772884], [30.779318970313213, 9.748786632772884], [30.761213159363717, 9.505719919633027], [30.69633400346136, 9.496489538121388], [30.49867890059604, 9.502643125795814], [30.42172920406069, 9.473413584342286], [30.35986768331658, 9.370340990795636], [30.3734470415287, 9.244192443469888], [30.322147243838465, 9.176502979051193], [30.308567885626346, 9.105736720795285], [30.266320993410858, 9.082660767016186], [30.23463582424924, 9.027278477946343], [30.189371296875503, 8.994972142655602], [30.23161818909099, 8.86574680149264], [30.236144641828368, 8.733444666492463], [30.30705906804722, 8.658063217480738], [30.272356263727353, 8.559605814689906], [30.328182514154964, 8.47960917492236], [30.364394136053953, 8.45653322114326], [30.33572660205059, 8.344230246084969], [30.33120014931321, 8.216543301840613], [30.305550250468094, 8.19962093573594], [30.347797142683582, 8.124239486724214], [30.43530856227281, 8.005782923991497], [30.492643630279545, 7.907325521200669], [30.536399340074155, 7.767331401607457], [30.507731806070787, 7.747332241665571], [30.52131116428291, 7.599646137479329], [30.552996333444526, 7.582723771374656], [30.566575691656645, 7.511957513118748], [30.65408711124587, 7.358117821258077], [30.65257829366675, 7.308889119862663], [30.71293099683173, 7.221200495502082]]]}}, {"type": "Feature", "properties": {"GID_1": "SSD.7_1", "NAME_1": "Upper Nile", "risk_level_int": 1, "sampled_mm": 4.3, "date": "2026-03-04"}, "geometry": {"type": "Polygon", "coordinates": [[[33.033492433525325, 7.9842453671310025], [32.83131087792263, 7.9842453671310025], [32.924857567828354, 8.282694369340703], [32.64270868053206, 8.444226045794405], [32.52200327420209, 8.898053136783382], [32.297189454912534, 8.984203364225355], [32.25645138027617, 8.925744281318302], [32.08746381141422, 8.831902069283291], [31.980337763296372, 8.708830315794756], [31.86415880970378, 8.808826115504193], [31.80078847138055, 8.938051456667154], [31.750997491269437, 9.101121530039464], [31.687627152946206, 9.185733360562832], [31.67857424747146, 9.26265320649317], [31.559377658720614, 9.250346031144314], [31.121820560774488, 9.416492898353837], [31.038835593922638, 9.482643965853924], [30.95735944464991, 9.51341190422606], [30.889462653589305, 9.496489538121388], [30.761213159363717, 9.505719919633027], [30.779318970313213, 9.748786632772884], [30.78988069336708, 9.748786632772884], [30.830618768003447, 9.711865106726325], [30.904550829380554, 9.744171442017066], [31.268175865949573, 9.742633045098458], [31.348143197643175, 9.77340098347059], [31.54730711808762, 10.022621284284877], [31.80229728895967, 10.307224714227115], [31.84454418117516, 10.364145400215563], [31.996934756666743, 10.630288067134522], [32.16139587279132, 10.731822263762563], [32.47221229409098, 11.02719447213505], [32.41487722608425, 11.12411347800727], [32.39677141513475, 11.196418133181787], [32.39375377997651, 11.693320337891748], [32.174975231003444, 11.905619112659473], [32.724184829804784, 11.905619112659473], [32.7498347286499, 12.034844453822437], [32.72569364738391, 12.131763459694657], [32.724184829804784, 12.219452084055241], [33.25528861765664, 12.20099132103196], [33.25981507039401, 12.147147428880725], [33.188900644175156, 11.721011482426672], [33.139109664064044, 11.582555759752069], [33.30658841534687, 10.814895697367326], [33.246235712181885, 10.710284706902069], [33.478593619367075, 10.634903257890343], [33.6641781815994, 10.41645089544819], [33.78488358792936, 10.331839064924822], [33.87993909541421, 10.167230594633907], [33.952362339212186, 10.165692197715298], [33.98555632595293, 10.016467696610452], [33.98857396111118, 9.928779072249867], [33.952362339212186, 9.791861746493872], [33.9161507173132, 9.739556251261245], [33.88295673057246, 9.641098848470417], [33.892009636047206, 9.484182362772533], [34.104752914703774, 9.487259156609746], [34.134929266286264, 9.171887788295372], [34.14398217176101, 8.96266580736486], [34.14096453660276, 8.651909629806308], [34.12134990807414, 8.574989783875974], [34.015732677535425, 8.487301159515393], [33.94632706889569, 8.49806993794564], [33.89804490636371, 8.481147571840967], [33.77281304729637, 8.368844596782676], [33.69435453318189, 8.379613375212923], [33.68077517496977, 8.441149251957192], [33.62042247180479, 8.468840396492112], [33.48915534242094, 8.468840396492112], [33.39560865251522, 8.42422688585252], [33.305079597767744, 8.454994824224652], [33.24925334734014, 8.444226045794405], [33.19191827933341, 8.407304519747846], [33.17532128596304, 8.284232766259308], [33.202480002387276, 8.23346566794529], [33.16626838048829, 8.195005744980122], [33.188900644175156, 8.135008265154461], [33.08630104879468, 8.075010785328796], [33.077248143319935, 8.024243687014778], [33.033492433525325, 7.9842453671310025]]]}}, {"type": "Feature", "properties": {"GID_1": "SSD.8_1", "NAME_1": "Warap", "risk_level_int": 1, "sampled_mm": 3.0, "date": "2026-03-04"}, "geometry": {"type": "Polygon", "coordinates": [[[28.496477973097733, 6.492000356082507], [28.49195152036036, 6.748912641489824], [28.490442702781234, 7.156587824920599], [28.095132497050596, 7.170433397188059], [28.075517868521978, 7.2550452277114275], [28.114747125579214, 7.442729651781445], [28.11625594315834, 7.608876518990968], [28.061938510309854, 7.670412395735237], [27.944250739138138, 7.730409875560898], [27.917092022713895, 7.72887147864229], [27.828071785545546, 7.7950225461423805], [27.717928102269454, 7.85040483521222], [27.659084216683596, 7.91194071195649], [27.656066581525344, 7.985783764049611], [27.595713878360364, 8.29346314777095], [27.65003131120885, 8.32115429230587], [27.616837324468108, 8.371921390619892], [27.545922898249252, 8.433457267364158], [27.51574654666676, 8.565759402364336], [27.527817087299756, 8.610372913003928], [27.607784418993358, 8.584220165387617], [27.659084216683596, 8.638064057538848], [27.645504858471472, 8.71652230038779], [27.592696243202113, 8.816518100097227], [27.589678608043865, 8.891899549108956], [27.643996040892347, 8.933436265911336], [27.831089420703798, 8.96881939503929], [27.891442123868778, 8.936513059748549], [27.983479996195378, 8.959589013527648], [28.11625594315834, 8.950358632016009], [28.137379389266084, 8.933436265911336], [28.211311450643187, 8.961127410446256], [28.2490318901213, 8.933436265911336], [28.38331665466339, 9.001125730330031], [28.487425067622986, 8.985741761143963], [28.56739239931659, 9.022663287190525], [28.623218649744196, 9.007279318004457], [28.70620361659605, 9.027278477946343], [29.09547855201019, 9.028816874864951], [29.291624837296382, 8.645756042131882], [29.65072342112803, 8.40422772591063], [29.699005583660018, 7.828867278351726], [29.474191764370456, 7.8580968198052545], [29.038143484003456, 7.353502630502259], [28.867647097562376, 7.044284849862311], [28.979299598417597, 6.755066229164253], [28.992878956629717, 6.641224857187357], [28.98986132147147, 6.5335370728848865], [28.89178817882837, 6.404311731721926], [28.784662130710526, 6.388927762535857], [28.496477973097733, 6.492000356082507]]]}}, {"type": "Feature", "properties": {"GID_1": "SSD.9_1", "NAME_1": "West Bahr-al-Ghazal", "risk_level_int": 1, "sampled_mm": 2.2, "date": "2026-03-04"}, "geometry": {"type": "Polygon", "coordinates": [[[24.258209393336806, 8.679600774341232], [24.363826623875525, 8.770366192539026], [24.498111388417612, 8.83805565695772], [24.57958753769034, 8.93497466282994], [24.55544645642435, 9.06573840091151], [24.603728618956335, 9.265730000330382], [24.6323961529597, 9.31803549556301], [24.61579915958933, 9.384186563063096], [24.744048653814918, 9.478028775098107], [24.766680917501787, 9.52725747649352], [24.75461037686879, 9.698019534458865], [24.742539836235796, 9.728787472830998], [24.795348451505156, 9.824168081784613], [24.843630614037142, 9.841090447889286], [24.92510676330987, 9.899549530796342], [24.97791537857923, 9.971854185970855], [25.027706358690338, 10.085695557947751], [25.01412700047822, 10.173384182308332], [25.079006156380576, 10.29184074504105], [25.237432002188655, 10.324147080331791], [25.326452239357003, 10.316455095738757], [25.445648828107846, 10.345684637192281], [25.484878085165086, 10.344146240273677], [25.62821575518192, 10.387221353994665], [25.76400933730313, 10.394913338587699], [25.848503121734108, 10.422604483122619], [25.931488088585958, 10.373375781727205], [25.92847045342771, 10.171845785389728], [26.043140589441176, 10.116463496319884], [26.088405116814915, 10.033390062715124], [26.215145793461378, 9.91031830922659], [26.135178461767776, 9.062661607074297], [26.144231367242522, 8.885745961434527], [26.184969441878888, 8.859593213818215], [26.19553116493276, 8.782673367887877], [26.19553116493276, 8.631910469864422], [26.22570751651525, 8.419611695096698], [26.286060219680234, 8.215004904922008], [26.791514108686965, 7.895018345851813], [26.930325325966425, 7.9873221609682155], [27.51122009392939, 8.27961757550349], [27.595713878360364, 8.29346314777095], [27.656066581525344, 7.985783764049611], [27.659084216683596, 7.91194071195649], [27.717928102269454, 7.85040483521222], [27.828071785545546, 7.7950225461423805], [27.917092022713895, 7.72887147864229], [27.944250739138138, 7.730409875560898], [28.061938510309854, 7.670412395735237], [28.11625594315834, 7.608876518990968], [28.114747125579214, 7.442729651781445], [28.075517868521978, 7.2550452277114275], [28.095132497050596, 7.170433397188059], [28.490442702781234, 7.156587824920599], [28.49195152036036, 6.748912641489824], [28.045341516939487, 6.742759053815398], [27.936706651242517, 6.796602945966633], [26.412800896326697, 6.645840047943178], [26.356974645899086, 6.688915161664163], [26.263427955993365, 6.708914321606052], [26.216654611040504, 6.741220656896793], [26.16686363092939, 6.813525312071306], [26.114055015660032, 6.815063708989914], [26.04163177186205, 6.931981874804023], [26.049175859757675, 7.001209736141323], [25.985805521434443, 7.007363323815749], [25.929979271006836, 7.042746452943703], [25.88924119637047, 7.096590345094938], [25.824362040468113, 7.1427422526531394], [25.71421835719202, 7.173510191025272], [25.690077275926026, 7.196586144804375], [25.604074673915925, 7.2165853047462605], [25.534669065276194, 7.273505990734709], [25.47733399726946, 7.268890799978887], [25.454701733582592, 7.302735532188237], [25.36115504367687, 7.344272248990617], [25.349084503043873, 7.390424156548818], [25.287222982299767, 7.461190414804726], [25.20574683302704, 7.485804765502433], [25.172552846286298, 7.573493389863014], [25.287222982299767, 7.639644457363104], [25.287222982299767, 7.781176973874921], [25.180096934181922, 7.902710330444847], [25.10012960248832, 7.884249567421566], [24.97188010826273, 7.9842453671310025], [24.91001858751862, 8.047319640793877], [24.864754060144886, 8.181160172712659], [24.778751458134785, 8.181160172712659], [24.7304692956028, 8.210389714166187], [24.621834429905828, 8.222696889515042], [24.553937638845223, 8.204236126491761], [24.49056730052199, 8.241157652538323], [24.478496759888994, 8.271925590910456], [24.409091151249264, 8.275002384747669], [24.37137071177115, 8.251926430968567], [24.20389196048832, 8.304231926201197], [24.154100980377212, 8.370382993701284], [24.170697973747583, 8.481147571840967], [24.267262298811556, 8.593450546899255], [24.23557712964994, 8.61960329451557], [24.258209393336806, 8.679600774341232]]]}}, {"type": "Feature", "properties": {"GID_1": "SSD.10_1", "NAME_1": "West Equatoria", "risk_level_int": 2, "sampled_mm": 8.5, "date": "2026-03-04"}, "geometry": {"type": "Polygon", "coordinates": [[[26.412800896326697, 6.645840047943178], [27.936706651242517, 6.796602945966633], [28.045341516939487, 6.742759053815398], [28.49195152036036, 6.748912641489824], [28.496477973097733, 6.492000356082507], [28.466301621515242, 6.4320028762568455], [28.50251324341423, 6.379697381024219], [28.473845709410863, 6.339699061140443], [28.473845709410863, 6.285855168989208], [28.53872486531322, 6.212012116896087], [28.559848311420964, 6.112016317186654], [28.58398939268696, 6.068941203465666], [28.64735973101019, 6.059710821954024], [28.70620361659605, 5.948946243814344], [28.81634729987214, 5.827412887244414], [28.929508618306485, 5.7904913611978515], [28.991370139050595, 5.7274170875349775], [29.573773724592677, 5.6751115923023505], [29.56472081911793, 5.7658770105001445], [29.591879535542173, 5.821259299569988], [29.635635245336786, 5.98279097602369], [29.780481732932746, 6.09047876032616], [29.769920009878874, 6.161245018582068], [29.78500818567012, 6.273547993640356], [29.763884739562375, 6.370466999512576], [30.122983323394024, 6.370466999512576], [30.150142039818263, 6.255087230617075], [30.202950655087626, 6.147399446314608], [30.19238893203375, 6.087401966488947], [30.291970892255975, 6.087401966488947], [30.657104746404123, 5.747416247476867], [30.99658870170715, 5.5628086172440625], [30.987535796232404, 5.4012769407903605], [30.89097147116843, 5.399738543871752], [30.86833920748156, 5.218207707476161], [30.887953836010183, 5.159748624569108], [30.878900930535433, 4.996678551196798], [30.844198126215566, 4.941296262126958], [30.797424781262706, 4.935142674452528], [30.685772280407488, 4.852069240847769], [30.568084509235774, 4.8166861117198145], [30.519802346703784, 4.768995807243005], [30.506222988491665, 4.667461610614964], [30.397588122794694, 4.605925733870695], [30.291970892255975, 4.685922373638245], [30.195406567192002, 4.7074599304987395], [30.064139437808166, 4.650539244510291], [29.944942849057323, 4.64592405375447], [29.81216690209436, 4.56285062014971], [29.73370838797988, 4.575157795498562], [29.708058489134764, 4.616694512300942], [29.61149416407079, 4.661308022940538], [29.590370717963047, 4.649000847591683], [29.502859298373824, 4.685922373638245], [29.47570058194958, 4.607464130789303], [29.4093126084681, 4.48285398038216], [29.374609804148236, 4.4690084081147], [29.306713013087627, 4.378242989916906], [29.199586964969782, 4.356705433056412], [29.139234261804802, 4.42747169131232], [29.02758176094958, 4.490545964975194], [28.902349901882243, 4.470546805033308], [28.832944293242512, 4.473623598870521], [28.78617094828965, 4.558235429393889], [28.71676533964992, 4.533621078696182], [28.703185981437798, 4.472085201951913], [28.662447906801436, 4.419779706719286], [28.596059933319953, 4.410549325207647], [28.582480575107834, 4.378242989916906], [28.523636689521975, 4.37208940224248], [28.479880979727362, 4.302861540905177], [28.415001823825005, 4.282862380963291], [28.351631485501773, 4.338244670033131], [28.23847016706743, 4.329014288521492], [28.135870571686958, 4.389011768347153], [28.039306246622985, 4.467470011196095], [28.025726888410865, 4.538236269452003], [27.944250739138138, 4.556697032475281], [27.868809860181912, 4.547466650963642], [27.811474792175176, 4.599772146196269], [27.776771987855312, 4.665923213696356], [27.78884252848831, 4.7536118380569405], [27.758666176905816, 4.790533364103499], [27.71340164953208, 4.785918173347682], [27.684734115528713, 4.8689916069524415], [27.65757539910447, 4.890529163812936], [27.580625702569115, 4.885913973057114], [27.538378810353628, 4.9182203083478555], [27.521781816983257, 4.9705258035804825], [27.470482019293023, 5.008985726545649], [27.456902661080903, 5.064368015615493], [27.39654995791592, 5.152056639976074], [27.324126714117938, 5.199746944452883], [27.24868583516171, 5.327433888697236], [27.233597659370467, 5.427429688406672], [27.283388639481576, 5.5874229679417695], [27.18833313199673, 5.7274170875349775], [27.105348165144875, 5.799721742709494], [27.046504279559016, 5.795106551953673], [27.002748569764407, 5.856642428697942], [26.963519312707167, 5.8474120471863], [26.904675427121308, 5.895102351663109], [26.833761000902452, 5.904332733174748], [26.818672825111207, 5.981252579105085], [26.752284851629724, 6.013558914395823], [26.65572052656575, 6.004328532884184], [26.560665019080904, 6.033558074337712], [26.51690930928629, 6.115093111023867], [26.53350630265666, 6.195089750791414], [26.47315359949168, 6.236626467593794], [26.47617123464993, 6.273547993640356], [26.396203902956326, 6.3058543289310975], [26.298130760313228, 6.387389365617253], [26.296621942734106, 6.493538753001115], [26.40374799085195, 6.611995315733829], [26.412800896326697, 6.645840047943178]]]}}, {"type": "Feature", "properties": {"GID_1": "SDN.1_1", "NAME_1": "Al Jazirah", "risk_level_int": 1, "sampled_mm": 2.2, "date": "2026-03-04"}, "geometry": {"type": "Polygon", "coordinates": [[[32.481265199565726, 15.231633250687153], [32.55519726094283, 15.22394126609412], [33.0259483456297, 15.265477982896499], [33.14665375195967, 15.263939585977894], [33.1979535496499, 15.243940426036005], [33.27942969892263, 15.334705844233802], [33.51631405884519, 15.46085439155955], [33.555543315902426, 15.445470422373482], [33.62494892454215, 15.396241720978068], [33.641545917912524, 15.290092333594206], [33.70189862107751, 15.288553936675601], [34.015732677535425, 15.183942946210344], [34.22093186829636, 14.873186768651792], [34.29788156483171, 14.736269442895797], [34.27524930114485, 14.671656772314314], [34.08513828617515, 14.40397570847675], [34.089664738912525, 14.393206930046503], [33.9282212579462, 14.15783220149968], [33.923694805208825, 14.111680293941479], [34.000644501744176, 13.963994189755233], [33.73358379023912, 14.05014441719721], [33.723022067185255, 14.088604340162377], [33.662669364020275, 14.099373118592624], [33.63852828275428, 13.991685334290153], [33.58873730264317, 13.945533426731956], [33.61589601906741, 13.883997549987686], [33.51027878852869, 13.879382359231865], [33.353361760299734, 13.894766328417933], [33.338273584508485, 14.011684494232043], [33.25679743523576, 14.048606020278601], [33.1240214882728, 14.031683654173928], [33.077248143319935, 14.059374798708848], [33.05461587963307, 13.971686174348267], [33.063668785107815, 13.857844802371371], [33.10440685974418, 13.800924116382923], [33.02293071047146, 13.774771368766611], [32.98370145341421, 13.740926636557262], [32.96106918972735, 13.684005950568814], [32.97615736551859, 13.590163738533807], [32.73927300559603, 13.584010150859381], [32.713623106750916, 13.680929156731601], [32.73323773527953, 13.748618621150296], [32.68948202548492, 13.839384039348094], [32.571794254313204, 13.930149457545888], [32.58537361252532, 13.990146937371549], [32.55217962578459, 14.071681974057704], [32.571794254313204, 14.163985789174106], [32.47372111167011, 14.183984949115992], [32.5159680038856, 14.236290444348619], [32.58084715978795, 14.237828841267227], [32.59744415315832, 14.388591739290682], [32.543126720309836, 14.400898914639537], [32.44505357766674, 14.47320356981405], [32.48579165230311, 14.5532002095816], [32.588391247683575, 14.530124255802498], [32.604988241053945, 14.560892194174635], [32.83432851308088, 14.597813720221193], [32.773975809915896, 14.671656772314314], [32.76492290444115, 14.719347076791124], [32.835837330660006, 14.75780699975629], [32.81018743181489, 14.817804479581952], [32.742290640754284, 14.862417990221545], [32.62460286958257, 14.967028980686802], [32.669867396956306, 15.034718445105497], [32.76492290444115, 14.967028980686802], [32.77850226265327, 15.054717605047383], [32.743799458333406, 15.125483863303291], [32.680429120010174, 15.165482183187066], [32.56274134883846, 15.187019740047557], [32.481265199565726, 15.231633250687153]]]}}, {"type": "Feature", "properties": {"GID_1": "SDN.2_1", "NAME_1": "Al Qadarif", "risk_level_int": 1, "sampled_mm": 4.8, "date": "2026-03-04"}, "geometry": {"type": "Polygon", "coordinates": [[[35.698064278259324, 12.66558719045118], [35.60149995319534, 12.702508716497743], [35.56227069613811, 12.734815051788484], [35.5064444457105, 12.716354288765203], [35.32689515379467, 12.74096863946291], [35.301245254949556, 12.771736577835043], [35.10811660482161, 12.899423522079399], [35.07794025323912, 12.891731537486368], [35.01155227975764, 12.944037032718995], [34.966287752383906, 12.9455754296376], [34.81087954173407, 13.074800770800564], [34.795791365942826, 13.140951838300651], [34.762597379202084, 13.171719776672784], [34.6464184256095, 13.171719776672784], [34.61925970918525, 13.217871684230985], [34.564942276336765, 13.247101225684514], [34.36276072073407, 13.473245572719698], [34.28581102419872, 13.639392439929221], [34.35521663283845, 13.66862198138275], [34.3401284570472, 13.725542667371197], [34.24658176714148, 13.722465873533984], [34.1620879827105, 13.739388239638657], [34.103244097124644, 13.802462513301531], [34.06552365764653, 13.910150297604002], [34.000644501744176, 13.963994189755233], [33.923694805208825, 14.111680293941479], [33.9282212579462, 14.15783220149968], [34.089664738912525, 14.393206930046503], [34.08513828617515, 14.40397570847675], [34.27524930114485, 14.671656772314314], [34.29788156483171, 14.736269442895797], [34.22093186829636, 14.873186768651792], [34.015732677535425, 15.183942946210344], [33.70189862107751, 15.288553936675601], [33.641545917912524, 15.290092333594206], [33.62494892454215, 15.396241720978068], [33.555543315902426, 15.445470422373482], [33.60231666085529, 15.542389428245706], [33.62193128938391, 15.622386068013252], [33.68379281012801, 15.677768357083096], [33.8859743657307, 15.728535455397115], [33.92520362278795, 15.72699705847851], [33.994609231427674, 15.766995378362285], [34.18321142881825, 15.731612249234331], [34.26468757809098, 15.663922784815636], [34.31598737578121, 15.65161560946678], [34.365778355892324, 15.597771717315545], [34.537783559912526, 15.56854217586202], [34.702244676037104, 15.497775917606113], [34.69319177056235, 15.365473782605935], [34.812388359313196, 15.273169967489533], [34.84709116363306, 15.27009317365232], [34.99193765122902, 15.193173327721986], [35.06285207744787, 15.019334475919429], [35.14281940914148, 14.903954707023928], [35.24994545725932, 14.914723485454171], [35.52153262150175, 14.923953866965814], [35.64374684541083, 14.93472264539606], [35.70409954857582, 15.071639971152056], [35.70711718373407, 15.12086867254747], [35.76143461658255, 15.143944626326572], [35.81273441427279, 15.279323555163959], [35.83385786038053, 15.217787678419693], [35.924386915128004, 15.139329435570751], [35.97870434797649, 15.043948826617136], [36.04509232145797, 14.980874552954262], [36.084321578515215, 14.982412949872867], [36.13109492346807, 15.030103254349676], [36.20955343758255, 15.071639971152056], [36.44040252718861, 15.145483023245177], [36.4705788787711, 14.919338676209993], [36.52640512919871, 14.32859425946502], [36.56110793351858, 14.267058382720755], [36.46303479087548, 13.971686174348267], [36.49924641277447, 13.847076023941124], [36.45096425024248, 13.768617781092185], [36.402682087710495, 13.644007630685042], [36.38155864160275, 13.545550227894214], [36.277450228643154, 13.365557788417231], [36.19899171452868, 13.070185580044743], [36.15372718715494, 12.933268254288748], [36.17937708600006, 12.896346728242186], [36.17635945084181, 12.784043753183898], [36.15221836957582, 12.682509556555857], [36.051127591774474, 12.722507876439629], [35.771996339636424, 12.660971999695363], [35.698064278259324, 12.66558719045118]]]}}, {"type": "Feature", "properties": {"GID_1": "SDN.3_1", "NAME_1": "Blue Nile", "risk_level_int": 1, "sampled_mm": 3.7, "date": "2026-03-04"}, "geometry": {"type": "Polygon", "coordinates": [[[34.104752914703774, 9.487259156609746], [33.892009636047206, 9.484182362772533], [33.88295673057246, 9.641098848470417], [33.9161507173132, 9.739556251261245], [33.952362339212186, 9.791861746493872], [33.98857396111118, 9.928779072249867], [33.98555632595293, 10.016467696610452], [33.952362339212186, 10.165692197715298], [33.87993909541421, 10.167230594633907], [33.78488358792936, 10.331839064924822], [33.6641781815994, 10.41645089544819], [33.478593619367075, 10.634903257890343], [33.246235712181885, 10.710284706902069], [33.30658841534687, 10.814895697367326], [33.139109664064044, 11.582555759752069], [33.188900644175156, 11.721011482426672], [33.81656875709098, 12.12099468126441], [34.12134990807414, 12.191760939520318], [34.352198997680205, 12.330216662194921], [34.31146092304384, 12.397906126613616], [34.44725450516505, 12.537900246206828], [34.66905068929636, 12.485594750974197], [34.749018020989965, 12.431750858822966], [34.91046150195629, 11.987154149345628], [34.89537332616505, 11.94869422638046], [35.04927271923575, 11.72562667318249], [35.07643143566, 11.645630033414943], [35.07794025323912, 11.5210198830078], [35.038710996181884, 11.416408892542545], [34.93007613048491, 11.236416453065562], [34.961761299646525, 11.236416453065562], [35.00099055670377, 11.181034163995719], [34.95723484690915, 10.956428213879143], [34.982884745754276, 10.897969130972086], [34.86670579216168, 10.8087421096929], [34.857652886686935, 10.75643661446027], [34.77768555499333, 10.710284706902069], [34.765615014360336, 10.754898217541665], [34.610206803710504, 10.897969130972086], [34.46536031611454, 10.821049285041752], [34.40651643052868, 10.713361500739282], [34.29788156483171, 10.58567455649493], [34.27977575388222, 10.514908298239021], [34.32654909883509, 10.474909978355246], [34.293355112094346, 10.405682117017943], [34.350690180101076, 10.221074486785142], [34.334093186730705, 10.113386702482671], [34.23300240892936, 10.047235634982584], [34.21640541555899, 9.902626324633555], [34.14549098934013, 9.718018694400751], [34.1002264619664, 9.55033343027262], [34.104752914703774, 9.487259156609746]]]}}, {"type": "Feature", "properties": {"GID_1": "SDN.4_1", "NAME_1": "Central Darfur", "risk_level_int": 1, "sampled_mm": 4.0, "date": "2026-03-04"}, "geometry": {"type": "Polygon", "coordinates": [[[22.560789616821662, 12.05176681992711], [22.628686407882267, 12.096380330566703], [22.732794820841864, 12.282526357718115], [22.679986205572504, 12.380983760508943], [22.684512658309878, 12.490209941730019], [22.615107049670147, 12.659433602776755], [22.622651137565768, 12.684047953474462], [22.81125333495634, 12.854810011439806], [22.889711849070817, 12.916345888184075], [22.88065894359607, 12.971728177253915], [22.965152728027046, 13.060955198533104], [22.941011646761055, 13.110183899928519], [23.017961343296406, 13.190180539696065], [23.036067154245902, 13.240947638010088], [23.135649114468123, 13.236332447254266], [23.171860736367115, 13.282484354812468], [23.205054723107853, 13.391710536033543], [23.25635452079809, 13.439400840510352], [23.32877776459607, 13.46247679428945], [23.432886177555666, 13.539396640219785], [23.482677157666775, 13.556319006324461], [23.582259117889, 13.500936717254618], [23.663735267161726, 13.505551908010439], [23.64562945621223, 13.393248932952151], [23.708999794535462, 13.399402520626577], [23.752755504330075, 13.454784809696417], [23.808581754757682, 13.379403360684691], [23.89307553918866, 13.391710536033543], [23.986622229094383, 13.382480154521904], [24.123924628794718, 13.245562828765905], [24.152592162798086, 13.273253973300829], [24.273297569128054, 13.265561988707795], [24.28989456249842, 13.350173819231163], [24.51319956420886, 13.410171299056824], [24.700292944020305, 13.417863283649858], [24.728960478023673, 13.384018551440509], [24.633904970538826, 13.224025271905415], [24.547902368528725, 13.160950998242537], [24.439267502831754, 13.133259853707617], [24.403055880932765, 13.085569549230812], [24.39400297545802, 12.996342527951622], [24.360808988717277, 12.922499475858501], [24.25971821091593, 12.779428562428077], [24.148065710060713, 12.668663984288397], [24.270279933969803, 12.43328925574157], [24.311018008606165, 12.393290935857795], [24.33515908987216, 12.262527197776226], [24.32459736681829, 12.176376970334253], [24.27178875154893, 12.204068114869173], [24.15711861553546, 12.191760939520318], [24.02132503341425, 12.102533918241132], [23.94286651929977, 12.097918727485311], [23.9262695259294, 12.067150789113178], [23.775387768016945, 11.977923767833989], [23.736158510959704, 11.919464684926933], [23.733140875801457, 11.837929648240777], [23.702964524218963, 11.654860414926581], [23.73163205822233, 11.43794644940304], [23.57320621241425, 11.231801262309741], [23.508327056511895, 11.193341339344574], [23.022487796033783, 10.707207913064856], [22.885185396333444, 10.894892337134873], [22.877641308437823, 10.917968290913976], [22.98627617413479, 11.199494927019], [22.981749721397417, 11.296413932891223], [22.953082187394052, 11.311797902077288], [22.945538099498428, 11.41794728946115], [22.78862107126947, 11.402563320275085], [22.753918266949608, 11.474867975449598], [22.661880394623008, 11.514866295333373], [22.56682488713816, 11.621015682717236], [22.554754346505163, 11.687166750217322], [22.634721678198765, 12.027152469229403], [22.560789616821662, 12.05176681992711]]]}}, {"type": "Feature", "properties": {"GID_1": "SDN.5_1", "NAME_1": "East Darfur", "risk_level_int": 1, "sampled_mm": 3.6, "date": "2026-03-04"}, "geometry": {"type": "Polygon", "coordinates": [[[26.215145793461378, 9.91031830922659], [26.088405116814915, 10.033390062715124], [26.043140589441176, 10.116463496319884], [25.92847045342771, 10.171845785389728], [25.931488088585958, 10.373375781727205], [25.848503121734108, 10.422604483122619], [25.818326770151614, 10.699515928471822], [25.768535790040506, 10.893353940216269], [25.667445012239156, 11.193341339344574], [25.56937186959606, 11.330258665100569], [25.684042005609527, 11.377948969577378], [25.723271262666767, 11.4517920216705], [25.490913355481585, 11.565633393647392], [25.17707929902367, 11.801008122194219], [24.958300750050608, 11.997922927775875], [24.96131838520886, 12.15483941347376], [25.337013962410875, 12.188684145683105], [25.41999892926273, 12.259450403939013], [25.415472476525355, 12.311755899171644], [25.1665175759698, 12.956344208067847], [25.23290554945128, 12.970189780335307], [25.29929352293276, 12.956344208067847], [25.448666463266093, 12.9455754296376], [25.498457443377205, 12.956344208067847], [25.576915957491686, 12.939421841963174], [25.590495315703805, 12.839426042253738], [25.73081535056239, 12.773274974753651], [25.765518154882255, 12.744045433300123], [25.846994304154983, 12.74096863946291], [26.082369846498416, 12.465595591032312], [26.082369846498416, 12.404059714288042], [26.002402514804814, 12.397906126613616], [25.884714743633097, 12.347139028299598], [25.949593899535454, 12.260988800857621], [25.957137987431075, 12.208683305624994], [26.029561231229057, 12.157916207310972], [26.06426403554892, 12.085611552136456], [26.160828360612893, 12.056382010682931], [26.19251352977451, 11.984077355508415], [26.344904105266092, 11.877927968124553], [26.563682654239155, 11.848698426671024], [26.65119407382838, 11.824084075973317], [26.758320121946223, 11.75331781771741], [26.82169046026946, 11.741010642368558], [26.989169211552284, 11.790239343763972], [27.09931289482838, 11.788700946845363], [27.15363032767686, 11.774855374577903], [27.22907120663309, 11.717934688589455], [27.24868583516171, 11.401024923356477], [27.266791646111205, 11.199494927019], [27.324126714117938, 10.974888976902424], [27.900495029343524, 9.60263892550525], [27.78884252848831, 9.591870147075003], [27.653048946367097, 9.607254116261068], [27.399567593074167, 9.61033091009828], [27.28791509221895, 9.618022894691315], [27.12345397609437, 9.608792513179676], [27.026889651030398, 9.590331750156395], [26.719090864888987, 9.482643965853924], [26.642141168353632, 9.488797553528354], [26.369045186532084, 9.570332590214509], [26.292095489996733, 9.662636405330911], [26.215145793461378, 9.91031830922659]]]}}, {"type": "Feature", "properties": {"GID_1": "SDN.6_1", "NAME_1": "Kassala", "risk_level_int": 1, "sampled_mm": 4.0, "date": "2026-03-04"}, "geometry": {"type": "Polygon", "coordinates": [[[34.18321142881825, 15.731612249234331], [34.37784889652532, 15.694690723187769], [34.36125190315495, 15.756226599932038], [34.20584369250512, 16.023907663769602], [34.3461637273637, 16.305434299874626], [34.37483126136707, 16.30389590295602], [34.426131059057305, 16.36081658894447], [34.503080755592656, 16.39773811499103], [35.29671880221218, 16.35927819202586], [35.349527417481546, 16.379277351967747], [35.40384485033003, 16.371585367374717], [35.67392319699333, 16.55926979144473], [35.76596106931993, 17.157706192782737], [36.11751556525595, 17.039249630050023], [36.19295644421218, 17.03155764545699], [37.00620911936032, 17.074632759177977], [37.018279659993325, 17.03001924853838], [36.983576855673455, 16.968483371794115], [37.0047003017812, 16.940792227259195], [37.001682666622955, 16.83002764911951], [37.028841383047194, 16.800798107665983], [36.98206803809433, 16.750031009351964], [36.956418139249216, 16.686956735689087], [36.90059188882161, 16.67618795725884], [36.88701253060948, 16.54542421917727], [36.89908307124248, 16.496195517781857], [36.96245340956571, 16.436198037956196], [36.93378587556235, 16.35466300127004], [36.96094459198659, 16.283896743014132], [36.89908307124248, 16.226976057025684], [36.81006283407413, 15.940834230164839], [36.76781594185864, 15.83006965202516], [36.69991915079804, 15.71315148621105], [36.63805763005393, 15.52239026830382], [36.613916548787934, 15.413164087082745], [36.541493304989956, 15.22855645684994], [36.4705788787711, 15.197788518477804], [36.44040252718861, 15.145483023245177], [36.20955343758255, 15.071639971152056], [36.13109492346807, 15.030103254349676], [36.084321578515215, 14.982412949872867], [36.04509232145797, 14.980874552954262], [35.97870434797649, 15.043948826617136], [35.924386915128004, 15.139329435570751], [35.83385786038053, 15.217787678419693], [35.81273441427279, 15.279323555163959], [35.76143461658255, 15.143944626326572], [35.70711718373407, 15.12086867254747], [35.70409954857582, 15.071639971152056], [35.64374684541083, 14.93472264539606], [35.52153262150175, 14.923953866965814], [35.24994545725932, 14.914723485454171], [35.14281940914148, 14.903954707023928], [35.06285207744787, 15.019334475919429], [34.99193765122902, 15.193173327721986], [34.84709116363306, 15.27009317365232], [34.812388359313196, 15.273169967489533], [34.69319177056235, 15.365473782605935], [34.702244676037104, 15.497775917606113], [34.537783559912526, 15.56854217586202], [34.365778355892324, 15.597771717315545], [34.31598737578121, 15.65161560946678], [34.26468757809098, 15.663922784815636], [34.18321142881825, 15.731612249234331]]]}}, {"type": "Feature", "properties": {"GID_1": "SDN.7_1", "NAME_1": "Khartoum", "risk_level_int": 1, "sampled_mm": 2.2, "date": "2026-03-04"}, "geometry": {"type": "Polygon", "coordinates": [[[32.481265199565726, 15.231633250687153], [32.44505357766674, 15.167020580105671], [32.374139151447885, 15.170097373942884], [32.12367543331321, 15.700844310862195], [31.889808708548898, 15.980832550048614], [31.820403099909168, 16.082366746676655], [31.701206511158325, 16.38389254272357], [31.651415531047213, 16.451582007142264], [31.62274799704385, 16.528501853072598], [31.82794718780479, 16.631574446619247], [32.17799286616169, 16.377738955049143], [32.70909665401354, 16.310049490630448], [32.81169624939401, 16.22543766010708], [33.08328341363644, 16.17928575254888], [33.446908450205456, 16.079289952839442], [33.51933169400344, 16.02083086993239], [33.62645774212128, 15.976217359292793], [33.77432186487549, 15.940834230164839], [34.02176794785192, 15.979294153130006], [34.20584369250512, 16.023907663769602], [34.36125190315495, 15.756226599932038], [34.37784889652532, 15.694690723187769], [34.18321142881825, 15.731612249234331], [33.994609231427674, 15.766995378362285], [33.92520362278795, 15.72699705847851], [33.8859743657307, 15.728535455397115], [33.68379281012801, 15.677768357083096], [33.62193128938391, 15.622386068013252], [33.60231666085529, 15.542389428245706], [33.555543315902426, 15.445470422373482], [33.51631405884519, 15.46085439155955], [33.27942969892263, 15.334705844233802], [33.1979535496499, 15.243940426036005], [33.14665375195967, 15.263939585977894], [33.0259483456297, 15.265477982896499], [32.55519726094283, 15.22394126609412], [32.481265199565726, 15.231633250687153]]]}}, {"type": "Feature", "properties": {"GID_1": "SDN.8_1", "NAME_1": "North Darfur", "risk_level_int": 1, "sampled_mm": 2.0, "date": "2026-03-04"}, "geometry": {"type": "Polygon", "coordinates": [[[25.1665175759698, 12.956344208067847], [25.088059061855322, 12.933268254288748], [24.993003554370475, 12.942498635800387], [24.93566848636374, 12.990188940277196], [24.85268351951189, 13.002496115626048], [24.766680917501787, 13.08095435847499], [24.6263608826432, 13.087107946149416], [24.439267502831754, 13.133259853707617], [24.547902368528725, 13.160950998242537], [24.633904970538826, 13.224025271905415], [24.728960478023673, 13.384018551440509], [24.700292944020305, 13.417863283649858], [24.51319956420886, 13.410171299056824], [24.28989456249842, 13.350173819231163], [24.273297569128054, 13.265561988707795], [24.152592162798086, 13.273253973300829], [24.123924628794718, 13.245562828765905], [23.986622229094383, 13.382480154521904], [23.89307553918866, 13.391710536033543], [23.808581754757682, 13.379403360684691], [23.752755504330075, 13.454784809696417], [23.708999794535462, 13.399402520626577], [23.64562945621223, 13.393248932952151], [23.663735267161726, 13.505551908010439], [23.582259117889, 13.500936717254618], [23.482677157666775, 13.556319006324461], [23.432886177555666, 13.539396640219785], [23.32877776459607, 13.46247679428945], [23.25635452079809, 13.439400840510352], [23.260880973535464, 13.587086944696594], [23.32576012943782, 13.625546867661761], [23.27898678448496, 13.656314806033894], [23.221651716478224, 13.764002590336364], [23.20958117584523, 13.917842282197032], [23.227686986794723, 14.039375638766963], [23.257863338377216, 14.113218690860084], [23.202037087949606, 14.153217010743859], [23.171860736367115, 14.122449072371726], [23.085858134357014, 14.197830521383452], [23.128105026572502, 14.322440671790595], [23.004381985084287, 14.5532002095816], [22.882167761175197, 14.47935715748848], [22.808235699798093, 14.556277003418813], [22.871606038121325, 14.882417150163434], [22.80370924706072, 14.953183408419342], [22.753918266949608, 14.965490583768194], [22.8700972205422, 15.082408749582303], [22.93950282918193, 15.10702310028001], [22.930449923707183, 15.157790198594032], [22.999855532346913, 15.237786838361579], [23.004381985084287, 15.308553096617487], [22.990802626872167, 15.416240880919958], [22.93346755886543, 15.463931185396763], [22.930449923707183, 15.55008141283874], [23.036067154245902, 15.617770877257435], [23.122069756256003, 15.710074692373837], [23.214107628582603, 15.708536295455229], [23.333304217333442, 15.686998738594735], [23.416289184185295, 15.69315232626916], [23.577732665151625, 15.753149806094822], [23.6622264495826, 15.757764996850643], [23.805564119599435, 15.742381027664575], [23.963989965407514, 15.703921104699408], [24.00171040488563, 15.705459501618016], [24.000201587306506, 16.0008317099905], [24.000201587306506, 20.000663698367912], [25.000547642266095, 20.000663698367912], [25.000547642266095, 20.00374049220513], [27.47199083687215, 19.9975869045307], [27.500658370875513, 20.000663698367912], [27.500658370875513, 16.573115363712194], [26.936360596282924, 16.571576966793586], [26.995204481868782, 15.968525374699762], [27.103839347565753, 15.027026460512463], [27.140050969464742, 14.837803639523838], [27.210965395683594, 14.788574938128423], [27.44332330286878, 14.102449912429837], [27.493114282979892, 13.957840602080807], [27.455393843501778, 13.737849842720049], [27.52630826972063, 13.631700455336187], [27.527817087299756, 13.545550227894214], [27.509711276350263, 13.480937557312732], [27.385988234862047, 13.33325145312649], [27.369391241491677, 13.160950998242537], [27.15212151009774, 12.911730697428254], [27.12647161125262, 12.784043753183898], [27.134015699148243, 12.580975359927812], [27.111383435461374, 12.502517117078874], [27.038960191663396, 12.370214982078696], [27.079698266299758, 12.22868246556688], [27.064610090508513, 12.100995521322524], [27.127980428831744, 11.981000561671202], [27.22907120663309, 11.717934688589455], [27.15363032767686, 11.774855374577903], [27.09931289482838, 11.788700946845363], [26.989169211552284, 11.790239343763972], [26.82169046026946, 11.741010642368558], [26.758320121946223, 11.75331781771741], [26.65119407382838, 11.824084075973317], [26.563682654239155, 11.848698426671024], [26.344904105266092, 11.877927968124553], [26.19251352977451, 11.984077355508415], [26.160828360612893, 12.056382010682931], [26.06426403554892, 12.085611552136456], [26.029561231229057, 12.157916207310972], [25.957137987431075, 12.208683305624994], [25.949593899535454, 12.260988800857621], [25.884714743633097, 12.347139028299598], [26.002402514804814, 12.397906126613616], [26.082369846498416, 12.404059714288042], [26.082369846498416, 12.465595591032312], [25.846994304154983, 12.74096863946291], [25.765518154882255, 12.744045433300123], [25.73081535056239, 12.773274974753651], [25.590495315703805, 12.839426042253738], [25.576915957491686, 12.939421841963174], [25.498457443377205, 12.956344208067847], [25.448666463266093, 12.9455754296376], [25.29929352293276, 12.956344208067847], [25.23290554945128, 12.970189780335307], [25.1665175759698, 12.956344208067847]]]}}, {"type": "Feature", "properties": {"GID_1": "SDN.9_1", "NAME_1": "North Kurdufan", "risk_level_int": 1, "sampled_mm": 4.4, "date": "2026-03-04"}, "geometry": {"type": "Polygon", "coordinates": [[[31.690644788104454, 12.545592230799858], [31.423584076599404, 12.642511236672082], [31.317966846060685, 12.633280855160443], [31.21084079794284, 12.594820932195272], [31.05995904003038, 12.599436122951094], [31.04637968181826, 12.53636184928822], [31.06448549276776, 12.451750018764852], [31.05995904003038, 12.393290935857795], [31.028273870868766, 12.360984600567058], [30.958868262229036, 12.379445363590335], [30.907568464538798, 12.316371089927461], [30.871356842639813, 12.344062234462381], [30.81854822737045, 12.2563736101018], [30.572610961973147, 12.239451243997127], [30.509240623649916, 12.325601471439104], [30.4654849138553, 12.451750018764852], [30.397588122794694, 12.5086707047533], [30.397588122794694, 12.557899406148714], [30.195406567192002, 12.516362689346334], [30.095824606969778, 12.459442003357886], [30.04603362685867, 12.450211621846243], [30.05357771475429, 12.579436963009208], [30.030945451067424, 12.636357648997656], [30.030945451067424, 12.700970319579135], [29.928345855686953, 12.753275814811765], [29.769920009878874, 12.751737417893157], [29.55415909606406, 13.099415121498271], [29.51794747416507, 13.391710536033543], [29.376118621727358, 13.428632062080105], [29.25692203297652, 13.485552748068553], [29.12867253875093, 13.636315646092008], [28.863120644825003, 13.790155337952676], [28.864629462404128, 13.851691214696945], [28.63076273763982, 13.839384039348094], [28.596059933319953, 13.880920756150473], [28.546268953208845, 13.89168953458072], [28.14944992989908, 14.05014441719721], [28.083061956417602, 14.06860518022049], [27.791860163646557, 14.111680293941479], [27.44332330286878, 14.102449912429837], [27.210965395683594, 14.788574938128423], [27.140050969464742, 14.837803639523838], [27.103839347565753, 15.027026460512463], [26.995204481868782, 15.968525374699762], [26.936360596282924, 16.571576966793586], [27.500658370875513, 16.573115363712194], [28.642833278272818, 16.5746537606308], [29.984172106114563, 16.56080818836334], [30.130527411289645, 16.556192997607518], [31.00413278960277, 16.508502693130712], [31.492989685239134, 16.513117883886533], [31.62274799704385, 16.528501853072598], [31.651415531047213, 16.451582007142264], [31.701206511158325, 16.38389254272357], [31.820403099909168, 16.082366746676655], [31.889808708548898, 15.980832550048614], [32.12367543331321, 15.700844310862195], [32.374139151447885, 15.170097373942884], [32.0618139125691, 15.039333635861315], [32.04521691919873, 14.997796919058935], [32.07690208836034, 14.945491423826308], [32.0497433719361, 14.922415470047206], [31.965249587505127, 14.925492263884419], [31.910932154656642, 14.733192649058584], [31.627274449781222, 14.485510745162905], [31.551833570824993, 14.299364718011493], [31.55334238840412, 14.168600979929924], [31.60313336851523, 14.016299684987864], [31.7917355659058, 13.880920756150473], [31.879246985495026, 13.62093167690594], [32.05879627741085, 13.467091985045272], [32.01956702035361, 13.314790690103209], [32.021075837932734, 13.25787000411476], [32.06634036530647, 13.224025271905415], [32.00297002698324, 13.144028632137864], [31.926020330447887, 13.120952678358766], [31.838508910858664, 13.044032832428428], [31.737418133057318, 12.988650543358588], [31.64688907830984, 12.697893525741922], [31.690644788104454, 12.545592230799858]]]}}, {"type": "Feature", "properties": {"GID_1": "SDN.10_1", "NAME_1": "Northern", "risk_level_int": 1, "sampled_mm": 2.1, "date": "2026-03-04"}, "geometry": {"type": "Polygon", "coordinates": [[[27.500658370875513, 16.573115363712194], [27.500658370875513, 20.000663698367912], [27.47199083687215, 19.9975869045307], [25.000547642266095, 20.00374049220513], [25.000547642266095, 21.999041295638015], [25.139358859545556, 22.00519488331244], [26.375080456848583, 22.00519488331244], [26.946922319336796, 22.00519488331244], [27.63343431783848, 22.00827167714965], [28.67602726501356, 22.006733280231046], [29.3172747361415, 22.003656486393837], [29.877046057996715, 22.00519488331244], [30.976974073178532, 22.00827167714965], [31.317966846060685, 22.006733280231046], [31.35719610311792, 22.114421064533516], [31.410004718387285, 22.182110528952208], [31.468848603973143, 22.222108848835987], [31.512604313767753, 22.180572132033603], [31.4356546172324, 22.08057633232417], [31.411513535966407, 22.00827167714965], [31.942617323818258, 22.006733280231046], [32.022584655511864, 22.003656486393837], [32.43147421945462, 22.003656486393837], [32.43147421945462, 21.974426944940305], [32.31529526586203, 19.971434156914388], [32.31831290102028, 19.6529859947628], [32.2579601978553, 18.84378921557568], [32.63365577505731, 18.477650748947283], [32.56575898399671, 18.109973885400283], [32.68495557274755, 17.76537297563238], [32.482774017144855, 17.499230308713425], [31.856614721808157, 16.63465124045646], [31.82794718780479, 16.631574446619247], [31.62274799704385, 16.528501853072598], [31.492989685239134, 16.513117883886533], [31.00413278960277, 16.508502693130712], [30.130527411289645, 16.556192997607518], [29.984172106114563, 16.56080818836334], [28.642833278272818, 16.5746537606308], [27.500658370875513, 16.573115363712194]]]}}, {"type": "Feature", "properties": {"GID_1": "SDN.11_1", "NAME_1": "Red Sea", "risk_level_int": 1, "sampled_mm": 3.8, "date": "2026-03-04"}, "geometry": {"type": "Polygon", "coordinates": [[[37.00620911936032, 17.074632759177977], [36.19295644421218, 17.03155764545699], [36.11751556525595, 17.039249630050023], [35.76596106931993, 17.157706192782737], [35.37517731632666, 17.3100074877248], [35.21373383536033, 17.38385053981792], [35.1563987673536, 17.43615603505055], [34.97383184027952, 17.70999068656254], [34.84256471089569, 17.919212667493053], [34.60266271581488, 18.149972205284058], [34.4382015996903, 18.234584035807426], [34.10777054986202, 18.34073342319129], [33.78790122308761, 19.142238217785376], [33.67323108707414, 19.32684584801818], [33.66719581675764, 19.408380884704336], [33.691336898023636, 19.679138742379113], [33.647581188229026, 19.971434156914388], [33.600807843276165, 20.04527720900751], [33.60684311359266, 20.102197894995957], [33.67021345191589, 20.35141819581024], [33.679266357390645, 20.469874758542957], [33.662669364020275, 20.520641856856976], [33.53592868737381, 20.749862997729373], [33.4740671666297, 20.763708569996837], [33.42125855136034, 20.797553302206182], [33.356379395457985, 20.880626735810942], [33.28395615166001, 20.922163452613326], [33.267359158289636, 20.965238566334314], [33.29753550987213, 21.08215673214842], [33.291500239555624, 21.18522932569507], [33.341291219666736, 21.248303599357946], [33.35034412514148, 21.31753146069525], [33.32771186145462, 21.44060321418378], [33.267359158289636, 21.505215884765263], [33.54649041042768, 21.69905389650971], [33.57666676201017, 21.72674504104463], [34.00517095448155, 21.772896948602828], [34.16057916513138, 22.20672487964992], [34.69168295298323, 22.29749029784771], [34.95119957659266, 22.857466776220548], [35.21222501778121, 22.78670051796464], [35.621114581723965, 23.145147], [35.65732620362296, 23.066688757151063], [35.6603438387812, 22.95438578209277], [35.74031117047481, 22.868235554650795], [35.7765227923738, 22.879004333081042], [35.82329613732666, 22.78823891488325], [35.88968411080814, 22.725164641220374], [35.95607208428962, 22.69131990901103], [36.188429991474806, 22.662090367557497], [36.28801195169703, 22.566709758603885], [36.297064857171776, 22.515942660289866], [36.345347019703766, 22.46209876813863], [36.42531435139736, 22.42517724209207], [36.44040252718861, 22.35748777767337], [36.57619610930982, 22.292875107091895], [36.72104259690578, 22.165188162847535], [36.79497465828288, 22.15134259058008], [36.844765638393994, 22.085191523079985], [36.893047800925984, 22.066730760056707], [36.86739790208087, 21.96827335726588], [36.88248607787211, 21.946735800405385], [36.87946844271386, 21.800588093137748], [36.91115361187548, 21.612903669067734], [37.02431493030982, 21.40522008505583], [37.14049388390241, 21.260610774706798], [37.21140831012127, 21.20215169179974], [37.320043175818235, 21.06677276296235], [37.29137564181487, 21.017544061566937], [37.246111114441135, 21.01908245848555], [37.23856702654551, 21.132923830462445], [37.17972314095965, 21.140615815055476], [37.16312614758928, 21.215997264067205], [37.12389689053204, 21.225227645578848], [37.12540570811117, 21.07446474755539], [37.093720538949555, 21.037543221508827], [37.12842334326942, 20.997544901625055], [37.170670235484906, 20.879088338892338], [37.17972314095965, 20.691403914822324], [37.23705820896639, 20.56525536749657], [37.229514121070764, 20.483720330810414], [37.1887760464344, 20.45449078935689], [37.20537303980477, 20.283728731391548], [37.21744358043777, 20.074506750461037], [37.181231958538774, 20.03450843057726], [37.21291712770039, 19.93758942470504], [37.26723456054888, 19.831440037321176], [37.258181655074125, 19.672985154704687], [37.23404057380814, 19.605295690285992], [37.280813918761, 19.508376684413772], [37.320043175818235, 19.35607538947171], [37.32456962855561, 19.259156383599485], [37.366816520771096, 19.059164784180616], [37.40755459540746, 18.99147531976192], [37.412081048144834, 18.876095550866417], [37.49204837983844, 18.759177385052308], [37.54334817752867, 18.717640668249928], [37.676124124491636, 18.73610143127321], [37.8028648011381, 18.6191832654591], [37.914517301993314, 18.583800136331146], [37.95525537662968, 18.55918578563344], [38.08652250601352, 18.391500521505307], [38.085013688434394, 18.322272660168007], [38.10764595212126, 18.273043958772593], [38.211754365080864, 18.226892051214392], [38.27965115614147, 18.274582355691198], [38.257018892454596, 18.216123272784145], [38.3369862241482, 18.173048159063157], [38.40186538005055, 18.1822785405748], [38.40337419762968, 18.123819457667743], [38.52558842153877, 18.096128313132823], [38.5708529489125, 18.006901291853634], [38.56934413133338, 18.006901291853634], [38.451656360161664, 17.89767511063256], [38.34151267688557, 17.64999320673688], [38.28115997372059, 17.625378856039173], [38.26003652761285, 17.559227788539086], [38.16648983770712, 17.573073360806546], [38.10915476970039, 17.559227788539086], [38.10613713454214, 17.480769545690144], [38.071434330222274, 17.48230794260875], [38.0669078774849, 17.551535803946052], [38.012590444636416, 17.553074200864657], [37.97637882273743, 17.49153832412039], [37.870761592198704, 17.453078401155224], [37.83756760545796, 17.50076870563203], [37.77419726713473, 17.480769545690144], [37.765144361659985, 17.38385053981792], [37.612753786168405, 17.374620158306282], [37.51468064352531, 17.336160235341115], [37.49204837983844, 17.306930693887587], [37.517698278683554, 17.25924038941078], [37.43773094698995, 17.102323903712897], [37.39397523719534, 17.046941614643057], [37.31099027034349, 17.094631919119863], [37.197828951909145, 17.06386398074773], [37.12842334326942, 17.057710393073304], [37.11182634989905, 17.08232474377101], [37.02129729515157, 17.09617031603847], [37.00620911936032, 17.074632759177977]]]}}, {"type": "Feature", "properties": {"GID_1": "SDN.12_1", "NAME_1": "River Nile", "risk_level_int": 1, "sampled_mm": 4.6, "date": "2026-03-04"}, "geometry": {"type": "Polygon", "coordinates": [[[34.20584369250512, 16.023907663769602], [34.02176794785192, 15.979294153130006], [33.77432186487549, 15.940834230164839], [33.62645774212128, 15.976217359292793], [33.51933169400344, 16.02083086993239], [33.446908450205456, 16.079289952839442], [33.08328341363644, 16.17928575254888], [32.81169624939401, 16.22543766010708], [32.70909665401354, 16.310049490630448], [32.17799286616169, 16.377738955049143], [31.82794718780479, 16.631574446619247], [31.856614721808157, 16.63465124045646], [32.482774017144855, 17.499230308713425], [32.68495557274755, 17.76537297563238], [32.56575898399671, 18.109973885400283], [32.63365577505731, 18.477650748947283], [32.2579601978553, 18.84378921557568], [32.31831290102028, 19.6529859947628], [32.31529526586203, 19.971434156914388], [32.43147421945462, 21.974426944940305], [32.43147421945462, 22.003656486393837], [33.16626838048829, 22.006733280231046], [33.55856095106068, 21.72674504104463], [33.57666676201017, 21.72674504104463], [33.54649041042768, 21.69905389650971], [33.267359158289636, 21.505215884765263], [33.32771186145462, 21.44060321418378], [33.35034412514148, 21.31753146069525], [33.341291219666736, 21.248303599357946], [33.291500239555624, 21.18522932569507], [33.29753550987213, 21.08215673214842], [33.267359158289636, 20.965238566334314], [33.28395615166001, 20.922163452613326], [33.356379395457985, 20.880626735810942], [33.42125855136034, 20.797553302206182], [33.4740671666297, 20.763708569996837], [33.53592868737381, 20.749862997729373], [33.662669364020275, 20.520641856856976], [33.679266357390645, 20.469874758542957], [33.67021345191589, 20.35141819581024], [33.60684311359266, 20.102197894995957], [33.600807843276165, 20.04527720900751], [33.647581188229026, 19.971434156914388], [33.691336898023636, 19.679138742379113], [33.66719581675764, 19.408380884704336], [33.67323108707414, 19.32684584801818], [33.78790122308761, 19.142238217785376], [34.10777054986202, 18.34073342319129], [34.4382015996903, 18.234584035807426], [34.60266271581488, 18.149972205284058], [34.84256471089569, 17.919212667493053], [34.97383184027952, 17.70999068656254], [35.1563987673536, 17.43615603505055], [35.21373383536033, 17.38385053981792], [35.37517731632666, 17.3100074877248], [35.76596106931993, 17.157706192782737], [35.67392319699333, 16.55926979144473], [35.40384485033003, 16.371585367374717], [35.349527417481546, 16.379277351967747], [35.29671880221218, 16.35927819202586], [34.503080755592656, 16.39773811499103], [34.426131059057305, 16.36081658894447], [34.37483126136707, 16.30389590295602], [34.3461637273637, 16.305434299874626], [34.20584369250512, 16.023907663769602]]]}}, {"type": "Feature", "properties": {"GID_1": "SDN.13_1", "NAME_1": "Sennar", "risk_level_int": 1, "sampled_mm": 4.3, "date": "2026-03-04"}, "geometry": {"type": "Polygon", "coordinates": [[[33.25528861765664, 12.20099132103196], [33.18739182659603, 12.43328925574157], [33.081774596057315, 12.668663984288397], [33.20549763754553, 12.90403871283522], [33.11647740037718, 13.000957718707443], [32.94296337877785, 13.240947638010088], [32.99878962920546, 13.465553588126664], [32.97615736551859, 13.590163738533807], [32.96106918972735, 13.684005950568814], [32.98370145341421, 13.740926636557262], [33.02293071047146, 13.774771368766611], [33.10440685974418, 13.800924116382923], [33.063668785107815, 13.857844802371371], [33.05461587963307, 13.971686174348267], [33.077248143319935, 14.059374798708848], [33.1240214882728, 14.031683654173928], [33.25679743523576, 14.048606020278601], [33.338273584508485, 14.011684494232043], [33.353361760299734, 13.894766328417933], [33.51027878852869, 13.879382359231865], [33.61589601906741, 13.883997549987686], [33.58873730264317, 13.945533426731956], [33.63852828275428, 13.991685334290153], [33.662669364020275, 14.099373118592624], [33.723022067185255, 14.088604340162377], [33.73358379023912, 14.05014441719721], [34.000644501744176, 13.963994189755233], [34.06552365764653, 13.910150297604002], [34.103244097124644, 13.802462513301531], [34.1620879827105, 13.739388239638657], [34.24658176714148, 13.722465873533984], [34.3401284570472, 13.725542667371197], [34.35521663283845, 13.66862198138275], [34.28581102419872, 13.639392439929221], [34.36276072073407, 13.473245572719698], [34.564942276336765, 13.247101225684514], [34.61925970918525, 13.217871684230985], [34.6464184256095, 13.171719776672784], [34.762597379202084, 13.171719776672784], [34.795791365942826, 13.140951838300651], [34.81087954173407, 13.074800770800564], [34.966287752383906, 12.9455754296376], [35.01155227975764, 12.944037032718995], [35.07794025323912, 12.891731537486368], [35.10811660482161, 12.899423522079399], [35.301245254949556, 12.771736577835043], [35.32689515379467, 12.74096863946291], [35.5064444457105, 12.716354288765203], [35.56227069613811, 12.734815051788484], [35.60149995319534, 12.702508716497743], [35.698064278259324, 12.66558719045118], [35.682976102468075, 12.61020490138134], [35.64676448056908, 12.60558971062552], [35.25748954515495, 11.934848654113], [35.09755488176774, 11.814853694461679], [35.04927271923575, 11.72562667318249], [34.89537332616505, 11.94869422638046], [34.91046150195629, 11.987154149345628], [34.749018020989965, 12.431750858822966], [34.66905068929636, 12.485594750974197], [34.44725450516505, 12.537900246206828], [34.31146092304384, 12.397906126613616], [34.352198997680205, 12.330216662194921], [34.12134990807414, 12.191760939520318], [33.81656875709098, 12.12099468126441], [33.188900644175156, 11.721011482426672], [33.25981507039401, 12.147147428880725], [33.25528861765664, 12.20099132103196]]]}}, {"type": "Feature", "properties": {"GID_1": "SDN.14_1", "NAME_1": "South Darfur", "risk_level_int": 1, "sampled_mm": 4.8, "date": "2026-03-04"}, "geometry": {"type": "Polygon", "coordinates": [[[23.022487796033783, 10.707207913064856], [23.508327056511895, 11.193341339344574], [23.57320621241425, 11.231801262309741], [23.73163205822233, 11.43794644940304], [23.702964524218963, 11.654860414926581], [23.733140875801457, 11.837929648240777], [23.736158510959704, 11.919464684926933], [23.775387768016945, 11.977923767833989], [23.9262695259294, 12.067150789113178], [23.94286651929977, 12.097918727485311], [24.02132503341425, 12.102533918241132], [24.15711861553546, 12.191760939520318], [24.27178875154893, 12.204068114869173], [24.32459736681829, 12.176376970334253], [24.33515908987216, 12.262527197776226], [24.311018008606165, 12.393290935857795], [24.270279933969803, 12.43328925574157], [24.148065710060713, 12.668663984288397], [24.25971821091593, 12.779428562428077], [24.360808988717277, 12.922499475858501], [24.39400297545802, 12.996342527951622], [24.403055880932765, 13.085569549230812], [24.439267502831754, 13.133259853707617], [24.6263608826432, 13.087107946149416], [24.766680917501787, 13.08095435847499], [24.85268351951189, 13.002496115626048], [24.93566848636374, 12.990188940277196], [24.993003554370475, 12.942498635800387], [25.088059061855322, 12.933268254288748], [25.1665175759698, 12.956344208067847], [25.415472476525355, 12.311755899171644], [25.41999892926273, 12.259450403939013], [25.337013962410875, 12.188684145683105], [24.96131838520886, 12.15483941347376], [24.958300750050608, 11.997922927775875], [25.17707929902367, 11.801008122194219], [25.490913355481585, 11.565633393647392], [25.723271262666767, 11.4517920216705], [25.684042005609527, 11.377948969577378], [25.56937186959606, 11.330258665100569], [25.667445012239156, 11.193341339344574], [25.768535790040506, 10.893353940216269], [25.818326770151614, 10.699515928471822], [25.848503121734108, 10.422604483122619], [25.76400933730313, 10.394913338587699], [25.62821575518192, 10.387221353994665], [25.484878085165086, 10.344146240273677], [25.445648828107846, 10.345684637192281], [25.326452239357003, 10.316455095738757], [25.237432002188655, 10.324147080331791], [25.079006156380576, 10.29184074504105], [25.01412700047822, 10.173384182308332], [25.027706358690338, 10.085695557947751], [24.97791537857923, 9.971854185970855], [24.92510676330987, 9.899549530796342], [24.843630614037142, 9.841090447889286], [24.795348451505156, 9.824168081784613], [24.742539836235796, 9.728787472830998], [24.75461037686879, 9.698019534458865], [24.766680917501787, 9.52725747649352], [24.744048653814918, 9.478028775098107], [24.61579915958933, 9.384186563063096], [24.6323961529597, 9.31803549556301], [24.603728618956335, 9.265730000330382], [24.55544645642435, 9.06573840091151], [24.57958753769034, 8.93497466282994], [24.498111388417612, 8.83805565695772], [24.363826623875525, 8.770366192539026], [24.258209393336806, 8.679600774341232], [24.164662703431084, 8.707291918876152], [24.131468716690343, 8.691907949690084], [23.994166316990007, 8.707291918876152], [23.939848884141522, 8.73036787265525], [23.87346091066004, 8.71652230038779], [23.829705200865426, 8.734983063411072], [23.739176146117952, 8.71652230038779], [23.638085368316606, 8.742675048004106], [23.52039759714489, 8.727291078818038], [23.508327056511895, 8.814979703178619], [23.570188577256, 8.8795923737601], [23.586785570626372, 8.998048936492815], [23.53095932019876, 8.964204204283469], [23.463062529138156, 8.984203364225355], [23.47664188735028, 9.142658246841847], [23.610926651892363, 9.230346871202428], [23.653173544107855, 9.293421144865302], [23.63959418589573, 9.342649846260716], [23.677314625373846, 9.438030455214331], [23.633558915579233, 9.473413584342286], [23.650155908949603, 9.571870987133114], [23.69843807148159, 9.667251596086729], [23.6682617198991, 9.891857546203308], [23.301619048171826, 10.474909978355246], [23.26389860869371, 10.494909138297132], [23.159790195734118, 10.596443334925176], [23.13715793204725, 10.634903257890343], [23.022487796033783, 10.707207913064856]]]}}, {"type": "Feature", "properties": {"GID_1": "SDN.15_1", "NAME_1": "South Kurdufan", "risk_level_int": 1, "sampled_mm": 2.7, "date": "2026-03-04"}, "geometry": {"type": "Polygon", "coordinates": [[[29.913257679895707, 10.294917538878263], [29.822728625148233, 10.474909978355246], [29.736726023138132, 10.588751350332142], [29.401768520572475, 10.902584321727907], [29.33990699982837, 10.964120198472177], [29.30067774277113, 11.05488561666997], [29.332362911932748, 11.142574241030552], [29.450050683104465, 11.236416453065562], [29.427418419417595, 11.442561640158857], [29.312748283404126, 11.685628353298718], [29.237307404447897, 11.68408995638011], [29.19506051223241, 11.72562667318249], [29.199586964969782, 11.807161709868645], [29.2312721341314, 11.834852854403564], [29.240325039606148, 11.942540638706035], [29.302186560350254, 11.993307737020057], [29.385171527202107, 12.11330269667138], [29.44854186552534, 12.171761779578432], [29.499841663215573, 12.271757579287868], [29.4953152104782, 12.324063074520495], [29.54812382574756, 12.410213301962472], [29.628091157441162, 12.468672384869524], [29.769920009878874, 12.751737417893157], [29.928345855686953, 12.753275814811765], [30.030945451067424, 12.700970319579135], [30.030945451067424, 12.636357648997656], [30.05357771475429, 12.579436963009208], [30.04603362685867, 12.450211621846243], [30.095824606969778, 12.459442003357886], [30.195406567192002, 12.516362689346334], [30.397588122794694, 12.557899406148714], [30.397588122794694, 12.5086707047533], [30.4654849138553, 12.451750018764852], [30.509240623649916, 12.325601471439104], [30.572610961973147, 12.239451243997127], [30.81854822737045, 12.2563736101018], [30.871356842639813, 12.344062234462381], [30.907568464538798, 12.316371089927461], [30.958868262229036, 12.379445363590335], [31.028273870868766, 12.360984600567058], [31.05995904003038, 12.393290935857795], [31.06448549276776, 12.451750018764852], [31.04637968181826, 12.53636184928822], [31.05995904003038, 12.599436122951094], [31.21084079794284, 12.594820932195272], [31.317966846060685, 12.633280855160443], [31.423584076599404, 12.642511236672082], [31.690644788104454, 12.545592230799858], [31.823420735067415, 12.160993001148185], [31.910932154656642, 12.162531398066793], [32.10406080478459, 11.985615752427023], [32.174975231003444, 11.905619112659473], [32.39375377997651, 11.693320337891748], [32.39677141513475, 11.196418133181787], [32.41487722608425, 11.12411347800727], [32.47221229409098, 11.02719447213505], [32.16139587279132, 10.731822263762563], [31.996934756666743, 10.630288067134522], [31.84454418117516, 10.364145400215563], [31.80229728895967, 10.307224714227115], [31.54730711808762, 10.022621284284877], [31.348143197643175, 9.77340098347059], [31.268175865949573, 9.742633045098458], [30.904550829380554, 9.744171442017066], [30.830618768003447, 9.711865106726325], [30.78988069336708, 9.748786632772884], [30.602787313555638, 9.92416388149405], [30.43530856227281, 10.019544490447664], [29.99624264674756, 10.288763951203837], [29.913257679895707, 10.294917538878263]]]}}, {"type": "Feature", "properties": {"GID_1": "SDN.16_1", "NAME_1": "West Darfur", "risk_level_int": 1, "sampled_mm": 4.1, "date": "2026-03-04"}, "geometry": {"type": "Polygon", "coordinates": [[[22.753918266949608, 14.965490583768194], [22.80370924706072, 14.953183408419342], [22.871606038121325, 14.882417150163434], [22.808235699798093, 14.556277003418813], [22.882167761175197, 14.47935715748848], [23.004381985084287, 14.5532002095816], [23.128105026572502, 14.322440671790595], [23.085858134357014, 14.197830521383452], [23.171860736367115, 14.122449072371726], [23.202037087949606, 14.153217010743859], [23.257863338377216, 14.113218690860084], [23.227686986794723, 14.039375638766963], [23.20958117584523, 13.917842282197032], [23.221651716478224, 13.764002590336364], [23.27898678448496, 13.656314806033894], [23.32576012943782, 13.625546867661761], [23.260880973535464, 13.587086944696594], [23.25635452079809, 13.439400840510352], [23.205054723107853, 13.391710536033543], [23.171860736367115, 13.282484354812468], [23.135649114468123, 13.236332447254266], [23.036067154245902, 13.240947638010088], [23.017961343296406, 13.190180539696065], [22.941011646761055, 13.110183899928519], [22.965152728027046, 13.060955198533104], [22.88065894359607, 12.971728177253915], [22.889711849070817, 12.916345888184075], [22.81125333495634, 12.854810011439806], [22.622651137565768, 12.684047953474462], [22.615107049670147, 12.659433602776755], [22.684512658309878, 12.490209941730019], [22.679986205572504, 12.380983760508943], [22.732794820841864, 12.282526357718115], [22.628686407882267, 12.096380330566703], [22.560789616821662, 12.05176681992711], [22.49138400818193, 12.020998881554977], [22.492892825761057, 12.148685825799333], [22.44461066322907, 12.271757579287868], [22.4219783995422, 12.38713734818337], [22.37218741943109, 12.440981240334605], [22.412925494067455, 12.49482513248584], [22.45819002144119, 12.619435282892983], [22.287693635000114, 12.696355128823317], [22.19716458025264, 12.750199020974552], [22.195655762673514, 12.707123907253564], [22.136811877087656, 12.66558719045118], [22.032703464128062, 12.63789604591626], [21.934630321484963, 12.639434442834869], [21.857680624949612, 12.734815051788484], [21.839574814000116, 12.808658103881605], [21.850136537053988, 12.871732377544479], [21.925577416010217, 13.047109626265645], [22.004035930124694, 13.102491915335484], [22.020632923495064, 13.139413441382043], [22.12775897161291, 13.164027792079754], [22.18358522204052, 13.245562828765905], [22.284675999841866, 13.350173819231163], [22.28316718226274, 13.382480154521904], [22.221305661518635, 13.451708015859204], [22.21376157362301, 13.567087784754708], [22.142847147404154, 13.628623661498974], [22.129267789192035, 13.716312285859555], [22.09154734971392, 13.776309765685216], [22.148882417720653, 13.856306405452766], [22.231867384572507, 13.94707182365056], [22.292220087737487, 13.97476296818548], [22.393310865538833, 14.05014441719721], [22.431031305016948, 14.051682814115818], [22.53664853555567, 14.117833881615905], [22.578895427771158, 14.183984949115992], [22.557771981663414, 14.230136856674193], [22.479313467548934, 14.231675253592801], [22.437066575333446, 14.276288764232394], [22.46120765659944, 14.32859425946502], [22.443101845649945, 14.365515785511583], [22.449137115966444, 14.471665172895445], [22.384257960064087, 14.5070483020234], [22.41141667648833, 14.596275323302589], [22.50345454881493, 14.630120055511934], [22.616615867249273, 14.65011921545382], [22.71770664505062, 14.687040741500383], [22.71167137473412, 14.737807839814405], [22.670933300097754, 14.848572417954085], [22.759953537266107, 14.917800279291388], [22.753918266949608, 14.965490583768194]]]}}, {"type": "Feature", "properties": {"GID_1": "SDN.17_1", "NAME_1": "West Kurdufan", "risk_level_int": 1, "sampled_mm": 2.7, "date": "2026-03-04"}, "geometry": {"type": "Polygon", "coordinates": [[[27.22907120663309, 11.717934688589455], [27.127980428831744, 11.981000561671202], [27.064610090508513, 12.100995521322524], [27.079698266299758, 12.22868246556688], [27.038960191663396, 12.370214982078696], [27.111383435461374, 12.502517117078874], [27.134015699148243, 12.580975359927812], [27.12647161125262, 12.784043753183898], [27.15212151009774, 12.911730697428254], [27.369391241491677, 13.160950998242537], [27.385988234862047, 13.33325145312649], [27.509711276350263, 13.480937557312732], [27.527817087299756, 13.545550227894214], [27.52630826972063, 13.631700455336187], [27.455393843501778, 13.737849842720049], [27.493114282979892, 13.957840602080807], [27.44332330286878, 14.102449912429837], [27.791860163646557, 14.111680293941479], [28.083061956417602, 14.06860518022049], [28.14944992989908, 14.05014441719721], [28.546268953208845, 13.89168953458072], [28.596059933319953, 13.880920756150473], [28.63076273763982, 13.839384039348094], [28.864629462404128, 13.851691214696945], [28.863120644825003, 13.790155337952676], [29.12867253875093, 13.636315646092008], [29.25692203297652, 13.485552748068553], [29.376118621727358, 13.428632062080105], [29.51794747416507, 13.391710536033543], [29.55415909606406, 13.099415121498271], [29.769920009878874, 12.751737417893157], [29.628091157441162, 12.468672384869524], [29.54812382574756, 12.410213301962472], [29.4953152104782, 12.324063074520495], [29.499841663215573, 12.271757579287868], [29.44854186552534, 12.171761779578432], [29.385171527202107, 12.11330269667138], [29.302186560350254, 11.993307737020057], [29.240325039606148, 11.942540638706035], [29.2312721341314, 11.834852854403564], [29.199586964969782, 11.807161709868645], [29.19506051223241, 11.72562667318249], [29.237307404447897, 11.68408995638011], [29.312748283404126, 11.685628353298718], [29.427418419417595, 11.442561640158857], [29.450050683104465, 11.236416453065562], [29.332362911932748, 11.142574241030552], [29.30067774277113, 11.05488561666997], [29.33990699982837, 10.964120198472177], [29.401768520572475, 10.902584321727907], [29.736726023138132, 10.588751350332142], [29.822728625148233, 10.474909978355246], [29.913257679895707, 10.294917538878263], [29.878554875575844, 10.254919218994488], [29.520965109323317, 10.070311588761683], [29.522473926902443, 9.738017854342637], [29.068319835585946, 9.728787472830998], [29.021546490633085, 9.71340350364493], [28.926490983148234, 9.587254956319182], [28.793715036185272, 9.468798393586464], [28.748450508811537, 9.390340150737526], [28.75901223186541, 9.33649625858629], [28.03327097630649, 9.334957861667682], [27.900495029343524, 9.60263892550525], [27.324126714117938, 10.974888976902424], [27.266791646111205, 11.199494927019], [27.24868583516171, 11.401024923356477], [27.22907120663309, 11.717934688589455]]]}}, {"type": "Feature", "properties": {"GID_1": "SDN.18_1", "NAME_1": "White Nile", "risk_level_int": 1, "sampled_mm": 3.2, "date": "2026-03-04"}, "geometry": {"type": "Polygon", "coordinates": [[[31.690644788104454, 12.545592230799858], [31.64688907830984, 12.697893525741922], [31.737418133057318, 12.988650543358588], [31.838508910858664, 13.044032832428428], [31.926020330447887, 13.120952678358766], [32.00297002698324, 13.144028632137864], [32.06634036530647, 13.224025271905415], [32.021075837932734, 13.25787000411476], [32.01956702035361, 13.314790690103209], [32.05879627741085, 13.467091985045272], [31.879246985495026, 13.62093167690594], [31.7917355659058, 13.880920756150473], [31.60313336851523, 14.016299684987864], [31.55334238840412, 14.168600979929924], [31.551833570824993, 14.299364718011493], [31.627274449781222, 14.485510745162905], [31.910932154656642, 14.733192649058584], [31.965249587505127, 14.925492263884419], [32.0497433719361, 14.922415470047206], [32.07690208836034, 14.945491423826308], [32.04521691919873, 14.997796919058935], [32.0618139125691, 15.039333635861315], [32.374139151447885, 15.170097373942884], [32.44505357766674, 15.167020580105671], [32.481265199565726, 15.231633250687153], [32.56274134883846, 15.187019740047557], [32.680429120010174, 15.165482183187066], [32.743799458333406, 15.125483863303291], [32.77850226265327, 15.054717605047383], [32.76492290444115, 14.967028980686802], [32.669867396956306, 15.034718445105497], [32.62460286958257, 14.967028980686802], [32.742290640754284, 14.862417990221545], [32.81018743181489, 14.817804479581952], [32.835837330660006, 14.75780699975629], [32.76492290444115, 14.719347076791124], [32.773975809915896, 14.671656772314314], [32.83432851308088, 14.597813720221193], [32.604988241053945, 14.560892194174635], [32.588391247683575, 14.530124255802498], [32.48579165230311, 14.5532002095816], [32.44505357766674, 14.47320356981405], [32.543126720309836, 14.400898914639537], [32.59744415315832, 14.388591739290682], [32.58084715978795, 14.237828841267227], [32.5159680038856, 14.236290444348619], [32.47372111167011, 14.183984949115992], [32.571794254313204, 14.163985789174106], [32.55217962578459, 14.071681974057704], [32.58537361252532, 13.990146937371549], [32.571794254313204, 13.930149457545888], [32.68948202548492, 13.839384039348094], [32.73323773527953, 13.748618621150296], [32.713623106750916, 13.680929156731601], [32.73927300559603, 13.584010150859381], [32.97615736551859, 13.590163738533807], [32.99878962920546, 13.465553588126664], [32.94296337877785, 13.240947638010088], [33.11647740037718, 13.000957718707443], [33.20549763754553, 12.90403871283522], [33.081774596057315, 12.668663984288397], [33.18739182659603, 12.43328925574157], [33.25528861765664, 12.20099132103196], [32.724184829804784, 12.219452084055241], [32.72569364738391, 12.131763459694657], [32.7498347286499, 12.034844453822437], [32.724184829804784, 11.905619112659473], [32.174975231003444, 11.905619112659473], [32.10406080478459, 11.985615752427023], [31.910932154656642, 12.162531398066793], [31.823420735067415, 12.160993001148185], [31.690644788104454, 12.545592230799858]]]}}, {"type": "Feature", "properties": {"GID_1": "TZA.1_1", "NAME_1": "Arusha", "risk_level_int": 5, "sampled_mm": 48.5, "date": "2026-03-04"}, "geometry": {"type": "Polygon", "coordinates": [[[34.8923556910068, -3.909101210617372], [34.81087954173407, -3.9460227366639327], [34.75505329130646, -3.9167931952104054], [34.75052683856909, -3.8075670139893294], [34.89084687342768, -3.7368007557334213], [34.88933805584855, -3.2737432832328057], [34.88179396795293, -2.9060664196858053], [34.98741119849164, -2.9906782502091733], [35.13980177398323, -2.9029896258485923], [35.206189747464705, -2.6183861959063535], [35.21826028809771, -2.499929633173638], [35.160925220090974, -2.3937802457897757], [35.26654245062969, -2.3583971166618216], [35.26654245062969, -2.30301482759198], [35.210716200202086, -2.0691784959637616], [35.25598072757582, -1.6938096478237288], [35.44005647222902, -1.7876518598587356], [35.99681015892598, -2.103023228173109], [36.203518167266054, -2.2276333785802525], [36.25180032979804, -2.2660933015454194], [36.497737595195346, -2.387626658115348], [36.7587630363839, -2.532235968464377], [37.430186859094334, -2.909143213523018], [37.25214638475763, -2.85222252753457], [37.12691452569029, -2.859914512127604], [37.06354418736706, -2.9383727549765464], [36.99262976114821, -2.9799094717789263], [36.94434759861622, -2.9799094717789263], [36.93529469314147, -3.042983745441802], [36.89003016576773, -3.1352875605582025], [36.94132996345797, -3.207592215732717], [36.97905040293608, -3.2091306126513253], [37.030350200626316, -3.2583593140467393], [37.06354418736706, -3.3460479384073203], [37.062035369787935, -3.4921956456749577], [37.02280611273069, -3.502964424105203], [36.95792695682834, -3.573730682361111], [36.861362631764365, -3.5860378577099645], [36.83722155049837, -3.6491121313728403], [36.801009928599385, -3.655265719047266], [36.7466924957509, -3.573730682361111], [36.71500732658928, -3.5629619039308658], [36.61089891362968, -3.6844952605007943], [36.481140601824976, -3.781414266373016], [36.2985736747509, -3.806028617070723], [36.291029586855274, -3.8598725092219572], [36.2985736747509, -4.144475939164196], [36.28197668138053, -4.150629526838623], [36.14920073441757, -3.8706412876522043], [36.00133661166336, -3.6891104512566137], [35.942492726077504, -3.636804956023987], [35.87308711743777, -3.6260361775937398], [35.77954042753205, -3.5629619039308658], [35.72522299468356, -3.567577094686685], [35.679958467309824, -3.7660302971869486], [35.5924470477206, -3.775260678698589], [35.62413221688222, -3.6983408327682543], [35.54114725003036, -3.6921872450938267], [35.38573903938053, -3.616805796082099], [35.329912788952925, -3.69064884817522], [35.29219234947481, -3.6891104512566137], [35.14131059156235, -3.80295182323351], [35.01909636765326, -3.8721796845708107], [34.9843935633334, -3.862949303059171], [34.8923556910068, -3.909101210617372]]]}}, {"type": "Feature", "properties": {"GID_1": "TZA.2_1", "NAME_1": "Dar es Salaam", "risk_level_int": 3, "sampled_mm": 19.9, "date": "2026-03-04"}, "geometry": {"type": "Polygon", "coordinates": [[[39.450493597542135, -7.181271456493817], [39.41729961080139, -7.125889167423975], [39.406737887747525, -7.01204779544708], [39.32224410331655, -6.948973521784205], [39.24378558920206, -6.950511918702812], [39.18343288603708, -6.987433444749373], [39.1351507235051, -7.072045275272741], [39.070271567602745, -7.056661306086673], [39.05970984454887, -6.999740620098226], [39.11855373013473, -6.879745660446904], [39.07178038518187, -6.8674384850980505], [39.049148121494994, -6.790518639167716], [39.080833290656614, -6.602834215097698], [39.12157136529298, -6.565912689051138], [39.19399460909096, -6.625910168876799], [39.24529440678119, -6.750520319283941], [39.283014846259306, -6.7966722268421425], [39.358455725215535, -6.850516118993377], [39.47161704364988, -6.873592072772477], [39.54554910502698, -6.985895047830766], [39.54856674018523, -7.107428404400695], [39.450493597542135, -7.181271456493817]]]}}, {"type": "Feature", "properties": {"GID_1": "TZA.3_1", "NAME_1": "Dodoma", "risk_level_int": 3, "sampled_mm": 13.6, "date": "2026-03-04"}, "geometry": {"type": "Polygon", "coordinates": [[[36.4826494194041, -7.37972465899408], [36.46907006119198, -7.350495117540553], [36.39212036465662, -7.316650385331205], [36.33025884391252, -7.336649545273093], [36.32271475601689, -7.2858824469590715], [36.250291512218915, -7.178194662656603], [36.202009349686925, -7.17050267806357], [36.1144979300977, -7.125889167423975], [36.051127591774474, -7.119735579749548], [35.98021316555562, -7.136657945854222], [35.84894603617178, -7.085890847540201], [35.75539934626605, -7.090506038296021], [35.58037650708761, -7.0043558108540465], [35.54114725003036, -7.015124589284293], [35.49588272265663, -6.950511918702812], [35.41138893822565, -6.928974361842318], [35.30426289010781, -6.936666346435351], [35.24391018694283, -6.996663826261012], [35.16997812556572, -6.981279857074946], [35.08397552355562, -6.925897568005104], [35.07341380050175, -6.768981082307222], [35.09604606418861, -6.745905128528121], [35.20166329472734, -6.724367571667627], [35.18506630135697, -6.665908488760572], [35.22882201115158, -6.5182223845743295], [35.20166329472734, -6.464378492423095], [35.24391018694283, -6.435148950969568], [35.20015447714821, -6.256694908411191], [35.16696049040747, -6.189005443992497], [35.207698565043835, -6.104393613469129], [35.21222501778121, -5.962861096957313], [35.29219234947481, -5.741331940677948], [35.33594805926943, -5.716717589980241], [35.349527417481546, -5.667488888584827], [35.24994545725932, -5.579800264224245], [35.20468092988558, -5.518264387479976], [35.12471359819198, -5.375193474049554], [35.09302842903037, -5.279812865095939], [35.09302842903037, -5.178278668467897], [35.07492261808087, -5.127511570153875], [35.117169510296364, -5.107512410211989], [35.16997812556572, -5.038284548874687], [35.281630626420935, -4.979825465967632], [35.34047451200679, -4.878291269339591], [35.41742420854215, -4.869060887827951], [35.48833863476101, -4.84136974329303], [35.53662079729299, -4.7444507374208085], [35.59546468287885, -4.702914020618428], [35.66487029151858, -4.576765473292678], [35.652799750885585, -4.51061440579259], [35.81726086701016, -4.390619446141268], [35.818769684589284, -4.31523799712954], [36.00133661166336, -4.396773033815695], [36.250291512218915, -4.415233796838975], [36.34685583728289, -4.436771353699469], [36.28801195169703, -4.589072648641531], [36.30913539780477, -4.815216995676717], [36.33780293180814, -4.847523330967457], [36.32271475601689, -4.992132641316487], [36.324223573596015, -5.081359662595675], [36.26990614074754, -5.199816225328391], [36.294047222013525, -5.302888818875039], [36.2985736747509, -5.418268587770542], [36.25934441769366, -5.464420495328742], [36.3046089450674, -5.518264387479976], [36.41022617560612, -5.601337821084739], [36.464543608454605, -5.673642476259253], [36.57921374446807, -5.745947131433768], [36.600337190575814, -5.799791023585002], [36.6667251640573, -5.850558121899024], [36.71500732658928, -5.945938730852639], [36.79044820554551, -5.938246746259605], [36.85532736144787, -5.953630715445672], [36.96547104472396, -5.9274779678293585], [36.94132996345797, -5.975168272306166], [36.86890671965999, -6.01055140143412], [36.817606921969755, -6.05670330899232], [36.84174800323575, -6.19208223782971], [36.8508009087105, -6.358229105039233], [36.725569049643155, -6.461301698585882], [36.74518367817177, -6.499761621551049], [36.7285866848014, -6.572066276725565], [36.663707528899046, -6.707445205562953], [36.632022359737434, -6.739751540853694], [36.64560171794955, -6.888976041958544], [36.648619353107804, -7.027431764633147], [36.56563438625595, -7.055122909168067], [36.50528168309097, -7.190501838005456], [36.53394921709433, -7.327419163761452], [36.4826494194041, -7.37972465899408]]]}}, {"type": "Feature", "properties": {"GID_1": "TZA.4_1", "NAME_1": "Geita", "risk_level_int": 2, "sampled_mm": 11.9, "date": "2026-03-04"}, "geometry": {"type": "Polygon", "coordinates": [[[31.683100700208833, -4.055248917885008], [31.634818537676843, -4.136783954571163], [31.66952134199671, -4.155244717594443], [31.683100700208833, -4.224472578931745], [31.658959618942838, -4.302930821780686], [31.654433166205465, -4.382927461548235], [31.592571645461355, -4.432156162943649], [31.506569043451258, -4.4136953999203685], [31.46130451607752, -4.461385704397176], [31.458286880919268, -4.45984730747857], [31.458286880919268, -4.45984730747857], [31.41905762386203, -4.4383097506180755], [31.41603998870378, -4.362928301606347], [31.364740191013546, -4.293700440269046], [31.348143197643175, -4.17524387753633], [31.328528569114557, -4.144475939164196], [31.379828366804794, -3.9767906750360664], [31.345125562484927, -3.8367965554428567], [31.295334582373815, -3.7337239618962084], [31.248561237420954, -3.7091096111985014], [31.212349615521966, -3.630651368349559], [31.209331980363714, -3.4660428980586424], [31.153505729936107, -3.3614319075933867], [31.21989370341759, -3.3014344277677257], [31.271193501107824, -3.2875888555002657], [31.33305502185193, -3.319895190791007], [31.40246063049166, -3.3183567938724003], [31.48091914460614, -3.2906656493374786], [31.55636002356237, -3.246052138697886], [31.562395293878865, -3.1814394681164035], [31.536745395033748, -3.095289240674429], [31.462813333656644, -2.9568335179998257], [31.502042590713884, -2.884528862825311], [31.562395293878865, -2.9429879457323658], [31.59408046304048, -2.862991305964817], [31.674047794734086, -2.849145733697357], [31.72232995726607, -2.816839398406616], [31.684609517787955, -2.764533903173989], [31.589554010303107, -2.767610697011202], [31.40849590080816, -2.6645381034645546], [31.41905762386203, -2.5860798606156123], [31.456778063340145, -2.549158334569052], [31.598606915777857, -2.5122368085224913], [31.607659821252604, -2.4137794057316615], [31.672538977154957, -2.306091621429193], [31.84152654601691, -2.172251089510411], [31.938090871080885, -2.31686039985944], [31.93054678318526, -2.373781085847888], [31.975811310559, -2.376857879685101], [32.09349908173071, -2.4906992516619972], [32.190063406794685, -2.5230055869527384], [32.26399546817179, -2.5768494791039718], [32.27003073848829, -2.6076174174761064], [32.35301570534014, -2.6045406236388935], [32.512950368727346, -2.6291549743366005], [32.51898563904385, -2.658384515790127], [32.42242131397987, -2.6814604695692275], [32.405824320609504, -2.7353043617204627], [32.42845658429637, -2.7706874908484167], [32.55067080820546, -2.79684023846473], [32.577829524629706, -2.8676064967206383], [32.58084715978795, -2.9322191673021187], [32.618567599266065, -2.939911151895153], [32.72267601222566, -3.010677410151061], [32.75888763412465, -2.99221664712778], [32.78453753296977, -3.067598096139509], [32.77095817475765, -3.12759557596517], [32.79359043844452, -3.16913229276755], [32.77548462749502, -3.2522057263723116], [32.73927300559603, -3.3122032061979727], [32.68495557274755, -3.3260487784654327], [32.69853493095967, -3.393738242884128], [32.669867396956306, -3.453735722709789], [32.5038974632526, -3.3891230521283084], [32.544635537888965, -3.3014344277677257], [32.528038544518594, -3.207592215732717], [32.43901830735024, -3.2214377880001788], [32.360559793235765, -3.2829736647444463], [32.34848925260277, -3.3291255723026474], [32.30473354280815, -3.3322023661398603], [32.3077511779664, -3.412199005907409], [32.330383441653275, -3.5198867902098776], [32.30322472522903, -3.567577094686685], [32.316804083441156, -3.627574574512346], [32.39526259755563, -3.5968066361402116], [32.41035077334688, -3.647573734454234], [32.39828023271388, -3.718339992710142], [32.36961269871051, -3.721416786547355], [32.36659506355226, -3.8152589985823635], [32.220239758377176, -3.732185564977602], [32.18855458921556, -3.775260678698589], [32.06634036530647, -3.7829526632916224], [32.00146120940411, -3.746031137245062], [31.87622935033678, -3.786029457128836], [31.8837734382324, -3.8229509831753967], [31.83247364054216, -3.9490995305011456], [31.711768234212197, -3.9798674688732794], [31.683100700208833, -4.055248917885008]]]}}, {"type": "Feature", "properties": {"GID_1": "TZA.5_1", "NAME_1": "Iringa", "risk_level_int": 2, "sampled_mm": 6.0, "date": "2026-03-04"}, "geometry": {"type": "Polygon", "coordinates": [[[35.38423022180141, -9.011963789635786], [35.30728052526605, -9.039654934170706], [35.21976910567683, -9.042731728007919], [35.12018714545461, -9.01965577422882], [35.11113423997986, -8.941197531379878], [35.14131059156235, -8.90273760841471], [35.12773123335023, -8.779665854926174], [35.04323744891926, -8.778127458007567], [34.979867110596025, -8.830432953240196], [34.90291741406067, -8.810433793298309], [34.854635251528684, -8.770435473414533], [34.87575869763643, -8.699669215158625], [34.80484427141757, -8.671978070623705], [34.69922704087885, -8.66582448294928], [34.718841669407475, -8.63813333841436], [34.72487693972397, -8.524291966437463], [34.68564768266673, -8.453525708181555], [34.83803825815831, -8.248918918006865], [34.96930538754215, -8.101232813820621], [34.91951440743104, -8.052004112425207], [34.85161761637043, -7.902779611320357], [34.75203565614821, -7.827398162308629], [34.688665317824984, -7.745863125622474], [34.629821432239126, -7.725863965680587], [34.50911602590916, -7.713556790331734], [34.38690180200007, -7.735094347192227], [34.350690180101076, -7.7289407595178], [34.27072284840747, -7.619714578296725], [34.26770521324923, -7.592023433761804], [34.19980842218862, -7.496642824808189], [34.195281969451244, -7.373571071319653], [34.245072949562356, -7.32895756068006], [34.31146092304384, -7.336649545273093], [34.43518396453205, -7.316650385331205], [34.50609839075091, -7.235115348645051], [34.59360981034013, -7.185886647249636], [34.67508595961286, -7.056661306086673], [34.782212007730706, -6.978203063237732], [34.92554967774754, -6.888976041958544], [35.08397552355562, -6.925897568005104], [35.16997812556572, -6.981279857074946], [35.24391018694283, -6.996663826261012], [35.30426289010781, -6.936666346435351], [35.41138893822565, -6.928974361842318], [35.49588272265663, -6.950511918702812], [35.54114725003036, -7.015124589284293], [35.58037650708761, -7.0043558108540465], [35.75539934626605, -7.090506038296021], [35.84894603617178, -7.085890847540201], [35.98021316555562, -7.136657945854222], [36.051127591774474, -7.119735579749548], [36.1144979300977, -7.125889167423975], [36.202009349686925, -7.17050267806357], [36.250291512218915, -7.178194662656603], [36.32271475601689, -7.2858824469590715], [36.33025884391252, -7.336649545273093], [36.39212036465662, -7.316650385331205], [36.46907006119198, -7.350495117540553], [36.4826494194041, -7.37972465899408], [36.52942276435696, -7.52433396934311], [36.58223137962632, -7.51510358783147], [36.6546546234243, -7.53356435085475], [36.693883880481536, -7.579716258412951], [36.79195702312464, -7.596638624517625], [36.78139530007076, -7.644328928994432], [36.846274455973116, -7.648944119750253], [36.834203915340126, -7.778169460913215], [36.70293678595628, -7.981237854169299], [36.711989691431036, -8.025851364808894], [36.464543608454605, -8.028928158646107], [36.41475262834349, -8.01815938021586], [36.30159130990915, -8.085848844634555], [36.18993880905393, -8.18122945358817], [36.10695384220208, -8.290455634809245], [36.022460057771106, -8.35814509922794], [35.957580901868745, -8.430449754402455], [35.88968411080814, -8.46121769277459], [35.850454853750904, -8.567367080158451], [35.6905201903637, -8.66582448294928], [35.696555460680194, -8.7165915812633], [35.63016748719872, -8.75351310730986], [35.587920594983224, -8.685823642891165], [35.512479716027, -8.664286086030671], [35.41591539096302, -8.664286086030671], [35.363106775693666, -8.682746849053952], [35.33142160653205, -8.727360359693547], [35.35858032295629, -8.824279365565769], [35.32387751863642, -8.867354479286757], [35.408371303067405, -8.979657454345045], [35.38423022180141, -9.011963789635786]]]}}, {"type": "Feature", "properties": {"GID_1": "TZA.6_1", "NAME_1": "Kagera", "risk_level_int": 3, "sampled_mm": 13.6, "date": "2026-03-04"}, "geometry": {"type": "Polygon", "coordinates": [[[30.486608359963043, -2.947603136488187], [30.412676298585943, -2.8537609244531783], [30.439835015010182, -2.8014554292205496], [30.459449643538804, -2.690690851080868], [30.420220386481564, -2.6599229127087334], [30.48509954238392, -2.556850319162084], [30.54394342796978, -2.4137794057316615], [30.610331401451262, -2.3999338334642015], [30.657104746404123, -2.4137794057316615], [30.717457449569103, -2.355320322824607], [30.77479251757584, -2.3891650550339545], [30.853251031690316, -2.319937193696653], [30.844198126215566, -2.204557424801152], [30.89851555906405, -2.078408877475402], [30.827601132845196, -1.97225949009154], [30.806477686737452, -1.9184155979403066], [30.83514522074082, -1.8553413242774308], [30.830618768003447, -1.7553455245679963], [30.812512957053954, -1.7322695707888958], [30.839671673478193, -1.6507345341027406], [30.74612498357247, -1.521509192939778], [30.7355632605186, -1.4184365993931287], [30.628437212400755, -1.3830534702651747], [30.569593326814896, -1.3369015627069736], [30.551487515865404, -1.250751335264999], [30.506222988491665, -1.169216298578844], [30.4715201841718, -1.1584475201485969], [30.45190555564318, -1.081527674218263], [30.4715201841718, -1.0553749266019494], [30.477555454488297, -1.0553749266019494], [30.509240623649916, -1.0738356896252288], [30.655595928824997, -1.0630669111949818], [30.700860456198733, -1.0138382097995677], [30.767248429680215, -0.9861470652646478], [30.79893359884183, -0.9999926375321078], [31.271193501107824, -0.9984542406135013], [31.6197303618856, -1.0015310344507142], [31.7857002955893, -0.9969158436948948], [32.71664074190916, -0.9969158436948948], [32.72116719464654, -1.0415293543344877], [32.70909665401354, -1.4845876668932174], [31.84152654601691, -2.172251089510411], [31.672538977154957, -2.306091621429193], [31.607659821252604, -2.4137794057316615], [31.598606915777857, -2.5122368085224913], [31.456778063340145, -2.549158334569052], [31.41905762386203, -2.5860798606156123], [31.40849590080816, -2.6645381034645546], [31.589554010303107, -2.767610697011202], [31.684609517787955, -2.764533903173989], [31.72232995726607, -2.816839398406616], [31.674047794734086, -2.849145733697357], [31.59408046304048, -2.862991305964817], [31.562395293878865, -2.9429879457323658], [31.502042590713884, -2.884528862825311], [31.462813333656644, -2.9568335179998257], [31.536745395033748, -3.095289240674429], [31.562395293878865, -3.1814394681164035], [31.55636002356237, -3.246052138697886], [31.48091914460614, -3.2906656493374786], [31.40246063049166, -3.3183567938724003], [31.33305502185193, -3.319895190791007], [31.271193501107824, -3.2875888555002657], [31.21989370341759, -3.3014344277677257], [31.153505729936107, -3.3614319075933867], [31.120311743195366, -3.2937424431746933], [31.11276765529974, -3.218360994162964], [31.087117756454624, -3.1891314527094377], [30.98904461381153, -3.1814394681164035], [31.04939731697651, -3.076828477651148], [31.081082486138126, -2.9660638995114663], [31.011676877498395, -2.8337617645112907], [30.92114782275092, -2.8891440535811324], [30.85023339653207, -2.9799094717789263], [30.747633801151594, -2.996831837883601], [30.648051840929377, -2.953756724162613], [30.569593326814896, -2.8922208474183453], [30.539416975232406, -2.9322191673021187], [30.486608359963043, -2.947603136488187]]]}}, {"type": "Feature", "properties": {"GID_1": "TZA.18_1", "NAME_1": "Kaskazini Pemba", "risk_level_int": 4, "sampled_mm": 37.4, "date": "2026-03-04"}, "geometry": {"type": "Polygon", "coordinates": [[[39.85485670874752, -5.193662637653964], [39.79148637042429, -5.201354622246997], [39.74622184305055, -5.175201874630683], [39.68586913988557, -5.136741951665516], [39.70095731567682, -5.069052487246822], [39.6692721465152, -4.947519130676892], [39.678325051989944, -4.887521650851231], [39.78545110010779, -4.925981573816398], [39.800539275899034, -4.961364702944352], [39.874471337276134, -4.904444016955905], [39.87748897243439, -4.98136386288624], [39.84580380327277, -5.010593404339767], [39.82618917474415, -5.109050807130595], [39.863909614222266, -5.115204394805022], [39.85485670874752, -5.193662637653964]]]}}, {"type": "Feature", "properties": {"GID_1": "TZA.28_1", "NAME_1": "Kaskazini Unguja", "risk_level_int": 4, "sampled_mm": 29.7, "date": "2026-03-04"}, "geometry": {"type": "Polygon", "coordinates": [[[39.20455633214483, -6.03824254596904], [39.18192406845796, -5.949015524689852], [39.222662143094325, -5.890556441782797], [39.27245312320544, -5.86594209108509], [39.28905011657581, -5.739793543759341], [39.358455725215535, -5.804406214340823], [39.35543809005729, -5.918247586317718], [39.40372025258927, -6.02439697370158], [39.27999721110106, -6.030550561376007], [39.20455633214483, -6.03824254596904]]]}}, {"type": "Feature", "properties": {"GID_1": "TZA.7_1", "NAME_1": "Katavi", "risk_level_int": 1, "sampled_mm": 5.0, "date": "2026-03-04"}, "geometry": {"type": "Polygon", "coordinates": [[[30.23463582424924, -7.018201383121506], [30.183336026559004, -6.939743140272565], [30.08526288391591, -6.836670546725916], [29.984172106114563, -6.762827494632795], [30.245197547303114, -6.572066276725565], [30.285935621939476, -6.499761621551049], [30.258776905515234, -6.413611394109075], [30.25274163519874, -6.104393613469129], [30.212003560562373, -5.99209063841084], [30.18484484413813, -5.950553921608459], [30.180318391400757, -5.805944611259429], [30.14863322223914, -5.738255146840735], [30.091298154232405, -5.667488888584827], [30.076209978441163, -5.592107439573098], [30.02641899833005, -5.5644162950381775], [30.044524809279544, -5.459805304572923], [29.97059274790244, -5.422883778526361], [29.90420477442096, -5.329041566491353], [29.985680923693685, -5.347502329514634], [30.07922761359941, -5.336733551084387], [30.095824606969778, -5.309042406549466], [30.106386330023653, -5.192124240735357], [30.169756668346885, -5.19058584381675], [30.225582918774492, -5.224430576026098], [30.25274163519874, -5.179817065386503], [30.439835015010182, -5.147510730095763], [30.5575227861819, -5.144433936258549], [30.56054042134015, -5.18597065306093], [30.60731376629301, -5.201354622246997], [30.678228192511867, -5.1352035547469095], [30.767248429680215, -5.242891339049378], [30.833636403161698, -5.272120880502905], [30.832127585582572, -5.319811184979713], [30.975465255599406, -5.290581643526186], [31.044870864239137, -5.244429735967985], [31.182173263939475, -5.281351262014545], [31.185190899097723, -5.435190953875215], [31.103714749824995, -5.467497289165956], [31.038835593922638, -5.555185913526538], [31.106732384983246, -5.618260187189412], [31.170102723306478, -5.764407894457048], [31.245543602262707, -5.750562322189588], [31.27722877142432, -5.805944611259429], [31.31042275816506, -5.784407054398935], [31.373793096488292, -5.793637435910576], [31.41905762386203, -5.82902056503853], [31.53071012471725, -5.812098198933856], [31.66197725410109, -5.82902056503853], [31.698188876000074, -5.790560642073363], [31.826438370225667, -5.715179193061634], [31.91998506013139, -5.752100719108195], [32.02560229067011, -5.764407894457048], [32.02861992582836, -5.793637435910576], [32.08897262899334, -5.87055728184091], [32.08595499383509, -5.924401173992145], [32.15536060247482, -6.05670330899232], [32.203642765006805, -6.181313459399464], [32.29266300217516, -6.241310939225125], [32.34848925260277, -6.232080557713484], [32.452597665562365, -6.3074620067252125], [32.635164592636436, -6.328999563585707], [32.68948202548492, -6.384381852655547], [32.75436118138728, -6.408996203353254], [32.75888763412465, -6.618218184283765], [32.74681709349166, -6.759750700795581], [32.74681709349166, -6.978203063237732], [32.74681709349166, -6.999740620098226], [32.58688243010445, -7.001279017016833], [32.58235597736707, -7.0920444352146275], [32.46466820619536, -7.145888327365863], [32.3258569889159, -7.232038554807837], [32.279083643963034, -7.2720368746916115], [32.268521920909166, -7.364340689808013], [32.191572224373814, -7.5181803816686825], [32.13121952120883, -7.539717938529177], [32.09048144657247, -7.521257175505896], [32.02711110824923, -7.6520209135874655], [31.98637303361287, -7.773554270157394], [31.7857002955893, -7.605869006029264], [31.592571645461355, -7.592023433761804], [31.539763030192, -7.568947479982704], [31.49148086766001, -7.510488397075649], [31.476392691868764, -7.410492597366214], [31.375301914067418, -7.473566871029089], [31.352669650380548, -7.422799772715067], [31.33909029216843, -7.327419163761452], [31.348143197643175, -7.255114508586938], [31.27421113626607, -7.219731379458984], [31.162558635410853, -7.219731379458984], [31.14747045961961, -7.176656265737996], [31.067503127926006, -7.122812373586762], [30.98602697865328, -7.1135819920751215], [30.955850627070788, -7.0781988629471675], [30.970938802862033, -6.967434284807485], [30.94981535675429, -6.942819934109778], [30.786863058208837, -6.915128789574858], [30.684263462828362, -6.887437645039937], [30.50471417091254, -6.916667186493465], [30.23463582424924, -7.018201383121506]]]}}, {"type": "Feature", "properties": {"GID_1": "TZA.8_1", "NAME_1": "Kigoma", "risk_level_int": 1, "sampled_mm": 4.3, "date": "2026-03-04"}, "geometry": {"type": "Polygon", "coordinates": [[[30.19088011445463, -4.052172124047795], [30.215021195720624, -4.035249757943121], [30.23161818909099, -3.9414075459081124], [30.25726808793611, -3.8844868599196642], [30.298006162572474, -3.8567957153847443], [30.39004403489907, -3.724493580384568], [30.450396738064057, -3.6137290022448862], [30.4715201841718, -3.539885950151765], [30.6374901178755, -3.453735722709789], [30.678228192511867, -3.398353433639949], [30.634472482717253, -3.3614319075933867], [30.675210557353616, -3.319895190791007], [30.82458349768695, -3.2660512986397716], [30.814021774633076, -3.2245145818373917], [30.847215761373818, -3.1645171020117306], [30.81100413947483, -3.046060539279015], [30.85023339653207, -2.9799094717789263], [30.92114782275092, -2.8891440535811324], [31.011676877498395, -2.8337617645112907], [31.081082486138126, -2.9660638995114663], [31.04939731697651, -3.076828477651148], [30.98904461381153, -3.1814394681164035], [31.087117756454624, -3.1891314527094377], [31.11276765529974, -3.218360994162964], [31.120311743195366, -3.2937424431746933], [31.153505729936107, -3.3614319075933867], [31.209331980363714, -3.4660428980586424], [31.212349615521966, -3.630651368349559], [31.248561237420954, -3.7091096111985014], [31.295334582373815, -3.7337239618962084], [31.345125562484927, -3.8367965554428567], [31.379828366804794, -3.9767906750360664], [31.328528569114557, -4.144475939164196], [31.348143197643175, -4.17524387753633], [31.364740191013546, -4.293700440269046], [31.41603998870378, -4.362928301606347], [31.41905762386203, -4.4383097506180755], [31.458286880919268, -4.45984730747857], [31.492989685239134, -4.6244557777694855], [31.467339786394017, -4.684453257595147], [31.39189890743779, -4.735220355909168], [31.397934177754287, -4.80906340800229], [31.31344039332331, -4.898290429281478], [31.245543602262707, -4.936750352246645], [31.24705241984183, -5.058283708816575], [31.21084079794284, -5.112127600967809], [31.23498187920883, -5.227507369863311], [31.182173263939475, -5.281351262014545], [31.044870864239137, -5.244429735967985], [30.975465255599406, -5.290581643526186], [30.832127585582572, -5.319811184979713], [30.833636403161698, -5.272120880502905], [30.767248429680215, -5.242891339049378], [30.678228192511867, -5.1352035547469095], [30.60731376629301, -5.201354622246997], [30.56054042134015, -5.18597065306093], [30.5575227861819, -5.144433936258549], [30.439835015010182, -5.147510730095763], [30.25274163519874, -5.179817065386503], [30.225582918774492, -5.224430576026098], [30.169756668346885, -5.19058584381675], [30.106386330023653, -5.192124240735357], [30.095824606969778, -5.309042406549466], [30.07922761359941, -5.336733551084387], [29.985680923693685, -5.347502329514634], [29.90420477442096, -5.329041566491353], [29.97059274790244, -5.422883778526361], [30.044524809279544, -5.459805304572923], [30.02641899833005, -5.5644162950381775], [30.076209978441163, -5.592107439573098], [30.091298154232405, -5.667488888584827], [30.14863322223914, -5.738255146840735], [30.180318391400757, -5.805944611259429], [30.18484484413813, -5.950553921608459], [30.212003560562373, -5.99209063841084], [30.25274163519874, -6.104393613469129], [30.258776905515234, -6.413611394109075], [30.285935621939476, -6.499761621551049], [30.245197547303114, -6.572066276725565], [29.984172106114563, -6.762827494632795], [29.827255077885606, -6.642832534981473], [29.747287746192004, -6.5536055137022835], [29.655249873865404, -6.413611394109075], [29.59489717070042, -6.252079717655372], [29.579808994909175, -6.147468727190116], [29.57830017733005, -5.962861096957313], [29.606967711333418, -5.775176672887295], [29.599423623437794, -5.664412094747613], [29.575282542171802, -5.556724310445144], [29.530018014798067, -5.415191793933328], [29.434962507313216, -5.193662637653964], [29.37310098656911, -5.016746992014194], [29.33688936467012, -4.8536769186418836], [29.327836459195375, -4.698298829862607], [29.335380547090995, -4.652146922304406], [29.386680344781233, -4.541382344164724], [29.391206797518606, -4.446001735211109], [29.6733556848149, -4.447540132129716], [29.706549671555642, -4.4629241013157825], [29.763884739562375, -4.429079369106435], [29.813675719673483, -4.364466698524954], [29.851396159151598, -4.381389064629627], [30.044524809279544, -4.275239677245765], [30.083754066336784, -4.162936702187476], [30.157686127713887, -4.115246397710669], [30.19088011445463, -4.052172124047795]]]}}, {"type": "Feature", "properties": {"GID_1": "TZA.9_1", "NAME_1": "Kilimanjaro", "risk_level_int": 5, "sampled_mm": 55.3, "date": "2026-03-04"}, "geometry": {"type": "Polygon", "coordinates": [[[37.99901108642429, -4.613686999339239], [37.931114295363685, -4.576765473292678], [37.83756760545796, -4.578303870211285], [37.78475899018861, -4.607533411664813], [37.6308595971179, -4.522921581141444], [37.53580408963305, -4.4521553228855355], [37.49204837983844, -4.355236317013314], [37.51317182594618, -4.2798548680015855], [37.49506601499669, -4.227549372768958], [37.51317182594618, -4.106016016199029], [37.47092493373069, -4.0121738041640205], [37.46338084583507, -3.80295182323351], [37.39699287235359, -3.672188085151941], [37.3426754395051, -3.630651368349559], [37.29741091213137, -3.532193965558731], [37.30042854728961, -3.5014260271865965], [37.1646349651684, -3.4552741196283954], [37.138985066323286, -3.4875804549191365], [37.062035369787935, -3.4921956456749577], [37.06354418736706, -3.3460479384073203], [37.030350200626316, -3.2583593140467393], [36.97905040293608, -3.2091306126513253], [36.94132996345797, -3.207592215732717], [36.89003016576773, -3.1352875605582025], [36.93529469314147, -3.042983745441802], [36.94434759861622, -2.9799094717789263], [36.99262976114821, -2.9799094717789263], [37.06354418736706, -2.9383727549765464], [37.12691452569029, -2.859914512127604], [37.25214638475763, -2.85222252753457], [37.430186859094334, -2.909143213523018], [37.62029787406403, -3.0260613793371274], [37.673106489333385, -3.067598096139509], [37.689703482703756, -3.1752858804419777], [37.7108269288115, -3.3045112216049404], [37.58559506974416, -3.439890150442329], [37.673106489333385, -3.5091180117796306], [37.74402091555224, -3.5445011409075846], [37.78626780776773, -3.6768032759077602], [38.4048830152088, -4.110631206954849], [38.27512470340409, -4.313699600210933], [38.12122531033339, -4.533690359571691], [38.10915476970039, -4.598303030153172], [37.99901108642429, -4.613686999339239]]]}}, {"type": "Feature", "properties": {"GID_1": "TZA.19_1", "NAME_1": "Kusini Pemba", "risk_level_int": 4, "sampled_mm": 36.2, "date": "2026-03-04"}, "geometry": {"type": "Polygon", "coordinates": [[[39.74622184305055, -5.175201874630683], [39.79148637042429, -5.201354622246997], [39.85485670874752, -5.193662637653964], [39.83976853295627, -5.269044086665692], [39.759801201262675, -5.439806144631035], [39.70548376841418, -5.456728510735709], [39.630042889457954, -5.407499809340295], [39.64211343009096, -5.338271948002993], [39.69039559262294, -5.276736071258726], [39.70095731567682, -5.216738591433065], [39.74622184305055, -5.175201874630683]]]}}, {"type": "Feature", "properties": {"GID_1": "TZA.29_1", "NAME_1": "Kusini Unguja", "risk_level_int": 3, "sampled_mm": 25.8, "date": "2026-03-04"}, "geometry": {"type": "Polygon", "coordinates": [[[39.311682380262674, -6.241310939225125], [39.27547075836368, -6.18285185631807], [39.27999721110106, -6.030550561376007], [39.40372025258927, -6.02439697370158], [39.42635251627614, -6.136699948759869], [39.450493597542135, -6.189005443992497], [39.53498738197311, -6.190543840911103], [39.53649619955223, -6.284386052946112], [39.58176072692597, -6.38745864649276], [39.53347856439399, -6.467455286260309], [39.464072955754254, -6.448994523237029], [39.42635251627614, -6.361305898876447], [39.3871232592189, -6.36899788346948], [39.311682380262674, -6.241310939225125]]]}}, {"type": "Feature", "properties": {"GID_1": "TZA.10_1", "NAME_1": "Lindi", "risk_level_int": 1, "sampled_mm": 4.0, "date": "2026-03-04"}, "geometry": {"type": "Polygon", "coordinates": [[[38.00051990400342, -10.725737956963647], [37.88584976798995, -10.736506735393894], [37.88434095041083, -10.628818951091425], [37.860199869144836, -10.548822311323876], [37.75760027376436, -10.54728391440527], [37.60973615101015, -10.505747197602888], [37.54787463026605, -10.45805689312608], [37.36379888561285, -10.381137047195747], [37.231022938649886, -10.344215521149186], [37.14954678937716, -10.299602010509592], [37.034876653363696, -10.282679644404917], [36.97905040293608, -10.236527736846718], [36.94887405135359, -10.173453463183842], [36.87494198997649, -10.093456823416293], [36.891538983346855, -9.94115552847423], [36.969997497461335, -9.888850033241603], [37.015262024835074, -9.802699805799628], [37.08768526863305, -9.72270316603208], [37.138985066323286, -9.58732423719469], [37.25214638475763, -9.524249963531815], [37.28534037149837, -9.439638133008447], [37.29137564181487, -9.353487905566473], [37.31853435823911, -9.318104776438519], [37.3487107098216, -9.184264244519735], [37.381904696562344, -9.104267604752188], [37.381904696562344, -9.015040583472999], [37.40453696024921, -8.91196798992635], [37.413589865723964, -8.798126617949455], [37.40755459540746, -8.644286926088785], [37.442257399727325, -8.51659998184443], [37.50110128531318, -8.479678455797869], [37.55843635331992, -8.398143419111713], [37.581068617006785, -8.319685176262773], [37.63387723227615, -8.21815097963473], [37.65198304322564, -8.1196935768439], [37.719879834286246, -7.981237854169299], [37.80135598355898, -7.935085946611098], [37.843602875774465, -8.005852204867006], [38.00051990400342, -8.085848844634555], [38.13027821580813, -8.127385561436935], [38.48334152932328, -8.316608382425558], [38.51050024574752, -8.351991511553512], [38.516535516064025, -8.50275440957697], [38.71871707166672, -8.515061584925823], [38.78057859241082, -8.444295326669915], [38.84394893073406, -8.398143419111713], [38.94805734369365, -8.3719906714954], [39.018971769912504, -8.333530748530233], [39.09441264886873, -8.331992351611625], [39.16834471024584, -8.275071665623178], [39.2769795759428, -8.267379681030144], [39.311682380262674, -8.299686016320885], [39.266417852888935, -8.318146779344165], [39.310173562683545, -8.424296166728027], [39.28905011657581, -8.456602502018768], [39.30413829236705, -8.515061584925823], [39.341858731845164, -8.545829523297957], [39.36449099553204, -8.621210972309685], [39.375052718585906, -8.72120677201912], [39.439931874488266, -8.747359519635435], [39.450493597542135, -8.793511427193636], [39.49575812491587, -8.82889455632159], [39.52442565891924, -8.904276005333317], [39.48670521944112, -9.082730047891694], [39.51839038860274, -9.116574780101041], [39.5772342741886, -9.035039743414886], [39.619481166404086, -9.079653254054481], [39.605901808191966, -9.131958749287108], [39.63758697735358, -9.18272584760113], [39.651166335565705, -9.37348706550836], [39.630042889457954, -9.421177369985166], [39.681342687148195, -9.491943628241074], [39.7492394782088, -9.664244083125025], [39.71755430904719, -9.725779959869293], [39.799030458319905, -9.815006981148482], [39.80808336379466, -9.855005301032255], [39.741695390313176, -9.979615451439399], [39.81260981653203, -9.981153848358005], [39.925771134966375, -10.056535297369733], [39.97556211507748, -10.128839952544247], [39.96801802718186, -10.201144607718764], [39.89408596580476, -10.23498933992811], [39.89408596580476, -10.259603690625816], [39.77338055947479, -10.26729567521885], [39.69190441020207, -10.327293155044512], [39.69190441020207, -10.376521856439926], [39.728116032101056, -10.527284754463382], [39.663236876198695, -10.581128646614617], [39.58025190934684, -10.599589409637897], [39.56365491597648, -10.528823151381989], [39.49274048975762, -10.45805689312608], [39.483687584282876, -10.391905825625994], [39.3991937998519, -10.334985139637546], [39.33431464394954, -10.327293155044512], [39.249820859518564, -10.348830711905006], [39.12458900045122, -10.405751397893454], [39.049148121494994, -10.453441702370261], [38.978233695276145, -10.468825671556328], [38.886195822949546, -10.513439182195922], [38.8771429174748, -10.544207120568057], [38.760963963882205, -10.54728391440527], [38.715699436508466, -10.484209640742394], [38.620643929023615, -10.505747197602888], [38.55878240827951, -10.550360708242483], [38.424497643737425, -10.607281394230931], [38.27814233856234, -10.610358188068144], [38.26456298035022, -10.685739637079871], [38.192139736552235, -10.696508415510118], [38.12273412791251, -10.685739637079871], [38.00051990400342, -10.725737956963647]]]}}, {"type": "Feature", "properties": {"GID_1": "TZA.11_1", "NAME_1": "Manyara", "risk_level_int": 4, "sampled_mm": 31.7, "date": "2026-03-04"}, "geometry": {"type": "Polygon", "coordinates": [[[35.34047451200679, -4.878291269339591], [35.284648261579186, -4.805986614165076], [35.15338113219535, -4.753681118932448], [35.129240050929354, -4.630609365443912], [35.07341380050175, -4.618302190095059], [35.03267572586538, -4.532151962653084], [34.966287752383906, -4.455232116722749], [34.87575869763643, -4.4136953999203685], [34.86670579216168, -4.361389904687741], [34.91197031953541, -4.272162883408552], [34.97081420512127, -4.207550212827071], [34.966287752383906, -4.092170443931568], [34.990428833649894, -3.9906362473035264], [34.93762021838054, -3.9952514380593467], [34.8923556910068, -3.909101210617372], [34.9843935633334, -3.862949303059171], [35.01909636765326, -3.8721796845708107], [35.14131059156235, -3.80295182323351], [35.29219234947481, -3.6891104512566137], [35.329912788952925, -3.69064884817522], [35.38573903938053, -3.616805796082099], [35.54114725003036, -3.6921872450938267], [35.62413221688222, -3.6983408327682543], [35.5924470477206, -3.775260678698589], [35.679958467309824, -3.7660302971869486], [35.72522299468356, -3.567577094686685], [35.77954042753205, -3.5629619039308658], [35.87308711743777, -3.6260361775937398], [35.942492726077504, -3.636804956023987], [36.00133661166336, -3.6891104512566137], [36.14920073441757, -3.8706412876522043], [36.28197668138053, -4.150629526838623], [36.2985736747509, -4.144475939164196], [36.291029586855274, -3.8598725092219572], [36.2985736747509, -3.806028617070723], [36.481140601824976, -3.781414266373016], [36.61089891362968, -3.6844952605007943], [36.71500732658928, -3.5629619039308658], [36.7466924957509, -3.573730682361111], [36.801009928599385, -3.655265719047266], [36.83722155049837, -3.6491121313728403], [36.861362631764365, -3.5860378577099645], [36.95792695682834, -3.573730682361111], [37.02280611273069, -3.502964424105203], [37.062035369787935, -3.4921956456749577], [37.138985066323286, -3.4875804549191365], [37.1646349651684, -3.4552741196283954], [37.30042854728961, -3.5014260271865965], [37.29741091213137, -3.532193965558731], [37.3426754395051, -3.630651368349559], [37.39699287235359, -3.672188085151941], [37.46338084583507, -3.80295182323351], [37.47092493373069, -4.0121738041640205], [37.51317182594618, -4.106016016199029], [37.49506601499669, -4.227549372768958], [37.51317182594618, -4.2798548680015855], [37.49204837983844, -4.355236317013314], [37.53580408963305, -4.4521553228855355], [37.6308595971179, -4.522921581141444], [37.78475899018861, -4.607533411664813], [37.83756760545796, -4.578303870211285], [37.931114295363685, -4.576765473292678], [37.99901108642429, -4.613686999339239], [37.99448463368692, -4.710606005211461], [38.00051990400342, -4.992132641316487], [37.94469365357581, -4.9629030998629595], [37.84963814609096, -4.98136386288624], [37.82549706482497, -5.022900579688621], [37.766653179239114, -5.0121318012583735], [37.686685847545505, -5.041361342711901], [37.58559506974416, -5.007516610502553], [37.490539562259315, -5.061360502653788], [37.35927243287547, -5.218276988351671], [37.38793996687885, -5.264428895909872], [37.33060489887211, -5.452113319979889], [37.23856702654551, -5.573646676549818], [37.243093479282884, -5.627490568701052], [37.184249593697025, -5.685949651608107], [37.20235540464652, -5.750562322189588], [37.14803797179803, -5.742870337596554], [37.1027734444243, -5.770561482131475], [37.02129729515157, -5.8813260602711575], [37.02431493030982, -5.896710029457224], [36.96547104472396, -5.9274779678293585], [36.85532736144787, -5.953630715445672], [36.79044820554551, -5.938246746259605], [36.71500732658928, -5.945938730852639], [36.6667251640573, -5.850558121899024], [36.600337190575814, -5.799791023585002], [36.57921374446807, -5.745947131433768], [36.464543608454605, -5.673642476259253], [36.41022617560612, -5.601337821084739], [36.3046089450674, -5.518264387479976], [36.25934441769366, -5.464420495328742], [36.2985736747509, -5.418268587770542], [36.294047222013525, -5.302888818875039], [36.26990614074754, -5.199816225328391], [36.324223573596015, -5.081359662595675], [36.32271475601689, -4.992132641316487], [36.33780293180814, -4.847523330967457], [36.30913539780477, -4.815216995676717], [36.28801195169703, -4.589072648641531], [36.34685583728289, -4.436771353699469], [36.250291512218915, -4.415233796838975], [36.00133661166336, -4.396773033815695], [35.818769684589284, -4.31523799712954], [35.81726086701016, -4.390619446141268], [35.652799750885585, -4.51061440579259], [35.66487029151858, -4.576765473292678], [35.59546468287885, -4.702914020618428], [35.53662079729299, -4.7444507374208085], [35.48833863476101, -4.84136974329303], [35.41742420854215, -4.869060887827951], [35.34047451200679, -4.878291269339591]]]}}, {"type": "Feature", "properties": {"GID_1": "TZA.12_1", "NAME_1": "Mara", "risk_level_int": 4, "sampled_mm": 33.8, "date": "2026-03-04"}, "geometry": {"type": "Polygon", "coordinates": [[[35.21826028809771, -2.499929633173638], [35.07794025323912, -2.499929633173638], [34.990428833649894, -2.4876224578247843], [34.656980148663365, -2.49377604549921], [34.489501397380536, -2.4922376485806037], [34.40198997779131, -2.4076258180572356], [34.32654909883509, -2.3676274981734604], [34.26921403082835, -2.3045532245105864], [34.228475956191986, -2.3091684152664076], [34.16359680028963, -2.256862920033779], [34.119841090495015, -2.270708492301239], [33.99008277869031, -2.1845582648592643], [33.90106254152195, -2.1814814710220514], [33.695863350761016, -2.204557424801152], [33.430311456835085, -2.313783606022227], [33.32771186145462, -2.31686039985944], [33.28848260439737, -2.3183987967780464], [33.202480002387276, -2.183019867940658], [33.188900644175156, -2.0307185729985946], [33.219076995757646, -1.993797046952034], [33.291500239555624, -1.849187736603005], [33.356379395457985, -1.7753446845098821], [33.45747017325933, -1.7691910968354563], [33.46652307873408, -1.4738188884629704], [32.70909665401354, -1.4845876668932174], [32.72116719464654, -1.0415293543344877], [32.71664074190916, -0.9969158436948948], [33.6521076409664, -0.9969158436948948], [33.93123889310445, -0.9938390498576801], [34.07759419827953, -1.0261453851484212], [34.22394950345461, -1.103065231078757], [34.55890700602027, -1.2953648459045937], [34.732421027619594, -1.3907454548582088], [35.25598072757582, -1.6938096478237288], [35.210716200202086, -2.0691784959637616], [35.26654245062969, -2.30301482759198], [35.26654245062969, -2.3583971166618216], [35.160925220090974, -2.3937802457897757], [35.21826028809771, -2.499929633173638]]]}}, {"type": "Feature", "properties": {"GID_1": "TZA.13_1", "NAME_1": "Mbeya", "risk_level_int": 1, "sampled_mm": 3.1, "date": "2026-03-04"}, "geometry": {"type": "Polygon", "coordinates": [[[32.896190033824986, -6.927435964923712], [32.99577199404721, -6.8674384850980505], [33.077248143319935, -6.8705152789352635], [33.18437419143778, -6.950511918702812], [33.31564132082162, -6.944358331028385], [33.36844993609098, -6.961280697133058], [33.48764652484182, -6.945896727946992], [33.549508045585924, -6.956665506377239], [33.57515794443105, -6.995125429342406], [33.68228399254889, -7.0535845122494605], [33.695863350761016, -7.082814053702988], [33.80751585161623, -7.139734739691436], [33.78639240550849, -7.299728019226532], [33.8180775746701, -7.456644504924415], [33.80148058129973, -7.525872366261717], [33.984047508373806, -7.530487557017537], [34.015732677535425, -7.476643664866302], [34.01875031269367, -7.416646185040641], [34.195281969451244, -7.373571071319653], [34.19980842218862, -7.496642824808189], [34.26770521324923, -7.592023433761804], [34.27072284840747, -7.619714578296725], [34.350690180101076, -7.7289407595178], [34.38690180200007, -7.735094347192227], [34.50911602590916, -7.713556790331734], [34.629821432239126, -7.725863965680587], [34.688665317824984, -7.745863125622474], [34.75203565614821, -7.827398162308629], [34.85161761637043, -7.902779611320357], [34.91951440743104, -8.052004112425207], [34.96930538754215, -8.101232813820621], [34.83803825815831, -8.248918918006865], [34.68564768266673, -8.453525708181555], [34.72487693972397, -8.524291966437463], [34.718841669407475, -8.63813333841436], [34.69922704087885, -8.66582448294928], [34.592100992761004, -8.691977230565593], [34.54683646538727, -8.788896236437814], [34.51213366106741, -8.811972190216915], [34.39293707231656, -8.830432953240196], [34.29637274725259, -8.825817762484375], [34.28581102419872, -8.92119837143799], [34.20131723976775, -8.939659134461271], [34.15907034755226, -8.861200891612329], [34.05647075217178, -8.844278525507656], [34.03987375880141, -8.901199211496102], [33.99310041384855, -8.868892876205363], [33.90106254152195, -8.876584860798395], [33.84674510867347, -8.845816922426263], [33.828639297723974, -8.91196798992635], [33.828639297723974, -9.031962949577673], [33.812042304353604, -9.059654094112593], [33.84976274383172, -9.113497986263827], [33.83920102077785, -9.19657141986859], [33.922185987629696, -9.25195370893843], [33.982538690794684, -9.330411951787372], [33.981029873215554, -9.381179050101393], [34.06854129280478, -9.498097215915502], [34.07759419827953, -9.528865154287637], [34.03685612364316, -9.491943628241074], [33.964432879845184, -9.528865154287637], [33.94481825131656, -9.571940268008623], [33.967450515003435, -9.627322557078465], [33.94330943373744, -9.705780799927407], [33.91313308215495, -9.710395990683226], [33.80298939887886, -9.607323397136577], [33.71849561444788, -9.58270904643887], [33.67172226949502, -9.608861794055183], [33.68077517496977, -9.508865994345749], [33.66870463433677, -9.458098896031728], [33.62494892454215, -9.4519453083573], [33.61136956633003, -9.402716606961887], [33.511787606107816, -9.3134895856827], [33.45445253810108, -9.244261724345396], [33.41974973378122, -9.335027142543192], [33.324694226296366, -9.242723327426791], [33.28395615166001, -9.236569739752364], [33.2100240902829, -9.299644013415238], [33.14816256953879, -9.299644013415238], [33.1179862179563, -9.270414471961711], [33.16626838048829, -9.207340198298837], [33.25377980007751, -9.190417832194163], [33.21153290786202, -9.133497146205714], [33.23567398912802, -9.090422032484728], [33.21455054302027, -9.045808521845133], [33.22812990123239, -8.967350278996191], [33.16777719806741, -8.838124937833229], [33.033492433525325, -8.741205931961007], [33.01086016983845, -8.71197639050748], [33.06819523784519, -8.615057384635257], [33.12703912343105, -8.647363719925998], [33.14363611680142, -8.690438833646986], [33.22662108365327, -8.72582196277494], [33.2100240902829, -8.664286086030671], [33.13156557616842, -8.578135858588697], [33.12703912343105, -8.495062424983935], [33.04858060931657, -8.458140898937375], [33.065177602686944, -8.38583624376286], [33.09988040700681, -8.379682656088434], [33.16325074533004, -8.316608382425558], [33.152689022276164, -8.273533268704572], [33.04858060931657, -8.253534108762684], [32.99878962920546, -8.291994031727851], [32.97012209520209, -8.270456474867357], [32.99275435888896, -8.108924798413655], [33.030474798367074, -8.0273897617275], [33.019913075313205, -7.985853044925118], [33.08780986637381, -7.8704732760296165], [32.93240165572398, -7.87355006986683], [32.99275435888896, -7.756631904052721], [33.033492433525325, -7.750478316378294], [33.0319836159462, -7.592023433761804], [33.01538662257583, -7.530487557017537], [32.91882229751186, -7.550486716959424], [32.896190033824986, -7.452029314168595], [32.896190033824986, -6.927435964923712]]]}}, {"type": "Feature", "properties": {"GID_1": "TZA.30_1", "NAME_1": "Mjini Magharibi", "risk_level_int": 4, "sampled_mm": 28.9, "date": "2026-03-04"}, "geometry": {"type": "Polygon", "coordinates": [[[39.20455633214483, -6.03824254596904], [39.27999721110106, -6.030550561376007], [39.27547075836368, -6.18285185631807], [39.311682380262674, -6.241310939225125], [39.26038258257243, -6.304385212887999], [39.19852106182833, -6.222850176201844], [39.18795933877446, -6.167467887132003], [39.2151180551987, -6.132084758004049], [39.20455633214483, -6.03824254596904]]]}}, {"type": "Feature", "properties": {"GID_1": "TZA.14_1", "NAME_1": "Morogoro", "risk_level_int": 2, "sampled_mm": 8.9, "date": "2026-03-04"}, "geometry": {"type": "Polygon", "coordinates": [[[35.500409175394, -9.491943628241074], [35.500409175394, -9.178110656845309], [35.52455025665999, -9.068884475624234], [35.38423022180141, -9.011963789635786], [35.408371303067405, -8.979657454345045], [35.32387751863642, -8.867354479286757], [35.35858032295629, -8.824279365565769], [35.33142160653205, -8.727360359693547], [35.363106775693666, -8.682746849053952], [35.41591539096302, -8.664286086030671], [35.512479716027, -8.664286086030671], [35.587920594983224, -8.685823642891165], [35.63016748719872, -8.75351310730986], [35.696555460680194, -8.7165915812633], [35.6905201903637, -8.66582448294928], [35.850454853750904, -8.567367080158451], [35.88968411080814, -8.46121769277459], [35.957580901868745, -8.430449754402455], [36.022460057771106, -8.35814509922794], [36.10695384220208, -8.290455634809245], [36.18993880905393, -8.18122945358817], [36.30159130990915, -8.085848844634555], [36.41475262834349, -8.01815938021586], [36.464543608454605, -8.028928158646107], [36.711989691431036, -8.025851364808894], [36.70293678595628, -7.981237854169299], [36.834203915340126, -7.778169460913215], [36.846274455973116, -7.648944119750253], [36.78139530007076, -7.644328928994432], [36.79195702312464, -7.596638624517625], [36.693883880481536, -7.579716258412951], [36.6546546234243, -7.53356435085475], [36.58223137962632, -7.51510358783147], [36.52942276435696, -7.52433396934311], [36.4826494194041, -7.37972465899408], [36.53394921709433, -7.327419163761452], [36.50528168309097, -7.190501838005456], [36.56563438625595, -7.055122909168067], [36.648619353107804, -7.027431764633147], [36.64560171794955, -6.888976041958544], [36.632022359737434, -6.739751540853694], [36.663707528899046, -6.707445205562953], [36.7285866848014, -6.572066276725565], [36.74518367817177, -6.499761621551049], [36.725569049643155, -6.461301698585882], [36.8508009087105, -6.358229105039233], [36.84174800323575, -6.19208223782971], [36.817606921969755, -6.05670330899232], [36.86890671965999, -6.01055140143412], [36.94132996345797, -5.975168272306166], [36.96547104472396, -5.9274779678293585], [37.02431493030982, -5.896710029457224], [37.07410591042093, -5.86132690032927], [37.12389689053204, -5.961322700038705], [37.1767055058014, -6.002859416841086], [37.36229006803372, -5.978245066143379], [37.395484054774464, -5.9305547616665715], [37.395484054774464, -5.86594209108509], [37.442257399727325, -5.804406214340823], [37.553909900582546, -5.822866977364103], [37.60973615101015, -5.858250106492057], [37.64142132017177, -5.950553921608459], [37.716862199128, -5.872095678759517], [37.79984716597985, -5.893633235620011], [37.86472632188221, -5.9520923185270656], [37.843602875774465, -5.9905522414922325], [37.89188503830645, -6.096701628876095], [37.952237741471436, -6.1243927734110155], [37.98844936337042, -6.175159871725037], [38.05785497201015, -6.184390253236677], [38.00202872158255, -6.250541320736764], [38.00202872158255, -6.602834215097698], [38.04729324895628, -6.658216504167539], [38.09104895875089, -6.658216504167539], [38.17252510802362, -6.6982148240513135], [38.24645716940073, -6.70436841172574], [38.26456298035022, -6.785903448411895], [38.2630541627711, -6.921282377249285], [38.28115997372059, -6.985895047830766], [38.317371595619576, -7.008971001609866], [38.46372690079466, -7.0289701615517535], [38.505973793010156, -7.02589336771454], [38.48032389416503, -7.110505198237909], [38.42600646131655, -7.18896344108685], [38.377724298784564, -7.182809853412423], [38.30680987256571, -7.270498477773005], [38.305301054986586, -7.581254655331557], [38.101610681804765, -7.632021753645579], [38.04125797863978, -7.559717098471064], [37.9869405457913, -7.52894916009893], [37.92206138988894, -7.576639464575737], [37.82097061208759, -7.704326408820093], [37.81946179450847, -7.784323048587641], [37.83756760545796, -7.876626863704043], [37.80135598355898, -7.935085946611098], [37.719879834286246, -7.981237854169299], [37.65198304322564, -8.1196935768439], [37.63387723227615, -8.21815097963473], [37.581068617006785, -8.319685176262773], [37.55843635331992, -8.398143419111713], [37.50110128531318, -8.479678455797869], [37.442257399727325, -8.51659998184443], [37.40755459540746, -8.644286926088785], [37.413589865723964, -8.798126617949455], [37.40453696024921, -8.91196798992635], [37.381904696562344, -9.015040583472999], [37.381904696562344, -9.104267604752188], [37.3487107098216, -9.184264244519735], [37.31853435823911, -9.318104776438519], [37.29137564181487, -9.353487905566473], [37.28534037149837, -9.439638133008447], [37.25214638475763, -9.524249963531815], [37.138985066323286, -9.58732423719469], [36.99413857872733, -9.635014541671499], [36.80704519891588, -9.735010341380933], [36.736130772697024, -9.75962469207864], [36.60486364331319, -9.75962469207864], [36.56110793351858, -9.804238202718235], [36.511316953407466, -9.818083774985695], [36.49924641277447, -9.715011181439046], [36.42531435139736, -9.670397670799453], [36.38155864160275, -9.711934387601833], [36.33025884391252, -9.727318356787901], [36.291029586855274, -9.775008661264707], [36.174850633262686, -9.76423988283446], [36.09940975430646, -9.785777439694954], [36.06923340272397, -9.738087135218146], [35.88666647564989, -9.838082934927582], [35.8444195834344, -9.887311636322996], [35.77954042753205, -9.919617971613738], [35.699573095838446, -9.868850873299715], [35.67392319699333, -9.828852553415942], [35.713152454050565, -9.76423988283446], [35.81122559669366, -9.676551258473879], [35.84592840101353, -9.556556298822557], [35.88817529322902, -9.482713246729435], [35.94701917881488, -9.4288693545782], [35.91986046239063, -9.342719127136226], [35.912316374495006, -9.253492105857038], [35.87157829985865, -9.253492105857038], [35.791610968165045, -9.318104776438519], [35.63167630477784, -9.27502966271753], [35.55623542582161, -9.45656049911312], [35.500409175394, -9.491943628241074]]]}}, {"type": "Feature", "properties": {"GID_1": "TZA.15_1", "NAME_1": "Mtwara", "risk_level_int": 2, "sampled_mm": 5.2, "date": "2026-03-04"}, "geometry": {"type": "Polygon", "coordinates": [[[38.115190040016884, -11.261100084638777], [38.05181970169366, -11.138028331150242], [38.05181970169366, -11.085722835917613], [38.01711689737379, -11.01803337149892], [38.01862571495292, -10.899576808766202], [38.00051990400342, -10.853424901208003], [38.0488020665354, -10.770351467603241], [38.00051990400342, -10.725737956963647], [38.12273412791251, -10.685739637079871], [38.192139736552235, -10.696508415510118], [38.26456298035022, -10.685739637079871], [38.27814233856234, -10.610358188068144], [38.424497643737425, -10.607281394230931], [38.55878240827951, -10.550360708242483], [38.620643929023615, -10.505747197602888], [38.715699436508466, -10.484209640742394], [38.760963963882205, -10.54728391440527], [38.8771429174748, -10.544207120568057], [38.886195822949546, -10.513439182195922], [38.978233695276145, -10.468825671556328], [39.049148121494994, -10.453441702370261], [39.12458900045122, -10.405751397893454], [39.249820859518564, -10.348830711905006], [39.33431464394954, -10.327293155044512], [39.3991937998519, -10.334985139637546], [39.483687584282876, -10.391905825625994], [39.49274048975762, -10.45805689312608], [39.56365491597648, -10.528823151381989], [39.58025190934684, -10.599589409637897], [39.663236876198695, -10.581128646614617], [39.728116032101056, -10.527284754463382], [39.69190441020207, -10.376521856439926], [39.69190441020207, -10.327293155044512], [39.77338055947479, -10.26729567521885], [39.89408596580476, -10.259603690625816], [39.89408596580476, -10.23498933992811], [39.96801802718186, -10.201144607718764], [39.999703196343475, -10.125763158707034], [40.13549677846469, -10.185760638532695], [40.16416431246806, -10.25806529370721], [40.25167573205728, -10.28114124748631], [40.292413806693645, -10.268834072137457], [40.32862542859263, -10.354984299579431], [40.38294286144112, -10.39805941330042], [40.43575147671048, -10.47190246539354], [40.340695969225635, -10.576513455858796], [40.23356992110779, -10.607281394230931], [40.02987954792597, -10.78881223062652], [39.99215910844785, -10.816503375161442], [39.88805069548826, -10.845732916614969], [39.78545110010779, -10.91034558719645], [39.694922045360315, -10.945728716324403], [39.62853407187883, -10.948805510161618], [39.52895211165661, -10.985727036208178], [39.43238778659264, -11.058031691382693], [39.36599981311116, -11.084184438999007], [39.24227677162294, -11.179565047952622], [39.1351507235051, -11.151873903417702], [39.04462166875763, -11.174949857196802], [38.884687005370424, -11.174949857196802], [38.744366970511834, -11.27802245074345], [38.652329098185234, -11.279560847662058], [38.48635916448153, -11.414939776499446], [38.377724298784564, -11.382633441208705], [38.26154534519197, -11.288791229173697], [38.115190040016884, -11.261100084638777]]]}}, {"type": "Feature", "properties": {"GID_1": "TZA.16_1", "NAME_1": "Mwanza", "risk_level_int": 3, "sampled_mm": 17.3, "date": "2026-03-04"}, "geometry": {"type": "Polygon", "coordinates": [[[32.77548462749502, -3.2522057263723116], [32.79359043844452, -3.16913229276755], [32.77095817475765, -3.12759557596517], [32.78453753296977, -3.067598096139509], [32.75888763412465, -2.99221664712778], [32.72267601222566, -3.010677410151061], [32.618567599266065, -2.939911151895153], [32.58084715978795, -2.9322191673021187], [32.577829524629706, -2.8676064967206383], [32.55067080820546, -2.79684023846473], [32.42845658429637, -2.7706874908484167], [32.405824320609504, -2.7353043617204627], [32.42242131397987, -2.6814604695692275], [32.51898563904385, -2.658384515790127], [32.512950368727346, -2.6291549743366005], [32.35301570534014, -2.6045406236388935], [32.27003073848829, -2.6076174174761064], [32.26399546817179, -2.5768494791039718], [32.190063406794685, -2.5230055869527384], [32.09349908173071, -2.4906992516619972], [31.975811310559, -2.376857879685101], [31.93054678318526, -2.373781085847888], [31.938090871080885, -2.31686039985944], [31.84152654601691, -2.172251089510411], [32.70909665401354, -1.4845876668932174], [33.46652307873408, -1.4738188884629704], [33.45747017325933, -1.7691910968354563], [33.356379395457985, -1.7753446845098821], [33.291500239555624, -1.849187736603005], [33.219076995757646, -1.993797046952034], [33.188900644175156, -2.0307185729985946], [33.202480002387276, -2.183019867940658], [33.28848260439737, -2.3183987967780464], [33.32771186145462, -2.31686039985944], [33.33525594935024, -2.3676274981734604], [33.50424351821219, -2.486084060906178], [33.63249301243778, -2.556850319162084], [33.630984194858655, -2.6430005466040605], [33.77432186487549, -2.7168435986971815], [33.78941004066674, -2.8153010014880095], [33.7260397023435, -2.8153010014880095], [33.661160546441145, -2.83837695526711], [33.63852828275428, -2.813762604569403], [33.55101686316505, -2.835300161429897], [33.50122588305394, -2.8922208474183453], [33.52385814674081, -2.975294281023107], [33.495190612737446, -3.024522982418521], [33.4801024369462, -3.176824277360584], [33.43634672715159, -3.2168225972443576], [33.42427618651859, -3.3045112216049404], [33.34430885482499, -3.313741603116579], [33.28848260439737, -3.3998918305585555], [33.217568178178524, -3.3921998459655214], [33.09988040700681, -3.4352749596865095], [33.06215996752869, -3.3952766398027343], [33.016895440154954, -3.3921998459655214], [32.847907871293, -3.236821757186245], [32.77548462749502, -3.2522057263723116]]]}}, {"type": "Feature", "properties": {"GID_1": "TZA.17_1", "NAME_1": "Njombe", "risk_level_int": 1, "sampled_mm": 3.6, "date": "2026-03-04"}, "geometry": {"type": "Polygon", "coordinates": [[[34.07759419827953, -9.528865154287637], [34.06854129280478, -9.498097215915502], [33.981029873215554, -9.381179050101393], [33.982538690794684, -9.330411951787372], [33.922185987629696, -9.25195370893843], [33.83920102077785, -9.19657141986859], [33.84976274383172, -9.113497986263827], [33.812042304353604, -9.059654094112593], [33.828639297723974, -9.031962949577673], [33.828639297723974, -8.91196798992635], [33.84674510867347, -8.845816922426263], [33.90106254152195, -8.876584860798395], [33.99310041384855, -8.868892876205363], [34.03987375880141, -8.901199211496102], [34.05647075217178, -8.844278525507656], [34.15907034755226, -8.861200891612329], [34.20131723976775, -8.939659134461271], [34.28581102419872, -8.92119837143799], [34.29637274725259, -8.825817762484375], [34.39293707231656, -8.830432953240196], [34.51213366106741, -8.811972190216915], [34.54683646538727, -8.788896236437814], [34.592100992761004, -8.691977230565593], [34.69922704087885, -8.66582448294928], [34.80484427141757, -8.671978070623705], [34.87575869763643, -8.699669215158625], [34.854635251528684, -8.770435473414533], [34.90291741406067, -8.810433793298309], [34.979867110596025, -8.830432953240196], [35.04323744891926, -8.778127458007567], [35.12773123335023, -8.779665854926174], [35.14131059156235, -8.90273760841471], [35.11113423997986, -8.941197531379878], [35.12018714545461, -9.01965577422882], [35.21976910567683, -9.042731728007919], [35.30728052526605, -9.039654934170706], [35.38423022180141, -9.011963789635786], [35.52455025665999, -9.068884475624234], [35.500409175394, -9.178110656845309], [35.500409175394, -9.491943628241074], [35.452127012862015, -9.525788360450424], [35.36914204601016, -9.61963057248543], [35.24391018694283, -9.682704846148306], [35.1563987673536, -9.756547898241427], [35.10660778724249, -9.776547058183315], [35.177522213461344, -9.839621331846189], [35.16696049040747, -9.911925987020703], [35.21826028809771, -9.981153848358005], [35.192610389252586, -10.079611251148833], [35.145837044299725, -10.167299875509416], [35.053799171973125, -10.170376669346629], [34.982884745754276, -10.204221401555976], [35.01155227975764, -10.265757278300244], [34.931584948064035, -10.38421384103296], [34.856144069107806, -10.470364068474934], [34.78372082530983, -10.441134527021408], [34.765615014360336, -10.493440022254035], [34.684138865087604, -10.534976739056416], [34.548345282966395, -10.522669563707563], [34.57097754665327, -10.479594449986575], [34.5423100126499, -10.414981779405093], [34.56946872907414, -10.307293995102626], [34.5543805532829, -10.188837432369908], [34.52269538412128, -10.114994380276787], [34.53929237749165, -10.064227281962767], [34.501571938013534, -9.976538657602184], [34.34465490978458, -9.805776599636841], [34.30542565272734, -9.739625532136753], [34.1741585233435, -9.611938587892398], [34.07759419827953, -9.528865154287637]]]}}, {"type": "Feature", "properties": {"GID_1": "TZA.20_1", "NAME_1": "Pwani", "risk_level_int": 3, "sampled_mm": 17.6, "date": "2026-03-04"}, "geometry": {"type": "MultiPolygon", "coordinates": [[[[37.80135598355898, -7.935085946611098], [37.83756760545796, -7.876626863704043], [37.81946179450847, -7.784323048587641], [37.82097061208759, -7.704326408820093], [37.92206138988894, -7.576639464575737], [37.9869405457913, -7.52894916009893], [38.04125797863978, -7.559717098471064], [38.101610681804765, -7.632021753645579], [38.305301054986586, -7.581254655331557], [38.30680987256571, -7.270498477773005], [38.377724298784564, -7.182809853412423], [38.42600646131655, -7.18896344108685], [38.48032389416503, -7.110505198237909], [38.505973793010156, -7.02589336771454], [38.46372690079466, -7.0289701615517535], [38.317371595619576, -7.008971001609866], [38.28115997372059, -6.985895047830766], [38.2630541627711, -6.921282377249285], [38.26456298035022, -6.785903448411895], [38.24645716940073, -6.70436841172574], [38.17252510802362, -6.6982148240513135], [38.09104895875089, -6.658216504167539], [38.04729324895628, -6.658216504167539], [38.00202872158255, -6.602834215097698], [38.00202872158255, -6.250541320736764], [38.05785497201015, -6.184390253236677], [37.98844936337042, -6.175159871725037], [37.952237741471436, -6.1243927734110155], [37.89188503830645, -6.096701628876095], [37.843602875774465, -5.9905522414922325], [37.86472632188221, -5.9520923185270656], [37.79984716597985, -5.893633235620011], [37.86623513946133, -5.893633235620011], [37.92658784262632, -5.844404534224597], [38.05785497201015, -5.86594209108509], [38.14234875644113, -5.85671170957345], [38.20119264202699, -5.876710869515337], [38.24645716940073, -5.9305547616665715], [38.299265784670084, -5.929016364747965], [38.34151267688557, -5.989013844573626], [38.471270988690286, -6.01978178294576], [38.563308861016885, -6.018243386027153], [38.59650284775763, -5.982860256899199], [38.70513771345459, -5.947477127771245], [38.80170203851857, -5.962861096957313], [38.7790697748317, -6.02439697370158], [38.79868440336032, -6.093624835038882], [38.86356355926267, -6.17823666556225], [38.84093129557581, -6.310538800562425], [38.85149301862968, -6.3566907081206265], [38.91033690421554, -6.441302538643995], [38.97974251285527, -6.476685667771949], [39.07630683791924, -6.502838415388263], [39.12157136529298, -6.565912689051138], [39.080833290656614, -6.602834215097698], [39.049148121494994, -6.790518639167716], [39.07178038518187, -6.8674384850980505], [39.11855373013473, -6.879745660446904], [39.05970984454887, -6.999740620098226], [39.070271567602745, -7.056661306086673], [39.1351507235051, -7.072045275272741], [39.18343288603708, -6.987433444749373], [39.24378558920206, -6.950511918702812], [39.32224410331655, -6.948973521784205], [39.406737887747525, -7.01204779544708], [39.41729961080139, -7.125889167423975], [39.450493597542135, -7.181271456493817], [39.42484369869702, -7.2474225239939045], [39.38410562406065, -7.278190462366038], [39.35242045489903, -7.396647025098754], [39.30564710994618, -7.4689516802732685], [39.27547075836368, -7.596638624517625], [39.33582346152866, -7.733555950273621], [39.405229070168396, -7.796630223936495], [39.44747596238388, -7.813552590041169], [39.41428197564314, -7.902779611320357], [39.44898477996301, -8.005852204867006], [39.418808428380515, -8.085848844634555], [39.375052718585906, -8.150461515216035], [39.36449099553204, -8.20430540736727], [39.311682380262674, -8.299686016320885], [39.2769795759428, -8.267379681030144], [39.16834471024584, -8.275071665623178], [39.09441264886873, -8.331992351611625], [39.018971769912504, -8.333530748530233], [38.94805734369365, -8.3719906714954], [38.84394893073406, -8.398143419111713], [38.78057859241082, -8.444295326669915], [38.71871707166672, -8.515061584925823], [38.516535516064025, -8.50275440957697], [38.51050024574752, -8.351991511553512], [38.48334152932328, -8.316608382425558], [38.13027821580813, -8.127385561436935], [38.00051990400342, -8.085848844634555], [37.843602875774465, -8.005852204867006], [37.80135598355898, -7.935085946611098]]], [[[39.70095731567682, -7.9935450295181525], [39.648148700407454, -7.995083426436759], [39.59684890271721, -7.956623503471592], [39.663236876198695, -7.908933198994784], [39.71755430904719, -7.8458589253319095], [39.77941582979129, -7.805860605448135], [39.83825971537715, -7.747401522541081], [39.86541843180139, -7.684327248878207], [39.90464768885863, -7.718171981087553], [39.880506607592636, -7.812014193122562], [39.833733262639775, -7.913548389750604], [39.771871741895666, -7.907394802076178], [39.7492394782088, -7.975084266494871], [39.70095731567682, -7.9935450295181525]]]]}}, {"type": "Feature", "properties": {"GID_1": "TZA.21_1", "NAME_1": "Rukwa", "risk_level_int": 1, "sampled_mm": 3.9, "date": "2026-03-04"}, "geometry": {"type": "Polygon", "coordinates": [[[32.12065779815496, -9.059654094112593], [32.069358000464725, -9.048885315682346], [31.987881851191993, -9.07503806329866], [31.93658205350176, -9.018117377310212], [31.95016141171388, -8.936582340624057], [31.81587664717179, -8.887353639228643], [31.734400497899067, -8.922736768356597], [31.58351873998661, -8.84274012858905], [31.568430564195364, -8.811972190216915], [31.582009922407487, -8.736590741205188], [31.551833570824993, -8.687362039809774], [31.485445597343514, -8.681208452135346], [31.459795698498397, -8.639671735332964], [31.212349615521966, -8.57659746167009], [31.165576270569105, -8.615057384635257], [31.103714749824995, -8.622749369228291], [31.01620333023577, -8.57659746167009], [30.842689308636444, -8.356606702309332], [30.756686706626343, -8.184306247425383], [30.738580895676847, -8.110463195332262], [30.65106947608762, -7.981237854169299], [30.575628597131395, -7.750478316378294], [30.522819981862035, -7.619714578296725], [30.42323802163981, -7.418184581959248], [30.358358865737458, -7.2474225239939045], [30.23463582424924, -7.018201383121506], [30.50471417091254, -6.916667186493465], [30.684263462828362, -6.887437645039937], [30.786863058208837, -6.915128789574858], [30.94981535675429, -6.942819934109778], [30.970938802862033, -6.967434284807485], [30.955850627070788, -7.0781988629471675], [30.98602697865328, -7.1135819920751215], [31.067503127926006, -7.122812373586762], [31.14747045961961, -7.176656265737996], [31.162558635410853, -7.219731379458984], [31.27421113626607, -7.219731379458984], [31.348143197643175, -7.255114508586938], [31.33909029216843, -7.327419163761452], [31.352669650380548, -7.422799772715067], [31.375301914067418, -7.473566871029089], [31.476392691868764, -7.410492597366214], [31.49148086766001, -7.510488397075649], [31.539763030192, -7.568947479982704], [31.592571645461355, -7.592023433761804], [31.7857002955893, -7.605869006029264], [31.98637303361287, -7.773554270157394], [32.13121952120883, -7.867396482192403], [32.327365806495024, -7.981237854169299], [32.48579165230311, -8.112001592250868], [32.5038974632526, -8.175075865913742], [32.48579165230311, -8.233534948820797], [32.43298303703374, -8.242765330332437], [32.38620969208088, -8.313531588588345], [32.3077511779664, -8.315069985506952], [32.267013103330044, -8.391989831437286], [32.298698272491656, -8.476601661960656], [32.29115418459603, -8.57198227091427], [32.254942562697046, -8.61351898771665], [32.254942562697046, -8.658132498356245], [32.21420448806068, -8.710437993588872], [32.116131345417585, -8.70736119975166], [32.021075837932734, -8.808895396379702], [32.06634036530647, -8.87504646387979], [32.13423715636708, -8.931967149868237], [32.10707843994284, -8.990426232775292], [32.12065779815496, -9.059654094112593]]]}}, {"type": "Feature", "properties": {"GID_1": "TZA.22_1", "NAME_1": "Ruvuma", "risk_level_int": 1, "sampled_mm": 2.4, "date": "2026-03-04"}, "geometry": {"type": "Polygon", "coordinates": [[[34.548345282966395, -10.522669563707563], [34.684138865087604, -10.534976739056416], [34.765615014360336, -10.493440022254035], [34.78372082530983, -10.441134527021408], [34.856144069107806, -10.470364068474934], [34.931584948064035, -10.38421384103296], [35.01155227975764, -10.265757278300244], [34.982884745754276, -10.204221401555976], [35.053799171973125, -10.170376669346629], [35.145837044299725, -10.167299875509416], [35.192610389252586, -10.079611251148833], [35.21826028809771, -9.981153848358005], [35.16696049040747, -9.911925987020703], [35.177522213461344, -9.839621331846189], [35.10660778724249, -9.776547058183315], [35.1563987673536, -9.756547898241427], [35.24391018694283, -9.682704846148306], [35.36914204601016, -9.61963057248543], [35.452127012862015, -9.525788360450424], [35.500409175394, -9.491943628241074], [35.55623542582161, -9.45656049911312], [35.63167630477784, -9.27502966271753], [35.791610968165045, -9.318104776438519], [35.87157829985865, -9.253492105857038], [35.912316374495006, -9.253492105857038], [35.91986046239063, -9.342719127136226], [35.94701917881488, -9.4288693545782], [35.88817529322902, -9.482713246729435], [35.84592840101353, -9.556556298822557], [35.81122559669366, -9.676551258473879], [35.713152454050565, -9.76423988283446], [35.67392319699333, -9.828852553415942], [35.699573095838446, -9.868850873299715], [35.77954042753205, -9.919617971613738], [35.8444195834344, -9.887311636322996], [35.88666647564989, -9.838082934927582], [36.06923340272397, -9.738087135218146], [36.09940975430646, -9.785777439694954], [36.174850633262686, -9.76423988283446], [36.291029586855274, -9.775008661264707], [36.33025884391252, -9.727318356787901], [36.38155864160275, -9.711934387601833], [36.42531435139736, -9.670397670799453], [36.49924641277447, -9.715011181439046], [36.511316953407466, -9.818083774985695], [36.56110793351858, -9.804238202718235], [36.60486364331319, -9.75962469207864], [36.736130772697024, -9.75962469207864], [36.80704519891588, -9.735010341380933], [36.99413857872733, -9.635014541671499], [37.138985066323286, -9.58732423719469], [37.08768526863305, -9.72270316603208], [37.015262024835074, -9.802699805799628], [36.969997497461335, -9.888850033241603], [36.891538983346855, -9.94115552847423], [36.87494198997649, -10.093456823416293], [36.94887405135359, -10.173453463183842], [36.97905040293608, -10.236527736846718], [37.034876653363696, -10.282679644404917], [37.14954678937716, -10.299602010509592], [37.231022938649886, -10.344215521149186], [37.36379888561285, -10.381137047195747], [37.54787463026605, -10.45805689312608], [37.60973615101015, -10.505747197602888], [37.75760027376436, -10.54728391440527], [37.860199869144836, -10.548822311323876], [37.88434095041083, -10.628818951091425], [37.88584976798995, -10.736506735393894], [38.00051990400342, -10.725737956963647], [38.0488020665354, -10.770351467603241], [38.00051990400342, -10.853424901208003], [38.01862571495292, -10.899576808766202], [38.01711689737379, -11.01803337149892], [38.05181970169366, -11.085722835917613], [38.05181970169366, -11.138028331150242], [38.115190040016884, -11.261100084638777], [38.05785497201015, -11.27340725998763], [37.93413193052194, -11.256484893882957], [37.83153233514147, -11.308790389115584], [37.827005882404094, -11.365711075104032], [37.77419726713473, -11.459553287139041], [37.778723719872104, -11.513397179290275], [37.748547368289614, -11.548780308418229], [37.659527131121266, -11.574933056034544], [37.58408625216504, -11.622623360511351], [37.50110128531318, -11.611854582081104], [37.445275034885576, -11.636468932778811], [37.41962513604046, -11.679544046499798], [37.33211371645123, -11.671852061906765], [37.29891972971049, -11.639545726616024], [37.229514121070764, -11.651852901964878], [37.00771793693945, -11.602624200569464], [36.888521348188604, -11.605700994406677], [36.81157165165325, -11.587240231383397], [36.71953377932665, -11.69338961876726], [36.65163698826605, -11.725695954057999], [36.55959911593945, -11.745695113999886], [36.50075523035359, -11.69338961876726], [36.3785410064445, -11.684159237255619], [36.266888505589286, -11.718003969464966], [36.202009349686925, -11.71646557254636], [36.17032418052531, -11.665698474232338], [36.171832998104435, -11.59031702522061], [36.12355083557245, -11.551857102255443], [35.957580901868745, -11.482629240918142], [35.942492726077504, -11.424170158011087], [35.82329613732666, -11.407247791906412], [35.7765227923738, -11.470322065569288], [35.71164363647144, -11.481090843999535], [35.70409954857582, -11.518012370046096], [35.639220392673465, -11.585701834464789], [35.57585005435023, -11.60416259748807], [35.39630076243441, -11.582625040627576], [35.34047451200679, -11.556472293011263], [34.95723484690915, -11.571856262197329], [34.92554967774754, -11.414939776499446], [34.88330278553205, -11.354942296673785], [34.80484427141757, -11.321097564464438], [34.79126491320545, -11.284176038417877], [34.68564768266673, -11.141105124987455], [34.62831261466, -11.102645202022288], [34.63434788497649, -11.051878103708265], [34.60417153339401, -10.988803830045391], [34.63585670255562, -10.947267113243011], [34.65245369592599, -10.758044292254388], [34.59360981034013, -10.581128646614617], [34.548345282966395, -10.522669563707563]]]}}, {"type": "Feature", "properties": {"GID_1": "TZA.23_1", "NAME_1": "Shinyanga", "risk_level_int": 3, "sampled_mm": 12.2, "date": "2026-03-04"}, "geometry": {"type": "Polygon", "coordinates": [[[31.683100700208833, -4.055248917885008], [31.711768234212197, -3.9798674688732794], [31.83247364054216, -3.9490995305011456], [31.8837734382324, -3.8229509831753967], [31.87622935033678, -3.786029457128836], [32.00146120940411, -3.746031137245062], [32.06634036530647, -3.7829526632916224], [32.18855458921556, -3.775260678698589], [32.220239758377176, -3.732185564977602], [32.36659506355226, -3.8152589985823635], [32.36961269871051, -3.721416786547355], [32.39828023271388, -3.718339992710142], [32.41035077334688, -3.647573734454234], [32.39526259755563, -3.5968066361402116], [32.316804083441156, -3.627574574512346], [32.30322472522903, -3.567577094686685], [32.330383441653275, -3.5198867902098776], [32.3077511779664, -3.412199005907409], [32.30473354280815, -3.3322023661398603], [32.34848925260277, -3.3291255723026474], [32.360559793235765, -3.2829736647444463], [32.43901830735024, -3.2214377880001788], [32.528038544518594, -3.207592215732717], [32.544635537888965, -3.3014344277677257], [32.5038974632526, -3.3891230521283084], [32.669867396956306, -3.453735722709789], [32.69853493095967, -3.393738242884128], [32.68495557274755, -3.3260487784654327], [32.73927300559603, -3.3122032061979727], [32.77548462749502, -3.2522057263723116], [32.847907871293, -3.236821757186245], [33.016895440154954, -3.3921998459655214], [33.06215996752869, -3.3952766398027343], [33.09988040700681, -3.4352749596865095], [33.217568178178524, -3.3921998459655214], [33.28848260439737, -3.3998918305585555], [33.34430885482499, -3.313741603116579], [33.42427618651859, -3.3045112216049404], [33.5600697686398, -3.2906656493374786], [33.61287838390916, -3.3722006860236338], [33.71547797928963, -3.475273279570283], [33.7260397023435, -3.535270759395944], [33.766777776979865, -3.5660386977680787], [33.812042304353604, -3.524501980965697], [33.905588994259325, -3.5014260271865965], [33.964432879845184, -3.5414243470703717], [34.06250602248828, -3.6460353375356274], [34.0941911916499, -3.718339992710142], [34.08362946859603, -3.746031137245062], [34.19980842218862, -3.893717241431305], [34.23451122650849, -3.972175484280246], [34.21037014524249, -3.9952514380593467], [34.20282605734687, -4.075248077826895], [34.1741585233435, -4.079863268582715], [34.092682374070776, -4.0260193764314804], [34.044400211538786, -4.041403345617548], [33.98706514353206, -4.0229425825942675], [33.934256528262694, -3.969098690443033], [33.83920102077785, -3.958329912012786], [33.756216053925996, -3.929100370559259], [33.679266357390645, -3.939869148989506], [33.65361645854552, -3.8952556383499113], [33.600807843276165, -3.8783332722452375], [33.51933169400344, -3.907562813698765], [33.413714463464714, -3.8891020506754845], [33.26886797586876, -3.918331592129012], [33.219076995757646, -3.9567915150941797], [33.06970405542431, -3.964483499687213], [33.0138778049967, -3.909101210617372], [32.85846959434687, -3.918331592129012], [32.81320506697314, -3.9521763243383594], [32.70457020127617, -3.947561133582539], [32.69249966064317, -4.089093650094355], [32.66232330906068, -4.169090289861903], [32.73022010012129, -4.189089449803791], [32.72267601222566, -4.249086929629452], [32.591408882841826, -4.287546852594619], [32.58084715978795, -4.202935022071251], [32.52200327420209, -4.17985906829215], [32.48579165230311, -4.2306261666061715], [32.407333138188626, -4.213703800501498], [32.419403678821624, -4.286008455676012], [32.40280668545125, -4.326006775559787], [32.346980435023646, -4.2798548680015855], [32.11160489268021, -4.249086929629452], [32.040690466461356, -4.213703800501498], [31.93959968866001, -4.126015176140916], [31.886791073390647, -4.104477619280423], [31.7857002955893, -4.090632047012962], [31.683100700208833, -4.055248917885008]]]}}, {"type": "Feature", "properties": {"GID_1": "TZA.24_1", "NAME_1": "Simiyu", "risk_level_int": 3, "sampled_mm": 24.2, "date": "2026-03-04"}, "geometry": {"type": "Polygon", "coordinates": [[[34.20282605734687, -4.075248077826895], [34.21037014524249, -3.9952514380593467], [34.23451122650849, -3.972175484280246], [34.19980842218862, -3.893717241431305], [34.08362946859603, -3.746031137245062], [34.0941911916499, -3.718339992710142], [34.06250602248828, -3.6460353375356274], [33.964432879845184, -3.5414243470703717], [33.905588994259325, -3.5014260271865965], [33.812042304353604, -3.524501980965697], [33.766777776979865, -3.5660386977680787], [33.7260397023435, -3.535270759395944], [33.71547797928963, -3.475273279570283], [33.61287838390916, -3.3722006860236338], [33.5600697686398, -3.2906656493374786], [33.42427618651859, -3.3045112216049404], [33.43634672715159, -3.2168225972443576], [33.4801024369462, -3.176824277360584], [33.495190612737446, -3.024522982418521], [33.52385814674081, -2.975294281023107], [33.50122588305394, -2.8922208474183453], [33.55101686316505, -2.835300161429897], [33.63852828275428, -2.813762604569403], [33.661160546441145, -2.83837695526711], [33.7260397023435, -2.8153010014880095], [33.78941004066674, -2.8153010014880095], [33.77432186487549, -2.7168435986971815], [33.630984194858655, -2.6430005466040605], [33.63249301243778, -2.556850319162084], [33.50424351821219, -2.486084060906178], [33.33525594935024, -2.3676274981734604], [33.32771186145462, -2.31686039985944], [33.430311456835085, -2.313783606022227], [33.695863350761016, -2.204557424801152], [33.90106254152195, -2.1814814710220514], [33.99008277869031, -2.1845582648592643], [34.119841090495015, -2.270708492301239], [34.16359680028963, -2.256862920033779], [34.228475956191986, -2.3091684152664076], [34.26921403082835, -2.3045532245105864], [34.32654909883509, -2.3676274981734604], [34.40198997779131, -2.4076258180572356], [34.489501397380536, -2.4922376485806037], [34.656980148663365, -2.49377604549921], [34.990428833649894, -2.4876224578247843], [35.07794025323912, -2.499929633173638], [35.21826028809771, -2.499929633173638], [35.206189747464705, -2.6183861959063535], [35.13980177398323, -2.9029896258485923], [34.98741119849164, -2.9906782502091733], [34.88179396795293, -2.9060664196858053], [34.88933805584855, -3.2737432832328057], [34.89084687342768, -3.7368007557334213], [34.75052683856909, -3.8075670139893294], [34.60115389823576, -3.9244851798034386], [34.56795991149502, -3.912178004454585], [34.43518396453205, -3.953714721256966], [34.38690180200007, -3.9983282318965605], [34.39142825473744, -4.039864948698941], [34.320513828518585, -4.082940062419929], [34.20282605734687, -4.075248077826895]]]}}, {"type": "Feature", "properties": {"GID_1": "TZA.25_1", "NAME_1": "Singida", "risk_level_int": 2, "sampled_mm": 7.8, "date": "2026-03-04"}, "geometry": {"type": "Polygon", "coordinates": [[[34.195281969451244, -7.373571071319653], [34.01875031269367, -7.416646185040641], [34.015732677535425, -7.476643664866302], [33.984047508373806, -7.530487557017537], [33.80148058129973, -7.525872366261717], [33.8180775746701, -7.456644504924415], [33.78639240550849, -7.299728019226532], [33.80751585161623, -7.139734739691436], [33.695863350761016, -7.082814053702988], [33.68228399254889, -7.0535845122494605], [33.57515794443105, -6.995125429342406], [33.549508045585924, -6.956665506377239], [33.48764652484182, -6.945896727946992], [33.525366964319936, -6.865900088179443], [33.522349329161685, -6.69052283945828], [33.549508045585924, -6.607449405853519], [33.59024612022229, -6.559759101376711], [33.677757539811516, -6.51360719381851], [33.70038980349838, -6.467455286260309], [33.78186595277111, -6.418226584864895], [33.799971763720606, -6.3813050588183335], [33.875412642676835, -6.3505371204462], [33.9040801766802, -6.304385212887999], [33.93123889310445, -6.172083077887823], [33.97650342047818, -6.081317659690028], [34.03082085332667, -5.910555601724685], [34.09720882680815, -5.882864457189764], [34.10927936744115, -5.81517499277107], [34.06401484006741, -5.764407894457048], [34.01875031269367, -5.682872857770893], [34.07155892796303, -5.650566522480153], [34.12134990807414, -5.579800264224245], [34.17264970576438, -5.452113319979889], [34.242055314404105, -5.398269427828654], [34.17264970576438, -5.299812025037826], [34.1862290639765, -5.235199354456345], [34.11380582017852, -5.193662637653964], [34.0021533193233, -5.205969813002818], [33.92520362278795, -5.1490491270143695], [33.9282212579462, -4.982902259804846], [33.9161507173132, -4.847523330967457], [33.93878298100007, -4.750604325095235], [33.9161507173132, -4.5998414270717785], [33.94180061615832, -4.513691199629804], [33.97952105563643, -4.450616925966929], [34.05496193459266, -4.393696239978481], [34.07759419827953, -4.34292914166446], [34.104752914703774, -4.149091129920016], [34.1741585233435, -4.079863268582715], [34.20282605734687, -4.075248077826895], [34.320513828518585, -4.082940062419929], [34.39142825473744, -4.039864948698941], [34.38690180200007, -3.9983282318965605], [34.43518396453205, -3.953714721256966], [34.56795991149502, -3.912178004454585], [34.60115389823576, -3.9244851798034386], [34.75052683856909, -3.8075670139893294], [34.75505329130646, -3.9167931952104054], [34.81087954173407, -3.9460227366639327], [34.8923556910068, -3.909101210617372], [34.93762021838054, -3.9952514380593467], [34.990428833649894, -3.9906362473035264], [34.966287752383906, -4.092170443931568], [34.97081420512127, -4.207550212827071], [34.91197031953541, -4.272162883408552], [34.86670579216168, -4.361389904687741], [34.87575869763643, -4.4136953999203685], [34.966287752383906, -4.455232116722749], [35.03267572586538, -4.532151962653084], [35.07341380050175, -4.618302190095059], [35.129240050929354, -4.630609365443912], [35.15338113219535, -4.753681118932448], [35.284648261579186, -4.805986614165076], [35.34047451200679, -4.878291269339591], [35.281630626420935, -4.979825465967632], [35.16997812556572, -5.038284548874687], [35.117169510296364, -5.107512410211989], [35.07492261808087, -5.127511570153875], [35.09302842903037, -5.178278668467897], [35.09302842903037, -5.279812865095939], [35.12471359819198, -5.375193474049554], [35.20468092988558, -5.518264387479976], [35.24994545725932, -5.579800264224245], [35.349527417481546, -5.667488888584827], [35.33594805926943, -5.716717589980241], [35.29219234947481, -5.741331940677948], [35.21222501778121, -5.962861096957313], [35.207698565043835, -6.104393613469129], [35.16696049040747, -6.189005443992497], [35.20015447714821, -6.256694908411191], [35.24391018694283, -6.435148950969568], [35.20166329472734, -6.464378492423095], [35.22882201115158, -6.5182223845743295], [35.18506630135697, -6.665908488760572], [35.20166329472734, -6.724367571667627], [35.09604606418861, -6.745905128528121], [35.07341380050175, -6.768981082307222], [35.08397552355562, -6.925897568005104], [34.92554967774754, -6.888976041958544], [34.782212007730706, -6.978203063237732], [34.67508595961286, -7.056661306086673], [34.59360981034013, -7.185886647249636], [34.50609839075091, -7.235115348645051], [34.43518396453205, -7.316650385331205], [34.31146092304384, -7.336649545273093], [34.245072949562356, -7.32895756068006], [34.195281969451244, -7.373571071319653]]]}}, {"type": "Feature", "properties": {"GID_1": "TZA.31_1", "NAME_1": "Songwe", "risk_level_int": 1, "sampled_mm": 4.6, "date": "2026-03-04"}, "geometry": {"type": "Polygon", "coordinates": [[[32.12065779815496, -9.059654094112593], [32.10707843994284, -8.990426232775292], [32.13423715636708, -8.931967149868237], [32.06634036530647, -8.87504646387979], [32.021075837932734, -8.808895396379702], [32.116131345417585, -8.70736119975166], [32.21420448806068, -8.710437993588872], [32.254942562697046, -8.658132498356245], [32.254942562697046, -8.61351898771665], [32.29115418459603, -8.57198227091427], [32.298698272491656, -8.476601661960656], [32.267013103330044, -8.391989831437286], [32.3077511779664, -8.315069985506952], [32.38620969208088, -8.313531588588345], [32.43298303703374, -8.242765330332437], [32.48579165230311, -8.233534948820797], [32.5038974632526, -8.175075865913742], [32.48579165230311, -8.112001592250868], [32.327365806495024, -7.981237854169299], [32.13121952120883, -7.867396482192403], [31.98637303361287, -7.773554270157394], [32.02711110824923, -7.6520209135874655], [32.09048144657247, -7.521257175505896], [32.13121952120883, -7.539717938529177], [32.191572224373814, -7.5181803816686825], [32.268521920909166, -7.364340689808013], [32.279083643963034, -7.2720368746916115], [32.3258569889159, -7.232038554807837], [32.46466820619536, -7.145888327365863], [32.58235597736707, -7.0920444352146275], [32.58688243010445, -7.001279017016833], [32.74681709349166, -6.999740620098226], [32.74681709349166, -6.978203063237732], [32.79057280328627, -6.945896727946992], [32.896190033824986, -6.927435964923712], [32.896190033824986, -7.452029314168595], [32.91882229751186, -7.550486716959424], [33.01538662257583, -7.530487557017537], [33.0319836159462, -7.592023433761804], [33.033492433525325, -7.750478316378294], [32.99275435888896, -7.756631904052721], [32.93240165572398, -7.87355006986683], [33.08780986637381, -7.8704732760296165], [33.019913075313205, -7.985853044925118], [33.030474798367074, -8.0273897617275], [32.99275435888896, -8.108924798413655], [32.97012209520209, -8.270456474867357], [32.99878962920546, -8.291994031727851], [33.04858060931657, -8.253534108762684], [33.152689022276164, -8.273533268704572], [33.16325074533004, -8.316608382425558], [33.09988040700681, -8.379682656088434], [33.065177602686944, -8.38583624376286], [33.04858060931657, -8.458140898937375], [33.12703912343105, -8.495062424983935], [33.13156557616842, -8.578135858588697], [33.2100240902829, -8.664286086030671], [33.22662108365327, -8.72582196277494], [33.14363611680142, -8.690438833646986], [33.12703912343105, -8.647363719925998], [33.06819523784519, -8.615057384635257], [33.01086016983845, -8.71197639050748], [33.033492433525325, -8.741205931961007], [33.16777719806741, -8.838124937833229], [33.22812990123239, -8.967350278996191], [33.21455054302027, -9.045808521845133], [33.23567398912802, -9.090422032484728], [33.21153290786202, -9.133497146205714], [33.25377980007751, -9.190417832194163], [33.16626838048829, -9.207340198298837], [33.1179862179563, -9.270414471961711], [33.14816256953879, -9.299644013415238], [33.2100240902829, -9.299644013415238], [33.28395615166001, -9.236569739752364], [33.324694226296366, -9.242723327426791], [33.41974973378122, -9.335027142543192], [33.45445253810108, -9.244261724345396], [33.511787606107816, -9.3134895856827], [33.61136956633003, -9.402716606961887], [33.62494892454215, -9.4519453083573], [33.66870463433677, -9.458098896031728], [33.68077517496977, -9.508865994345749], [33.67172226949502, -9.608861794055183], [33.582702032326665, -9.57809385568305], [33.53140223463643, -9.622707366322643], [33.44087317988896, -9.611938587892398], [33.39560865251522, -9.54117232963649], [33.321676591138115, -9.484251643648042], [33.2100240902829, -9.508865994345749], [33.14816256953879, -9.49040523132247], [33.02293071047146, -9.399639813124674], [32.956542736989974, -9.399639813124674], [32.86752249982162, -9.37810225626418], [32.76492290444115, -9.319643173357125], [32.7558699989664, -9.282721647310565], [32.64723513326943, -9.271952868880318], [32.577829524629706, -9.239646533589577], [32.54614435546809, -9.255030502775643], [32.43750948977112, -9.118113177019648], [32.254942562697046, -9.130420352368501], [32.16139587279132, -9.058115697193987], [32.12065779815496, -9.059654094112593]]]}}, {"type": "Feature", "properties": {"GID_1": "TZA.26_1", "NAME_1": "Tabora", "risk_level_int": 2, "sampled_mm": 6.0, "date": "2026-03-04"}, "geometry": {"type": "Polygon", "coordinates": [[[31.182173263939475, -5.281351262014545], [31.23498187920883, -5.227507369863311], [31.21084079794284, -5.112127600967809], [31.24705241984183, -5.058283708816575], [31.245543602262707, -4.936750352246645], [31.31344039332331, -4.898290429281478], [31.397934177754287, -4.80906340800229], [31.39189890743779, -4.735220355909168], [31.467339786394017, -4.684453257595147], [31.492989685239134, -4.6244557777694855], [31.458286880919268, -4.45984730747857], [31.458286880919268, -4.45984730747857], [31.46130451607752, -4.461385704397176], [31.506569043451258, -4.4136953999203685], [31.592571645461355, -4.432156162943649], [31.654433166205465, -4.382927461548235], [31.658959618942838, -4.302930821780686], [31.683100700208833, -4.224472578931745], [31.66952134199671, -4.155244717594443], [31.634818537676843, -4.136783954571163], [31.683100700208833, -4.055248917885008], [31.7857002955893, -4.090632047012962], [31.886791073390647, -4.104477619280423], [31.93959968866001, -4.126015176140916], [32.040690466461356, -4.213703800501498], [32.11160489268021, -4.249086929629452], [32.346980435023646, -4.2798548680015855], [32.40280668545125, -4.326006775559787], [32.419403678821624, -4.286008455676012], [32.407333138188626, -4.213703800501498], [32.48579165230311, -4.2306261666061715], [32.52200327420209, -4.17985906829215], [32.58084715978795, -4.202935022071251], [32.591408882841826, -4.287546852594619], [32.72267601222566, -4.249086929629452], [32.73022010012129, -4.189089449803791], [32.66232330906068, -4.169090289861903], [32.69249966064317, -4.089093650094355], [32.70457020127617, -3.947561133582539], [32.81320506697314, -3.9521763243383594], [32.85846959434687, -3.918331592129012], [33.0138778049967, -3.909101210617372], [33.06970405542431, -3.964483499687213], [33.219076995757646, -3.9567915150941797], [33.26886797586876, -3.918331592129012], [33.413714463464714, -3.8891020506754845], [33.51933169400344, -3.907562813698765], [33.600807843276165, -3.8783332722452375], [33.65361645854552, -3.8952556383499113], [33.679266357390645, -3.939869148989506], [33.756216053925996, -3.929100370559259], [33.83920102077785, -3.958329912012786], [33.934256528262694, -3.969098690443033], [33.98706514353206, -4.0229425825942675], [34.044400211538786, -4.041403345617548], [34.092682374070776, -4.0260193764314804], [34.1741585233435, -4.079863268582715], [34.104752914703774, -4.149091129920016], [34.07759419827953, -4.34292914166446], [34.05496193459266, -4.393696239978481], [33.97952105563643, -4.450616925966929], [33.94180061615832, -4.513691199629804], [33.9161507173132, -4.5998414270717785], [33.93878298100007, -4.750604325095235], [33.9161507173132, -4.847523330967457], [33.9282212579462, -4.982902259804846], [33.92520362278795, -5.1490491270143695], [34.0021533193233, -5.205969813002818], [34.11380582017852, -5.193662637653964], [34.1862290639765, -5.235199354456345], [34.17264970576438, -5.299812025037826], [34.242055314404105, -5.398269427828654], [34.17264970576438, -5.452113319979889], [34.12134990807414, -5.579800264224245], [34.07155892796303, -5.650566522480153], [34.01875031269367, -5.682872857770893], [34.06401484006741, -5.764407894457048], [34.10927936744115, -5.81517499277107], [34.09720882680815, -5.882864457189764], [34.03082085332667, -5.910555601724685], [33.97650342047818, -6.081317659690028], [33.93123889310445, -6.172083077887823], [33.9040801766802, -6.304385212887999], [33.875412642676835, -6.3505371204462], [33.799971763720606, -6.3813050588183335], [33.78186595277111, -6.418226584864895], [33.70038980349838, -6.467455286260309], [33.677757539811516, -6.51360719381851], [33.59024612022229, -6.559759101376711], [33.549508045585924, -6.607449405853519], [33.522349329161685, -6.69052283945828], [33.525366964319936, -6.865900088179443], [33.48764652484182, -6.945896727946992], [33.36844993609098, -6.961280697133058], [33.31564132082162, -6.944358331028385], [33.18437419143778, -6.950511918702812], [33.077248143319935, -6.8705152789352635], [32.99577199404721, -6.8674384850980505], [32.896190033824986, -6.927435964923712], [32.79057280328627, -6.945896727946992], [32.74681709349166, -6.978203063237732], [32.74681709349166, -6.759750700795581], [32.75888763412465, -6.618218184283765], [32.75436118138728, -6.408996203353254], [32.68948202548492, -6.384381852655547], [32.635164592636436, -6.328999563585707], [32.452597665562365, -6.3074620067252125], [32.34848925260277, -6.232080557713484], [32.29266300217516, -6.241310939225125], [32.203642765006805, -6.181313459399464], [32.15536060247482, -6.05670330899232], [32.08595499383509, -5.924401173992145], [32.08897262899334, -5.87055728184091], [32.02861992582836, -5.793637435910576], [32.02560229067011, -5.764407894457048], [31.91998506013139, -5.752100719108195], [31.826438370225667, -5.715179193061634], [31.698188876000074, -5.790560642073363], [31.66197725410109, -5.82902056503853], [31.53071012471725, -5.812098198933856], [31.41905762386203, -5.82902056503853], [31.373793096488292, -5.793637435910576], [31.31042275816506, -5.784407054398935], [31.27722877142432, -5.805944611259429], [31.245543602262707, -5.750562322189588], [31.170102723306478, -5.764407894457048], [31.106732384983246, -5.618260187189412], [31.038835593922638, -5.555185913526538], [31.103714749824995, -5.467497289165956], [31.185190899097723, -5.435190953875215], [31.182173263939475, -5.281351262014545]]]}}, {"type": "Feature", "properties": {"GID_1": "TZA.27_1", "NAME_1": "Tanga", "risk_level_int": 4, "sampled_mm": 32.8, "date": "2026-03-04"}, "geometry": {"type": "Polygon", "coordinates": [[[37.79984716597985, -5.893633235620011], [37.716862199128, -5.872095678759517], [37.64142132017177, -5.950553921608459], [37.60973615101015, -5.858250106492057], [37.553909900582546, -5.822866977364103], [37.442257399727325, -5.804406214340823], [37.395484054774464, -5.86594209108509], [37.395484054774464, -5.9305547616665715], [37.36229006803372, -5.978245066143379], [37.1767055058014, -6.002859416841086], [37.12389689053204, -5.961322700038705], [37.07410591042093, -5.86132690032927], [37.02431493030982, -5.896710029457224], [37.02129729515157, -5.8813260602711575], [37.1027734444243, -5.770561482131475], [37.14803797179803, -5.742870337596554], [37.20235540464652, -5.750562322189588], [37.184249593697025, -5.685949651608107], [37.243093479282884, -5.627490568701052], [37.23856702654551, -5.573646676549818], [37.33060489887211, -5.452113319979889], [37.38793996687885, -5.264428895909872], [37.35927243287547, -5.218276988351671], [37.490539562259315, -5.061360502653788], [37.58559506974416, -5.007516610502553], [37.686685847545505, -5.041361342711901], [37.766653179239114, -5.0121318012583735], [37.82549706482497, -5.022900579688621], [37.84963814609096, -4.98136386288624], [37.94469365357581, -4.9629030998629595], [38.00051990400342, -4.992132641316487], [37.99448463368692, -4.710606005211461], [37.99901108642429, -4.613686999339239], [38.10915476970039, -4.598303030153172], [38.12122531033339, -4.533690359571691], [38.27512470340409, -4.313699600210933], [38.4048830152088, -4.110631206954849], [38.44562108984517, -4.138322351489769], [38.760963963882205, -4.359851507769134], [38.96465433706402, -4.498307230443737], [39.19852106182833, -4.665992494571866], [39.21662687277782, -4.758296309688268], [39.21210042004045, -4.869060887827951], [39.178906433299716, -4.935211955328039], [39.13967717624247, -4.947519130676892], [39.129115453188604, -5.029054167363047], [39.141185993821594, -5.118281188642236], [39.10799200708085, -5.179817065386503], [38.9691807898014, -5.552109119689324], [38.89373991084517, -5.669027285503433], [38.89524872842429, -5.713640796143028], [38.83942247799668, -5.804406214340823], [38.80170203851857, -5.962861096957313], [38.70513771345459, -5.947477127771245], [38.59650284775763, -5.982860256899199], [38.563308861016885, -6.018243386027153], [38.471270988690286, -6.01978178294576], [38.34151267688557, -5.989013844573626], [38.299265784670084, -5.929016364747965], [38.24645716940073, -5.9305547616665715], [38.20119264202699, -5.876710869515337], [38.14234875644113, -5.85671170957345], [38.05785497201015, -5.86594209108509], [37.92658784262632, -5.844404534224597], [37.86623513946133, -5.893633235620011], [37.79984716597985, -5.893633235620011]]]}}, {"type": "Feature", "properties": {"GID_1": "UGA.1_1", "NAME_1": "Adjumani", "risk_level_int": 4, "sampled_mm": 28.7, "date": "2026-03-04"}, "geometry": {"type": "Polygon", "coordinates": [[[31.99995239182499, 3.5798149891600293], [32.0618139125691, 3.582891782997242], [32.051252189515225, 3.4505896479970666], [32.01956702035361, 3.413668121950506], [32.04219928404048, 3.342901863694598], [32.00598766214149, 3.2890579715433645], [32.007496479720615, 3.2213685071246694], [31.9697760402425, 3.184446981078109], [31.889808708548898, 2.9783017939848104], [31.767594484639808, 2.973686603228991], [31.639344990414216, 2.9398418710196434], [31.591062827882233, 2.949072252531284], [31.539763030192, 2.881382788112589], [31.41754880628291, 2.95522584020571], [31.40246063049166, 2.987532175496451], [31.453760428181894, 3.036760876891865], [31.53825421261287, 3.153679042705974], [31.57144819935361, 3.2259836978804888], [31.61067745641085, 3.356747435962058], [31.654433166205465, 3.3952073589272267], [31.64990671346809, 3.4290520911365725], [31.7057329638957, 3.4998183493924806], [31.749488673690312, 3.4998183493924806], [31.80229728895967, 3.544431860032075], [31.913949789814893, 3.512125524741334], [31.99995239182499, 3.5798149891600293]]]}}, {"type": "Feature", "properties": {"GID_1": "UGA.2_1", "NAME_1": "Apac", "risk_level_int": 4, "sampled_mm": 39.0, "date": "2026-03-04"}, "geometry": {"type": "Polygon", "coordinates": [[[32.09500789930984, 1.6506652532272312], [32.10255198720546, 1.7352770837505993], [32.1659223255287, 1.779890594390194], [32.27606600880479, 1.8137353265995415], [32.34094516470714, 1.8583488372391361], [32.333401076811526, 1.9706518122974241], [32.35150688776102, 2.0783395965998928], [32.327365806495024, 2.110645931890634], [32.316804083441156, 2.1967961593326084], [32.2579601978553, 2.2567936391582695], [32.2338191165893, 2.326021500495571], [32.236836751747546, 2.479861192356241], [32.43750948977112, 2.476784398519028], [32.449580030404114, 2.558319435205183], [32.479756381986604, 2.6167785181122376], [32.541617902730714, 2.6229321057866635], [32.77699344507415, 2.5875489766587094], [32.82527560760613, 2.519859512240016], [32.86148722950512, 2.519859512240016], [32.92033111509098, 2.389095774158445], [32.90373412172061, 2.3414054696816375], [32.85545195918863, 2.3029455467164706], [32.817731519710506, 2.309099134390898], [32.82829324276438, 2.2214105100303154], [32.914295844774486, 2.1752586024721143], [32.924857567828354, 2.1444906640999815], [32.894681216245864, 2.0737244058440734], [32.88864594592937, 1.9583446369485706], [32.958051554569096, 1.9429606677625042], [32.9399457436196, 1.8168121204367544], [32.87506658771724, 1.812196929680935], [32.82074915486876, 1.8383496772972485], [32.63969104537381, 1.6829715885179724], [32.591408882841826, 1.6122053302620643], [32.45561530072061, 1.6860483823551853], [32.41487722608425, 1.692201970029613], [32.312277630703775, 1.6460500624714118], [32.206660400165056, 1.6783563977621512], [32.09500789930984, 1.6506652532272312]]]}}, {"type": "Feature", "properties": {"GID_1": "UGA.3_1", "NAME_1": "Arua", "risk_level_int": 3, "sampled_mm": 26.2, "date": "2026-03-04"}, "geometry": {"type": "Polygon", "coordinates": [[[30.79138951094621, 2.6475464564843705], [30.826092315266074, 2.7290814931705256], [30.884936200851932, 2.8136933236938937], [30.887953836010183, 2.878305994275376], [30.856268666848564, 2.9613794278801375], [30.768757247259337, 3.0459912584035056], [30.84118049105732, 3.2429060639851635], [30.889462653589305, 3.339825069857385], [30.937744816121292, 3.405976137357472], [30.936235998542166, 3.509048730904121], [30.869848025060687, 3.4828959832878077], [30.887953836010183, 3.558277432299535], [30.948306539175164, 3.6367356751484774], [30.97244762044116, 3.6967331549741385], [31.02978268844789, 3.6998099488113514], [31.099188297087622, 3.7382698717765184], [31.099188297087622, 3.5936605614274892], [31.087117756454624, 3.4536664418342795], [31.09466184435025, 3.42136010654354], [31.04939731697651, 3.3167491160782845], [31.13841755414486, 3.310595528403857], [31.200279074888968, 3.3413634667759915], [31.241017149525334, 3.293673162299184], [31.32701975153543, 3.269058811601477], [31.351160832801426, 3.222906904043276], [31.410004718387285, 3.1829085841595024], [31.47790150944789, 3.192138965671141], [31.53825421261287, 3.153679042705974], [31.453760428181894, 3.036760876891865], [31.40246063049166, 2.987532175496451], [31.41754880628291, 2.95522584020571], [31.378319549225665, 2.905997138810296], [31.360213738276173, 2.8383076743916007], [31.38586363712129, 2.7783101945659396], [31.334563839431055, 2.7644646222984797], [31.337581474589303, 2.699851951716999], [31.236490696787957, 2.639854471891338], [31.18820853425597, 2.5737034043912494], [31.12483819593274, 2.544473862937723], [31.06599431034688, 2.553704244449362], [30.984518161074156, 2.5983177550889565], [30.983009343495027, 2.659853631833224], [30.95735944464991, 2.713697523984459], [30.79138951094621, 2.6475464564843705]]]}}, {"type": "Feature", "properties": {"GID_1": "UGA.4_1", "NAME_1": "Bugiri", "risk_level_int": 5, "sampled_mm": 42.1, "date": "2026-03-04"}, "geometry": {"type": "Polygon", "coordinates": [[[33.692845715602765, 0.32149031555104557], [33.706425073814884, 0.4122557337488395], [33.66568699917852, 0.40917893991162657], [33.61287838390916, 0.4660996259000747], [33.617404836646536, 0.5307122964815552], [33.6641781815994, 0.5784026009583627], [33.68379281012801, 0.6660912253189455], [33.75772487150512, 0.7214735143887872], [33.79091885824586, 0.6876287821794396], [33.85278037898997, 0.6983975606096866], [33.89502727120546, 0.678398400667799], [33.922185987629696, 0.5922481732258245], [33.9780122380573, 0.579940997876971], [33.9040801766802, 0.4999443581094223], [33.93123889310445, 0.42610130601630125], [33.920677170050574, 0.38148779537670663], [33.878430277835086, 0.3414894754929314], [33.922185987629696, 0.23534008810906926], [33.91765953489232, 0.19226497438808288], [33.85730683172734, 0.1830345928764423], [33.78639240550849, 0.20303375281832992], [33.695863350761016, 0.17688100520201644], [33.74112787813475, 0.2461088665393163], [33.692845715602765, 0.32149031555104557]]]}}, {"type": "Feature", "properties": {"GID_1": "UGA.5_1", "NAME_1": "Bundibugyo", "risk_level_int": 3, "sampled_mm": 24.7, "date": "2026-03-04"}, "geometry": {"type": "Polygon", "coordinates": [[[29.94645166663645, 0.40610214607441364], [29.913257679895707, 0.43840848136515476], [29.99020737643106, 0.5353274872373763], [29.95399575453207, 0.6445536684584514], [29.975119200639813, 0.7491646589237071], [29.96003102484857, 0.7876245818888741], [29.98718974127281, 0.8476220617145351], [30.113930417919278, 0.8968507631099492], [30.14863322223914, 0.8891587785169168], [30.225582918774492, 0.9999233566565984], [30.227091736353618, 1.0814583933427535], [30.320638426259343, 1.156839842354481], [30.470011366592672, 1.2106837345057162], [30.494152447858667, 1.1060727440404605], [30.489625995121294, 1.0568440426450465], [30.53790815765328, 1.0045385474124178], [30.542434610390654, 0.9783857997961043], [30.480573089646548, 0.9230035107262644], [30.35986768331658, 0.8830051908424892], [30.30102379773072, 0.7814709942144482], [30.258776905515234, 0.7507030558423136], [30.165230215609512, 0.7368574835748536], [30.094315789390656, 0.6122473331677103], [30.07017470812466, 0.5337890903187699], [29.997751464326683, 0.47533000741171527], [29.981154470956312, 0.4276397029349077], [29.961539842427694, 0.40917893991162657], [29.958522207269446, 0.4076405429930201], [29.94645166663645, 0.40610214607441364]]]}}, {"type": "Feature", "properties": {"GID_1": "UGA.6_1", "NAME_1": "Bushenyi", "risk_level_int": 3, "sampled_mm": 18.9, "date": "2026-03-04"}, "geometry": {"type": "Polygon", "coordinates": [[[30.31309433836372, -0.7138508106712624], [30.199933019929375, -0.7600027182294635], [30.138071499185266, -0.7307731767759353], [30.052068897175168, -0.7769250843341364], [30.002277917064056, -0.7415419552061824], [29.957013389690317, -0.6646221092758484], [29.883081328313217, -0.6092398202060068], [29.925328220528705, -0.5584727218919863], [29.943434031478198, -0.4646305098569776], [29.889116598629712, -0.4492465406709094], [29.860449064626344, -0.3877106639266419], [29.70353203639739, -0.34771234404286844], [29.677882137552274, -0.34309715328704726], [29.706549671555642, -0.20464143061244577], [29.736726023138132, -0.20617982753105224], [29.88459014589234, -0.20617982753105224], [29.95399575453207, -0.18618066758916463], [30.00378673464318, -0.14618234770539118], [30.156177310134765, -0.06926250177505544], [30.215021195720624, -0.07541608944948308], [30.245197547303114, -0.12156799700768417], [30.285935621939476, -0.18464227067055816], [30.353832413000085, -0.1907958583449858], [30.40965866342769, -0.28002287962417327], [30.495661265437793, -0.2538701320078598], [30.50169653575429, -0.38463387008942895], [30.476046636909174, -0.45078493758951765], [30.43832619743106, -0.6292389801478944], [30.37646467668695, -0.7015436353224089], [30.31309433836372, -0.7138508106712624]]]}}, {"type": "Feature", "properties": {"GID_1": "UGA.7_1", "NAME_1": "Busia", "risk_level_int": 5, "sampled_mm": 41.9, "date": "2026-03-04"}, "geometry": {"type": "Polygon", "coordinates": [[[33.9780122380573, 0.579940997876971], [34.06703247522566, 0.5953249670630374], [34.13794690144451, 0.5860945855513968], [34.119841090495015, 0.4830219920047476], [34.0881559213334, 0.4568692443884341], [34.10777054986202, 0.3691806200278531], [34.00366213690242, 0.2368784850276775], [33.922185987629696, 0.23534008810906926], [33.878430277835086, 0.3414894754929314], [33.920677170050574, 0.38148779537670663], [33.93123889310445, 0.42610130601630125], [33.9040801766802, 0.4999443581094223], [33.9780122380573, 0.579940997876971]]]}}, {"type": "Feature", "properties": {"GID_1": "UGA.8_1", "NAME_1": "Gulu", "risk_level_int": 4, "sampled_mm": 33.4, "date": "2026-03-04"}, "geometry": {"type": "Polygon", "coordinates": [[[32.2579601978553, 2.2567936391582695], [32.190063406794685, 2.219872113111709], [32.1478165145792, 2.22448730386753], [32.052761007094354, 2.2860231806117977], [31.941108506239132, 2.3414054696816375], [31.926020330447887, 2.3629430265421316], [31.83247364054216, 2.372173408053772], [31.749488673690312, 2.304483943635077], [31.637836172835094, 2.2614088299140906], [31.55334238840412, 2.287561577530404], [31.470357421552265, 2.230640891541956], [31.36624900859267, 2.249101654565237], [31.336072657010178, 2.2506400514838436], [31.38888127227954, 2.312175928228111], [31.473375056710516, 2.375250201890985], [31.483936779764388, 2.4460164601468932], [31.462813333656644, 2.5598578321237895], [31.410004718387285, 2.6229321057866635], [31.452251610602772, 2.692159967123965], [31.437163434811524, 2.7598494315426603], [31.38586363712129, 2.7783101945659396], [31.360213738276173, 2.8383076743916007], [31.378319549225665, 2.905997138810296], [31.41754880628291, 2.95522584020571], [31.539763030192, 2.881382788112589], [31.591062827882233, 2.949072252531284], [31.639344990414216, 2.9398418710196434], [31.767594484639808, 2.973686603228991], [31.889808708548898, 2.9783017939848104], [31.9697760402425, 3.184446981078109], [32.007496479720615, 3.2213685071246694], [32.00598766214149, 3.2890579715433645], [32.04219928404048, 3.342901863694598], [32.01956702035361, 3.413668121950506], [32.051252189515225, 3.4505896479970666], [32.0618139125691, 3.582891782997242], [32.08897262899334, 3.5382782723576494], [32.20062512984856, 3.5075103339855147], [32.23080148143105, 3.438282472648213], [32.267013103330044, 3.4228985034621466], [32.313786448282904, 3.3244411006713186], [32.38168323934351, 3.293673162299184], [32.45712411829974, 3.233675682473523], [32.5099327335691, 3.1644478211362213], [32.469194658932736, 3.129064692008267], [32.54614435546809, 3.022915304624405], [32.680429120010174, 2.8121549267752872], [32.69249966064317, 2.7752334007287267], [32.7619052692829, 2.7229279054960998], [32.82527560760613, 2.653700044158798], [32.77699344507415, 2.5875489766587094], [32.541617902730714, 2.6229321057866635], [32.479756381986604, 2.6167785181122376], [32.449580030404114, 2.558319435205183], [32.43750948977112, 2.476784398519028], [32.236836751747546, 2.479861192356241], [32.2338191165893, 2.326021500495571], [32.2579601978553, 2.2567936391582695]]]}}, {"type": "Feature", "properties": {"GID_1": "UGA.9_1", "NAME_1": "Hoima", "risk_level_int": 4, "sampled_mm": 32.1, "date": "2026-03-04"}, "geometry": {"type": "Polygon", "coordinates": [[[31.319475663639807, 1.793736166657654], [31.367757826171797, 1.7737370067157663], [31.38888127227954, 1.706047542297073], [31.373793096488292, 1.607590139506243], [31.4356546172324, 1.6183589179364901], [31.48846323250176, 1.5875909795643572], [31.486954414922636, 1.519901515145662], [31.52467485440075, 1.4968255613665615], [31.572957016932737, 1.407598540087374], [31.582009922407487, 1.3599082356105665], [31.53071012471725, 1.364523426366386], [31.438672252390653, 1.2722196112499837], [31.292316947215568, 1.2106837345057162], [31.213858433101088, 1.216837322180142], [31.182173263939475, 1.1829925899707963], [31.129364648670112, 1.1952997653196498], [31.090135391612876, 1.153763048517268], [30.919639005171796, 1.121456713226527], [30.875883295377186, 1.1522246515986616], [30.753669071468096, 1.0737664087497194], [30.66766646945799, 1.1199183163079205], [30.72801917262298, 1.202991749912682], [30.765739612101093, 1.2860651835174437], [30.8215658625287, 1.3306786941570383], [30.847215761373818, 1.38606098322688], [30.918130187592674, 1.4506736538083604], [30.955850627070788, 1.5399006750875497], [31.010168059919273, 1.533747087413122], [31.076556033400752, 1.5891293764829637], [31.159541000252602, 1.5968213610759978], [31.298352217532063, 1.7106627330528923], [31.319475663639807, 1.793736166657654]]]}}, {"type": "Feature", "properties": {"GID_1": "UGA.10_1", "NAME_1": "Iganga", "risk_level_int": 5, "sampled_mm": 41.7, "date": "2026-03-04"}, "geometry": {"type": "Polygon", "coordinates": [[[33.61287838390916, 0.4660996259000747], [33.54196395769031, 0.4907139765977817], [33.52385814674081, 0.5522498533420492], [33.42578500409771, 0.5553266471792639], [33.37448520640748, 0.6060937454932844], [33.31262368566337, 0.6614760345631243], [33.2220946309159, 0.6860903852608331], [33.219076995757646, 0.7322422928190324], [33.27037679344788, 0.7953165664819082], [33.33374713177111, 1.079919996424147], [33.416732098622965, 1.0014617535752048], [33.39560865251522, 0.9122347322960174], [33.433329091993336, 0.8830051908424892], [33.50122588305394, 0.8706980154936357], [33.55856095106068, 0.9183883199704432], [33.569122674114546, 0.981462593633319], [33.63551064759603, 1.0922271717730005], [33.69435453318189, 1.0429984703775865], [33.71849561444788, 0.9799241967147108], [33.75923368908424, 0.9491562583425779], [33.79091885824586, 0.9183883199704432], [33.78639240550849, 0.8276229017726493], [33.799971763720606, 0.7676254219469865], [33.85278037898997, 0.6983975606096866], [33.79091885824586, 0.6876287821794396], [33.75772487150512, 0.7214735143887872], [33.68379281012801, 0.6660912253189455], [33.6641781815994, 0.5784026009583627], [33.617404836646536, 0.5307122964815552], [33.61287838390916, 0.4660996259000747]]]}}, {"type": "Feature", "properties": {"GID_1": "UGA.11_1", "NAME_1": "Jinja", "risk_level_int": 4, "sampled_mm": 39.5, "date": "2026-03-04"}, "geometry": {"type": "Polygon", "coordinates": [[[33.19191827933341, 0.4322548936907271], [33.14967138711792, 0.4922523735163882], [33.08328341363644, 0.5491730595048363], [33.050089426895696, 0.6014785547374633], [33.047071791737444, 0.6614760345631243], [33.15721547501354, 0.6983975606096866], [33.2220946309159, 0.6860903852608331], [33.31262368566337, 0.6614760345631243], [33.37448520640748, 0.6060937454932844], [33.37146757124923, 0.5522498533420492], [33.28395615166001, 0.4537924505512212], [33.19191827933341, 0.4322548936907271]]]}}, {"type": "Feature", "properties": {"GID_1": "UGA.12_1", "NAME_1": "Kabale", "risk_level_int": 3, "sampled_mm": 15.7, "date": "2026-03-04"}, "geometry": {"type": "Polygon", "coordinates": [[[29.819710989989982, -1.31074881509066], [29.751814198929377, -1.1922922523579444], [29.736726023138132, -1.0953732464857229], [29.751814198929377, -1.0753740865438353], [29.7653935571415, -0.9861470652646478], [29.86799315252197, -1.067682101950803], [29.90118713926271, -1.0399909574158812], [29.943434031478198, -1.0092230190437483], [30.024910180750926, -1.0292221789856342], [30.04603362685867, -1.0584517204391624], [30.11694805307752, -1.152293932474171], [30.302532615309847, -1.152293932474171], [30.29046207467685, -1.190753855439338], [30.210494742983247, -1.2769040828813125], [30.17579193866338, -1.2707504952068867], [30.14561558708089, -1.3507471349744353], [30.07017470812466, -1.3922838517768152], [29.97813683579806, -1.458434919276904], [29.913257679895707, -1.4815108730560045], [29.863466699784595, -1.3569007226488612], [29.819710989989982, -1.31074881509066]]]}}, {"type": "Feature", "properties": {"GID_1": "UGA.13_1", "NAME_1": "Kabarole", "risk_level_int": 3, "sampled_mm": 23.6, "date": "2026-03-04"}, "geometry": {"type": "Polygon", "coordinates": [[[29.981154470956312, 0.4276397029349077], [29.997751464326683, 0.47533000741171527], [30.07017470812466, 0.5337890903187699], [30.094315789390656, 0.6122473331677103], [30.165230215609512, 0.7368574835748536], [30.258776905515234, 0.7507030558423136], [30.30102379773072, 0.7814709942144482], [30.35986768331658, 0.8830051908424892], [30.480573089646548, 0.9230035107262644], [30.542434610390654, 0.9783857997961043], [30.56054042134015, 0.9445410675867567], [30.50169653575429, 0.8968507631099492], [30.492643630279545, 0.8399300771215028], [30.396079305215572, 0.653784049970092], [30.463976096276177, 0.5753258071211498], [30.368920588791326, 0.4830219920047476], [30.358358865737458, 0.42302451217908654], [30.400605757952945, 0.37225741386506606], [30.397588122794694, 0.2907223771789109], [30.293479709835097, 0.26918482031841684], [30.281409169202103, 0.34302787241153965], [30.246706364882236, 0.3414894754929314], [30.17880957382163, 0.39225657380695367], [30.17579193866338, 0.4276397029349077], [30.110912782761027, 0.4830219920047476], [29.981154470956312, 0.4276397029349077]]]}}, {"type": "Feature", "properties": {"GID_1": "UGA.14_1", "NAME_1": "Kaberamaido", "risk_level_int": 4, "sampled_mm": 40.7, "date": "2026-03-04"}, "geometry": {"type": "Polygon", "coordinates": [[[33.01538662257583, 1.462980829157214], [32.973139730360344, 1.4799031952618886], [32.96257800730647, 1.6260509025295242], [32.99878962920546, 1.7152779238087135], [33.08328341363644, 1.7352770837505993], [33.11647740037718, 1.861425631076349], [33.14061848164317, 1.8598872341577426], [33.27037679344788, 1.9614214307857836], [33.28395615166001, 2.033726085960298], [33.3141325032425, 2.0568020397393987], [33.3639234833536, 2.030649292123085], [33.40617037556909, 1.9829589876462776], [33.43936436230983, 1.899885554041516], [33.41220564588559, 1.7198931145645329], [33.38957338219872, 1.6752796039249382], [33.15118020469704, 1.5891293764829637], [33.06215996752869, 1.5383622781689432], [33.01538662257583, 1.462980829157214]]]}}, {"type": "Feature", "properties": {"GID_1": "UGA.15_1", "NAME_1": "Kalangala", "risk_level_int": 4, "sampled_mm": 30.8, "date": "2026-03-04"}, "geometry": {"type": "Polygon", "coordinates": [[[32.267013103330044, -0.30617562724048675], [32.28813654943779, -0.356942725554509], [32.28964536701691, -0.46770730369419056], [32.17950168374082, -0.42309379305459593], [32.236836751747546, -0.37232669474057545], [32.22627502869368, -0.3292515810195873], [32.11914898057583, -0.3169444056707338], [32.069358000464725, -0.2200253997985122], [32.16441350794957, -0.26310051351950037], [32.1659223255287, -0.3123292149149144], [32.267013103330044, -0.30617562724048675]]]}}, {"type": "Feature", "properties": {"GID_1": "UGA.16_1", "NAME_1": "Kampala", "risk_level_int": 4, "sampled_mm": 35.3, "date": "2026-03-04"}, "geometry": {"type": "Polygon", "coordinates": [[[32.620076416845194, 0.22610970659743046], [32.57632070705058, 0.28149199566727034], [32.5099327335691, 0.31072153712079853], [32.57028543673408, 0.4030253522372007], [32.63365577505731, 0.37687260462088545], [32.663832126639804, 0.2999527586905515], [32.620076416845194, 0.22610970659743046]]]}}, {"type": "Feature", "properties": {"GID_1": "UGA.17_1", "NAME_1": "Kamuli", "risk_level_int": 4, "sampled_mm": 39.0, "date": "2026-03-04"}, "geometry": {"type": "Polygon", "coordinates": [[[33.047071791737444, 0.6614760345631243], [33.05612469721219, 0.6999359575282931], [33.02745716320882, 0.8322380925284687], [32.9459810139361, 0.9476178614239714], [32.92938402056573, 1.04146007345898], [32.95352510183172, 1.142994270087021], [32.911278209616235, 1.2645276266569496], [32.8418726009765, 1.3229867095640042], [32.819240337289635, 1.4783647983432822], [32.973139730360344, 1.4799031952618886], [33.01538662257583, 1.462980829157214], [33.063668785107815, 1.4399048753781134], [33.15118020469704, 1.3583698386919583], [33.246235712181885, 1.336832281831466], [33.31262368566337, 1.3783689986338459], [33.3759940239866, 1.3691386171222053], [33.3940998349361, 1.336832281831466], [33.403152740410846, 1.2983723588662972], [33.45445253810108, 1.2876035804360502], [33.51933169400344, 1.2076069406685033], [33.59024612022229, 1.1660702238661216], [33.63551064759603, 1.0922271717730005], [33.569122674114546, 0.981462593633319], [33.55856095106068, 0.9183883199704432], [33.50122588305394, 0.8706980154936357], [33.433329091993336, 0.8830051908424892], [33.39560865251522, 0.9122347322960174], [33.416732098622965, 1.0014617535752048], [33.33374713177111, 1.079919996424147], [33.27037679344788, 0.7953165664819082], [33.219076995757646, 0.7322422928190324], [33.2220946309159, 0.6860903852608331], [33.15721547501354, 0.6983975606096866], [33.047071791737444, 0.6614760345631243]]]}}, {"type": "Feature", "properties": {"GID_1": "UGA.18_1", "NAME_1": "Kamwenge", "risk_level_int": 3, "sampled_mm": 25.3, "date": "2026-03-04"}, "geometry": {"type": "Polygon", "coordinates": [[[30.245197547303114, -0.12156799700768417], [30.215021195720624, -0.07541608944948308], [30.255759270356982, 0.046117267120445504], [30.266320993410858, 0.18611138671365524], [30.293479709835097, 0.26918482031841684], [30.397588122794694, 0.2907223771789109], [30.400605757952945, 0.37225741386506606], [30.358358865737458, 0.42302451217908654], [30.368920588791326, 0.4830219920047476], [30.463976096276177, 0.5753258071211498], [30.506222988491665, 0.5445578687490169], [30.495661265437793, 0.5030211519466352], [30.5454522455489, 0.45994603822564706], [30.52734643459941, 0.4122557337488395], [30.565066874077523, 0.3707190169464596], [30.634472482717253, 0.37994939845810016], [30.690298733144864, 0.44763886287679355], [30.755177889047218, 0.4737916104931088], [30.854759849269442, 0.3876413830511325], [30.85023339653207, 0.33995107857432494], [30.767248429680215, 0.20611054665554285], [30.664648834299744, 0.21072573741136225], [30.608822583872133, 0.1707274175275888], [30.45190555564318, 0.0953459685158613], [30.45190555564318, 0.06457803014372665], [30.384008764582575, -3.464043775380787e-05], [30.408149845848566, -0.04464815107734843], [30.427764474377184, -0.17848868299613052], [30.39909694037382, -0.1754118891589176], [30.273865081306482, -0.11079921857743713], [30.245197547303114, -0.12156799700768417]]]}}, {"type": "Feature", "properties": {"GID_1": "UGA.19_1", "NAME_1": "Kanungu", "risk_level_int": 3, "sampled_mm": 14.3, "date": "2026-03-04"}, "geometry": {"type": "Polygon", "coordinates": [[[29.751814198929377, -1.0753740865438353], [29.658267509023652, -1.0522981327647347], [29.591879535542173, -1.0107614159623548], [29.5813178124883, -0.9169192039273462], [29.631108792599413, -0.8969200439854585], [29.625073522282914, -0.7907706566015964], [29.637144062915908, -0.6723140938688807], [29.659776326602778, -0.6230853924734667], [29.659776326602778, -0.41694020538017007], [29.68693504302702, -0.41694020538017007], [29.750305381350252, -0.48155287596165053], [29.72012902976776, -0.5107824174151787], [29.736726023138132, -0.6061630263687938], [29.803113996619615, -0.6846212692177343], [29.821219807569108, -0.7876938627643835], [29.88157251073409, -0.8861512655552115], [29.85592261188897, -0.9676863022413666], [29.90118713926271, -1.0399909574158812], [29.86799315252197, -1.067682101950803], [29.7653935571415, -0.9861470652646478], [29.751814198929377, -1.0753740865438353]]]}}, {"type": "Feature", "properties": {"GID_1": "UGA.20_1", "NAME_1": "Kapchorwa", "risk_level_int": 4, "sampled_mm": 40.3, "date": "2026-03-04"}, "geometry": {"type": "Polygon", "coordinates": [[[34.81993244720882, 1.2614508328197367], [34.795791365942826, 1.2229909098545697], [34.66905068929636, 1.2076069406685033], [34.581539269707136, 1.1506862546800551], [34.533257107175146, 1.1060727440404605], [34.52571301927953, 1.121456713226527], [34.5362747423334, 1.1829925899707963], [34.49704548527616, 1.2383748790406361], [34.39746352505394, 1.2983723588662972], [34.33861963946808, 1.3060643434593313], [34.30542565272734, 1.3414474725872854], [34.32504028125596, 1.3922145709013058], [34.38690180200007, 1.449135256889754], [34.442728052427675, 1.4691344168316416], [34.4442368700068, 1.5075943397968086], [34.39293707231656, 1.5660534227038632], [34.42462224147818, 1.558361438110829], [34.487992579801414, 1.6014365518318172], [34.62076852676437, 1.5752838042155037], [34.63133024981825, 1.547592659680582], [34.69922704087885, 1.5275934997386962], [34.718841669407475, 1.446058463052541], [34.78673846046808, 1.3660618232849924], [34.82898535268357, 1.3091411372965442], [34.81993244720882, 1.2614508328197367]]]}}, {"type": "Feature", "properties": {"GID_1": "UGA.21_1", "NAME_1": "Kasese", "risk_level_int": 3, "sampled_mm": 20.9, "date": "2026-03-04"}, "geometry": {"type": "Polygon", "coordinates": [[[29.94645166663645, 0.40610214607441364], [29.958522207269446, 0.4076405429930201], [29.961539842427694, 0.40917893991162657], [29.981154470956312, 0.4276397029349077], [30.110912782761027, 0.4830219920047476], [30.17579193866338, 0.4276397029349077], [30.17880957382163, 0.39225657380695367], [30.246706364882236, 0.3414894754929314], [30.281409169202103, 0.34302787241153965], [30.293479709835097, 0.26918482031841684], [30.266320993410858, 0.18611138671365524], [30.255759270356982, 0.046117267120445504], [30.215021195720624, -0.07541608944948308], [30.156177310134765, -0.06926250177505544], [30.00378673464318, -0.14618234770539118], [29.95399575453207, -0.18618066758916463], [29.88459014589234, -0.20617982753105224], [29.736726023138132, -0.20617982753105224], [29.708058489134764, -0.19233425526359227], [29.729181935242508, -0.09080005863554952], [29.71711139460951, 0.05380925171347961], [29.738234840717254, 0.12765230380660064], [29.82574626030648, 0.18457298979504877], [29.863466699784595, 0.35225825392317844], [29.89816950410446, 0.3953333676441666], [29.94645166663645, 0.40610214607441364]]]}}, {"type": "Feature", "properties": {"GID_1": "UGA.22_1", "NAME_1": "Katakwi", "risk_level_int": 4, "sampled_mm": 38.3, "date": "2026-03-04"}, "geometry": {"type": "Polygon", "coordinates": [[[33.81053348677448, 1.6814331915993659], [33.81355112193273, 1.7137395268901052], [33.768286594558994, 1.8106585327623286], [33.662669364020275, 1.8952703632856966], [33.644563553070775, 1.9398838739252913], [33.57666676201017, 1.9583446369485706], [33.53140223463643, 2.0214189106114446], [33.48312007210445, 2.0183421167742317], [33.445399632626334, 1.96295982770439], [33.43936436230983, 1.899885554041516], [33.40617037556909, 1.9829589876462776], [33.3639234833536, 2.030649292123085], [33.34732648998323, 2.064494024332433], [33.41522328104384, 2.146029061018588], [33.45445253810108, 2.1306450918325215], [33.48462888968357, 2.2367944792163836], [33.54498159284856, 2.2829463867745847], [33.54347277526943, 2.3321750881699987], [33.630984194858655, 2.3598662327049187], [33.67323108707414, 2.3690966142165593], [33.73207497266, 2.4198637125305797], [34.21037014524249, 2.121414710320881], [34.22394950345461, 1.8829631879368431], [34.22093186829636, 1.6429732686341971], [34.011206224798045, 1.6522036501458377], [33.952362339212186, 1.6383580778783777], [33.85730683172734, 1.6783563977621512], [33.81053348677448, 1.6814331915993659]]]}}, {"type": "Feature", "properties": {"GID_1": "UGA.23_1", "NAME_1": "Kayunga", "risk_level_int": 4, "sampled_mm": 39.6, "date": "2026-03-04"}, "geometry": {"type": "Polygon", "coordinates": [[[33.08328341363644, 0.5491730595048363], [33.03500125110445, 0.5107131365396693], [32.97766618309772, 0.5660954256095092], [32.91882229751186, 0.653784049970092], [32.876575405296364, 0.6753216068305861], [32.85545195918863, 0.7491646589237071], [32.79359043844452, 0.8583908401447822], [32.77548462749502, 0.9999233566565984], [32.78755516812802, 1.0783815995055406], [32.79962570876101, 1.1476094608428422], [32.79057280328627, 1.2599124359011302], [32.75285236380815, 1.3583698386919583], [32.69551729580142, 1.38606098322688], [32.69551729580142, 1.4537504476455734], [32.819240337289635, 1.4783647983432822], [32.8418726009765, 1.3229867095640042], [32.911278209616235, 1.2645276266569496], [32.95352510183172, 1.142994270087021], [32.92938402056573, 1.04146007345898], [32.9459810139361, 0.9476178614239714], [33.02745716320882, 0.8322380925284687], [33.05612469721219, 0.6999359575282931], [33.047071791737444, 0.6614760345631243], [33.050089426895696, 0.6014785547374633], [33.08328341363644, 0.5491730595048363]]]}}, {"type": "Feature", "properties": {"GID_1": "UGA.24_1", "NAME_1": "Kibale", "risk_level_int": 4, "sampled_mm": 30.9, "date": "2026-03-04"}, "geometry": {"type": "Polygon", "coordinates": [[[30.56054042134015, 0.9445410675867567], [30.542434610390654, 0.9783857997961043], [30.53790815765328, 1.0045385474124178], [30.546961063128027, 1.0353064857845524], [30.548469880707152, 1.0353064857845524], [30.62089312450513, 1.047613661133406], [30.66766646945799, 1.1199183163079205], [30.753669071468096, 1.0737664087497194], [30.875883295377186, 1.1522246515986616], [30.919639005171796, 1.121456713226527], [31.090135391612876, 1.153763048517268], [31.129364648670112, 1.1952997653196498], [31.182173263939475, 1.1829925899707963], [31.213858433101088, 1.216837322180142], [31.292316947215568, 1.2106837345057162], [31.382846001963042, 1.1599166361916957], [31.485445597343514, 1.0599208364822594], [31.509586678609505, 0.9906929751449578], [31.43263698207415, 0.9522330521797908], [31.44923397544452, 0.8676212216564227], [31.403969448070786, 0.8045469479935488], [31.40849590080816, 0.7476262620051006], [31.36926664375092, 0.7076279421213254], [31.289299312057317, 0.716858323632966], [31.215367250680213, 0.6353232869468108], [31.15199691235698, 0.6630144314817326], [31.103714749824995, 0.6384000807840255], [30.998097519286276, 0.6814751945050119], [30.928691910646545, 0.7245503082260001], [30.915112552434422, 0.7645486281097735], [30.844198126215566, 0.8183925202610087], [30.714439814410856, 0.8845435877610957], [30.62391075966338, 0.8983891600285574], [30.56054042134015, 0.9445410675867567]]]}}, {"type": "Feature", "properties": {"GID_1": "UGA.25_1", "NAME_1": "Kiboga", "risk_level_int": 4, "sampled_mm": 33.6, "date": "2026-03-04"}, "geometry": {"type": "Polygon", "coordinates": [[[31.44923397544452, 0.8676212216564227], [31.43263698207415, 0.9522330521797908], [31.509586678609505, 0.9906929751449578], [31.485445597343514, 1.0599208364822594], [31.382846001963042, 1.1599166361916957], [31.292316947215568, 1.2106837345057162], [31.438672252390653, 1.2722196112499837], [31.53071012471725, 1.364523426366386], [31.582009922407487, 1.3599082356105665], [31.75250630884856, 1.3276019003198254], [31.820403099909168, 1.361446632529173], [31.909423337077516, 1.2076069406685033], [31.90791451949839, 1.1137647286334946], [32.00146120940411, 1.022999310435699], [32.01202293245799, 0.9353106860751179], [32.06332273014822, 0.9060811446215897], [32.12518425089233, 0.9014659538657703], [32.174975231003444, 0.8660828247378163], [32.208169217744185, 0.8107005356679746], [32.18855458921556, 0.6968591636910784], [32.17044877826607, 0.6845519883422249], [32.099534352047215, 0.6845519883422249], [32.01504056761624, 0.6322464931095979], [31.93658205350176, 0.6414768746212385], [31.888299890969773, 0.713781529795753], [31.912440972235764, 0.73839588049346], [31.746471038532064, 0.8060853449121552], [31.704224146316577, 0.7968549634005146], [31.574465834511862, 0.8568524432261757], [31.44923397544452, 0.8676212216564227]]]}}, {"type": "Feature", "properties": {"GID_1": "UGA.26_1", "NAME_1": "Kisoro", "risk_level_int": 3, "sampled_mm": 13.3, "date": "2026-03-04"}, "geometry": {"type": "Polygon", "coordinates": [[[29.5933883531213, -1.3876686610209958], [29.60395007617517, -1.215368206137045], [29.5933883531213, -1.149217138636958], [29.591879535542173, -1.0107614159623548], [29.658267509023652, -1.0522981327647347], [29.751814198929377, -1.0753740865438353], [29.736726023138132, -1.0953732464857229], [29.751814198929377, -1.1922922523579444], [29.819710989989982, -1.31074881509066], [29.797078726303113, -1.3507471349744353], [29.711076124293015, -1.3461319442186142], [29.679390955131396, -1.3830534702651747], [29.60093244101692, -1.3876686610209958], [29.596405988279546, -1.3876686610209958], [29.5933883531213, -1.3876686610209958]]]}}, {"type": "Feature", "properties": {"GID_1": "UGA.27_1", "NAME_1": "Kitgum", "risk_level_int": 4, "sampled_mm": 32.4, "date": "2026-03-04"}, "geometry": {"type": "Polygon", "coordinates": [[[32.5099327335691, 3.1644478211362213], [32.45712411829974, 3.233675682473523], [32.38168323934351, 3.293673162299184], [32.313786448282904, 3.3244411006713186], [32.267013103330044, 3.4228985034621466], [32.23080148143105, 3.438282472648213], [32.20062512984856, 3.5075103339855147], [32.19760749469031, 3.6013525460205233], [32.41487722608425, 3.7459618563695525], [32.71965837706741, 3.7674994132300466], [32.90071648656236, 3.815189717706854], [33.02745716320882, 3.8936479605557963], [33.17833892112128, 3.7798065885789], [33.51480524126606, 3.755192237881193], [33.60231666085529, 3.5982757521833104], [33.63852828275428, 3.5659694168925693], [33.63701946517516, 3.4921263647994483], [33.720004432027004, 3.4198217096249337], [33.74112787813475, 3.378284992822552], [33.7260397023435, 3.296749956136397], [33.68681044528626, 3.24444446090377], [33.549508045585924, 3.2844427807875434], [33.401643922831724, 3.3059803376480374], [33.3020619626095, 3.236752476310736], [33.311114868084246, 3.2075229348572094], [33.24472689460276, 3.1752165995664683], [33.14061848164317, 3.1829085841595024], [33.06970405542431, 3.124449501252448], [33.02896598078795, 3.121372707415233], [32.98370145341421, 3.2029077441013882], [32.924857567828354, 3.212138125613029], [32.82980206034351, 3.1644478211362213], [32.70155256611792, 3.1906005687525347], [32.5959353355792, 3.1552174396245807], [32.5099327335691, 3.1644478211362213]]]}}, {"type": "Feature", "properties": {"GID_1": "UGA.28_1", "NAME_1": "Kotido", "risk_level_int": 4, "sampled_mm": 32.5, "date": "2026-03-04"}, "geometry": {"type": "Polygon", "coordinates": [[[33.64909000580815, 2.4567852385771403], [33.587228485064045, 2.518321115321408], [33.53291105221556, 2.6060097396819906], [33.53743750495293, 2.719851111658885], [33.60231666085529, 2.7890789729961867], [33.599299025697036, 2.8736908035195547], [33.57666676201017, 2.884459581949802], [33.549508045585924, 3.2844427807875434], [33.68681044528626, 3.24444446090377], [33.7260397023435, 3.296749956136397], [33.74112787813475, 3.378284992822552], [33.720004432027004, 3.4198217096249337], [33.63701946517516, 3.4921263647994483], [33.63852828275428, 3.5659694168925693], [33.60231666085529, 3.5982757521833104], [33.51480524126606, 3.755192237881193], [33.98706514353206, 4.2351720764864815], [34.0021533193233, 4.221326504219022], [34.04741784669704, 4.179789787416642], [34.04892666427616, 4.121330704509587], [34.091173556491654, 4.061333224683926], [34.059488387330035, 4.027488492474578], [34.134929266286264, 3.9613374249744897], [34.12738517839064, 3.8721104036953022], [34.214896597979866, 3.881340785206943], [34.245072949562356, 3.7844217793347195], [34.30844328788559, 3.712117124160205], [34.382375349262695, 3.727501093346273], [34.40500761294956, 3.6936563611369255], [34.46385149853542, 3.670580407357825], [34.45178095790242, 3.5167407154971553], [34.395954707474814, 3.4890495709622336], [34.41858697116168, 3.4336672818923937], [34.40048116021219, 3.370593008229518], [34.44725450516505, 3.282904383868937], [34.456307410639795, 3.1829085841595024], [34.54532764780815, 3.1367566766013013], [34.55890700602027, 3.110603928984986], [34.519677748963026, 3.0890663721244938], [34.39746352505394, 3.096758356717526], [34.347672544942824, 2.9936857631708786], [34.27977575388222, 2.909073932647509], [34.260161125353605, 2.730619890089132], [34.14850862449838, 2.762926225379873], [34.04741784669704, 2.7290814931705256], [33.98555632595293, 2.6721608071820775], [33.964432879845184, 2.6198553119494505], [34.032329670905796, 2.5213979091586225], [33.9101154469967, 2.4952451615423072], [33.77281304729637, 2.504475543053948], [33.70189862107751, 2.459862032414353], [33.64909000580815, 2.4567852385771403]]]}}, {"type": "Feature", "properties": {"GID_1": "UGA.29_1", "NAME_1": "Kumi", "risk_level_int": 4, "sampled_mm": 39.0, "date": "2026-03-04"}, "geometry": {"type": "Polygon", "coordinates": [[[34.16963207060613, 1.1629934300289086], [34.119841090495015, 1.1768390022963686], [33.86032446688559, 1.2722196112499837], [33.80600703403711, 1.3229867095640042], [33.750180783609494, 1.3199099157267913], [33.70038980349838, 1.3445242664244983], [33.67172226949502, 1.3168331218895784], [33.57968439716842, 1.3137563280523654], [33.55705213348155, 1.3429858695058918], [33.59326375538054, 1.3922145709013058], [33.67323108707414, 1.424520906192047], [33.69737216834014, 1.509132736715415], [33.71246034413138, 1.6183589179364901], [33.74263669571387, 1.6737412070063318], [33.81053348677448, 1.6814331915993659], [33.85730683172734, 1.6783563977621512], [33.952362339212186, 1.6383580778783777], [34.011206224798045, 1.6522036501458377], [34.22093186829636, 1.6429732686341971], [34.228475956191986, 1.5645150257852567], [34.225458321033734, 1.4783647983432822], [34.273740483565724, 1.3983681585757335], [34.243564131983234, 1.2937571681104778], [34.196790787030366, 1.2291444975289956], [34.16963207060613, 1.1629934300289086]]]}}, {"type": "Feature", "properties": {"GID_1": "UGA.30_1", "NAME_1": "Kyenjojo", "risk_level_int": 3, "sampled_mm": 27.1, "date": "2026-03-04"}, "geometry": {"type": "Polygon", "coordinates": [[[30.767248429680215, 0.20611054665554285], [30.85023339653207, 0.33995107857432494], [30.854759849269442, 0.3876413830511325], [30.755177889047218, 0.4737916104931088], [30.690298733144864, 0.44763886287679355], [30.634472482717253, 0.37994939845810016], [30.565066874077523, 0.3707190169464596], [30.52734643459941, 0.4122557337488395], [30.5454522455489, 0.45994603822564706], [30.495661265437793, 0.5030211519466352], [30.506222988491665, 0.5445578687490169], [30.463976096276177, 0.5753258071211498], [30.396079305215572, 0.653784049970092], [30.492643630279545, 0.8399300771215028], [30.50169653575429, 0.8968507631099492], [30.56054042134015, 0.9445410675867567], [30.62391075966338, 0.8983891600285574], [30.714439814410856, 0.8845435877610957], [30.844198126215566, 0.8183925202610087], [30.915112552434422, 0.7645486281097735], [30.928691910646545, 0.7245503082260001], [30.998097519286276, 0.6814751945050119], [31.103714749824995, 0.6384000807840255], [31.15199691235698, 0.6630144314817326], [31.215367250680213, 0.6353232869468108], [31.254596507737453, 0.6060937454932844], [31.237999514367083, 0.5230203118885228], [31.15199691235698, 0.5060979457838481], [31.11276765529974, 0.41379413066744775], [31.14143518930311, 0.34764306316735905], [31.106732384983246, 0.298414361771945], [31.02223860055227, 0.23072489735324986], [31.01922096539402, 0.1999569589811152], [31.01318569507752, 0.20149535589972345], [30.767248429680215, 0.20611054665554285]]]}}, {"type": "Feature", "properties": {"GID_1": "UGA.31_1", "NAME_1": "Lake Albert", "risk_level_int": 4, "sampled_mm": 30.9, "date": "2026-03-04"}, "geometry": {"type": "Polygon", "coordinates": [[[31.305896305427687, 2.156797839448835], [31.336072657010178, 2.2506400514838436], [31.36624900859267, 2.249101654565237], [31.364740191013546, 2.187565777820968], [31.410004718387285, 2.050648452064973], [31.413022353545532, 1.9121927293903695], [31.36624900859267, 1.8214273111925756], [31.319475663639807, 1.793736166657654], [31.298352217532063, 1.7106627330528923], [31.159541000252602, 1.5968213610759978], [31.076556033400752, 1.5891293764829637], [31.010168059919273, 1.533747087413122], [30.955850627070788, 1.5399006750875497], [30.918130187592674, 1.4506736538083604], [30.847215761373818, 1.38606098322688], [30.8215658625287, 1.3306786941570383], [30.765739612101093, 1.2860651835174437], [30.72801917262298, 1.202991749912682], [30.66766646945799, 1.1199183163079205], [30.62089312450513, 1.047613661133406], [30.548469880707152, 1.0353064857845524], [30.546961063128027, 1.0353064857845524], [30.53790815765328, 1.0045385474124178], [30.489625995121294, 1.0568440426450465], [30.494152447858667, 1.1060727440404605], [30.470011366592672, 1.2106837345057162], [30.519802346703784, 1.2660660235755579], [30.549978698286274, 1.2660660235755579], [30.632963665138128, 1.410675333924587], [30.700860456198733, 1.495287164447955], [31.03280032360614, 1.7568146406110934], [31.200279074888968, 1.9675750184602112], [31.305896305427687, 2.1167995195650597], [31.305896305427687, 2.156797839448835]]]}}, {"type": "Feature", "properties": {"GID_1": "UGA.32_1", "NAME_1": "Lake Victoria", "risk_level_int": 4, "sampled_mm": 34.5, "date": "2026-03-04"}, "geometry": {"type": "Polygon", "coordinates": [[[33.94934470405394, -0.023110594216854352], [33.98706514353206, -0.12772158468211003], [33.95537997437044, -0.33386677177540847], [33.9282212579462, -0.5369351650314922], [33.935765345841816, -0.8015394350318434], [33.94632706889569, -0.9923006529390737], [33.93123889310445, -0.9938390498576801], [33.6521076409664, -0.9969158436948948], [32.71664074190916, -0.9969158436948948], [31.7857002955893, -0.9969158436948948], [31.767594484639808, -0.9661479053227602], [31.773629754956303, -0.8799976778807856], [31.696680058420952, -0.8061546257876646], [31.74194458579469, -0.723081192182903], [31.78419147801018, -0.6676989031130613], [31.787209113168426, -0.5846254695082997], [31.84454418117516, -0.4907832574732911], [31.915458607394015, -0.433862571484843], [31.981846580875498, -0.3538659317172943], [32.01654938519536, -0.26002371968228566], [31.938090871080885, -0.19848784293801813], [31.945634958976505, -0.12618318776350357], [31.977320128138125, -0.09541524939136892], [32.037672831303105, -0.08772326479833659], [32.024093473090986, -0.0415713572401355], [32.09500789930984, -0.02618738805406906], [32.12367543331321, -0.056955326426201935], [32.190063406794685, -0.07695448636808955], [32.21722212321893, -0.046186547995954896], [32.21118685290243, 0.024579710259953202], [32.21269567048156, 0.02611810717855967], [32.268521920909166, -0.0369561664843161], [32.30624236038728, 0.007657344155278523], [32.23231029901018, 0.05380925171347961], [32.2338191165893, 0.05534764863208608], [32.3258569889159, 0.013810931829706163], [32.38168323934351, 0.019964519504132028], [32.39526259755563, 0.07227001473676076], [32.45108884798324, 0.03227169485298553], [32.482774017144855, 0.05996283938790725], [32.55972371368021, 0.05996283938790725], [32.58084715978795, 0.1045763500275001], [32.57933834220883, 0.17688100520201644], [32.620076416845194, 0.22610970659743046], [32.663832126639804, 0.2999527586905515], [32.663832126639804, 0.298414361771945], [32.666849761798055, 0.28918398026030445], [32.67288503211455, 0.2830303925858786], [32.64572631569031, 0.21995611892300282], [32.728711282542164, 0.1999569589811152], [32.740781823175155, 0.16765062369037587], [32.665340944218926, 0.09688436543446777], [32.7800110802324, 0.11380673153914067], [32.80113452634014, 0.13534428839963475], [32.87355777013812, 0.11842192229496185], [32.896190033824986, 0.07073161781815429], [32.971630912781215, 0.0830387931670078], [33.05159824447482, 0.13534428839963475], [33.09988040700681, 0.21072573741136225], [33.066686420266066, 0.25687764496956333], [33.155706657434415, 0.263031232643991], [33.14061848164317, 0.2999527586905515], [33.23718280670714, 0.3491814600859655], [33.25981507039401, 0.38917977996973896], [33.19191827933341, 0.4322548936907271], [33.28395615166001, 0.4537924505512212], [33.34430885482499, 0.4168709245046607], [33.37901165914485, 0.336874284737112], [33.478593619367075, 0.3168751247952244], [33.433329091993336, 0.2784152018300574], [33.43182027441421, 0.22149451584160929], [33.566105038956294, 0.16918902060898233], [33.62193128938391, 0.21995611892300282], [33.61891365422566, 0.2999527586905515], [33.692845715602765, 0.32149031555104557], [33.74112787813475, 0.2461088665393163], [33.695863350761016, 0.17688100520201644], [33.78639240550849, 0.20303375281832992], [33.85730683172734, 0.1830345928764423], [33.91765953489232, 0.19226497438808288], [33.922185987629696, 0.23534008810906926], [34.00366213690242, 0.2368784850276775], [33.9101154469967, 0.10611474694610834], [33.94934470405394, -0.023110594216854352]], [[32.267013103330044, -0.30617562724048675], [32.1659223255287, -0.3123292149149144], [32.16441350794957, -0.26310051351950037], [32.069358000464725, -0.2200253997985122], [32.11914898057583, -0.3169444056707338], [32.22627502869368, -0.3292515810195873], [32.236836751747546, -0.37232669474057545], [32.17950168374082, -0.42309379305459593], [32.28964536701691, -0.46770730369419056], [32.28813654943779, -0.356942725554509], [32.267013103330044, -0.30617562724048675]], [[33.29904432745125, 0.263031232643991], [33.294517874713875, 0.312259934039405], [33.22662108365327, 0.2953375679347321], [33.21153290786202, 0.25226245421374394], [33.26585034071051, 0.2122641343299705], [33.28395615166001, 0.12919070072520888], [33.324694226296366, 0.12149871613217478], [33.324694226296366, 0.20303375281832992], [33.3940998349361, 0.2614928357253845], [33.29904432745125, 0.263031232643991]], [[32.78453753296977, -0.08926166171694305], [32.713623106750916, -0.05541692950759547], [32.728711282542164, -0.12618318776350357], [32.78453753296977, -0.08926166171694305]]]}}, {"type": "Feature", "properties": {"GID_1": "UGA.33_1", "NAME_1": "Lira", "risk_level_int": 4, "sampled_mm": 38.7, "date": "2026-03-04"}, "geometry": {"type": "Polygon", "coordinates": [[[32.312277630703775, 1.6460500624714118], [32.41487722608425, 1.692201970029613], [32.45561530072061, 1.6860483823551853], [32.591408882841826, 1.6122053302620643], [32.63969104537381, 1.6829715885179724], [32.82074915486876, 1.8383496772972485], [32.87506658771724, 1.812196929680935], [32.9399457436196, 1.8168121204367544], [32.958051554569096, 1.9429606677625042], [32.88864594592937, 1.9583446369485706], [32.894681216245864, 2.0737244058440734], [32.924857567828354, 2.1444906640999815], [32.914295844774486, 2.1752586024721143], [32.82829324276438, 2.2214105100303154], [32.817731519710506, 2.309099134390898], [32.85545195918863, 2.3029455467164706], [32.90373412172061, 2.3414054696816375], [32.92033111509098, 2.389095774158445], [32.86148722950512, 2.519859512240016], [32.82527560760613, 2.519859512240016], [32.77699344507415, 2.5875489766587094], [32.82527560760613, 2.653700044158798], [33.006333717101086, 2.533705084507476], [33.07272169058256, 2.5921641674145306], [33.15721547501354, 2.621393708868057], [33.20549763754553, 2.6013945489261694], [33.3141325032425, 2.615240121193631], [33.50273470063307, 2.590625770495924], [33.53291105221556, 2.6060097396819906], [33.587228485064045, 2.518321115321408], [33.64909000580815, 2.4567852385771403], [33.65663409370377, 2.396787758751479], [33.630984194858655, 2.3598662327049187], [33.54347277526943, 2.3321750881699987], [33.54498159284856, 2.2829463867745847], [33.48462888968357, 2.2367944792163836], [33.45445253810108, 2.1306450918325215], [33.41522328104384, 2.146029061018588], [33.34732648998323, 2.064494024332433], [33.3639234833536, 2.030649292123085], [33.3141325032425, 2.0568020397393987], [33.28395615166001, 2.033726085960298], [33.27037679344788, 1.9614214307857836], [33.14061848164317, 1.8598872341577426], [33.11647740037718, 1.861425631076349], [33.08328341363644, 1.7352770837505993], [32.99878962920546, 1.7152779238087135], [32.96257800730647, 1.6260509025295242], [32.973139730360344, 1.4799031952618886], [32.819240337289635, 1.4783647983432822], [32.69551729580142, 1.4537504476455734], [32.62460286958257, 1.4414432722967199], [32.55217962578459, 1.522978308982875], [32.5099327335691, 1.5245167059014815], [32.41035077334688, 1.593744567238783], [32.32434817133677, 1.6229741086923113], [32.312277630703775, 1.6460500624714118]]]}}, {"type": "Feature", "properties": {"GID_1": "UGA.34_1", "NAME_1": "Luwero", "risk_level_int": 4, "sampled_mm": 37.5, "date": "2026-03-04"}, "geometry": {"type": "Polygon", "coordinates": [[[32.23080148143105, 0.5814793947955774], [32.17044877826607, 0.6845519883422249], [32.18855458921556, 0.6968591636910784], [32.208169217744185, 0.8107005356679746], [32.174975231003444, 0.8660828247378163], [32.12518425089233, 0.9014659538657703], [32.06332273014822, 0.9060811446215897], [32.01202293245799, 0.9353106860751179], [32.00146120940411, 1.022999310435699], [31.90791451949839, 1.1137647286334946], [31.909423337077516, 1.2076069406685033], [31.820403099909168, 1.361446632529173], [31.871702897599405, 1.4152905246804064], [31.974302492979874, 1.4691344168316416], [32.116131345417585, 1.4091369370059805], [32.21873094079805, 1.3091411372965442], [32.34999807018189, 1.2229909098545697], [32.377156786606136, 1.1245335070637417], [32.499371010515226, 0.9799241967147108], [32.56575898399671, 0.9645402275286443], [32.558214896101084, 1.0353064857845524], [32.574811889471455, 1.0891503779357876], [32.632146957478184, 1.1445326670056275], [32.694008478222294, 1.0753048056683259], [32.78755516812802, 1.0783815995055406], [32.77548462749502, 0.9999233566565984], [32.79359043844452, 0.8583908401447822], [32.76039645170378, 0.8214693140982217], [32.7498347286499, 0.6476304622956643], [32.680429120010174, 0.5599418379350833], [32.57933834220883, 0.5876329824700033], [32.52049445662297, 0.5691722194467239], [32.39375377997651, 0.5753258071211498], [32.283610096700414, 0.5384042810745893], [32.23080148143105, 0.5814793947955774]]]}}, {"type": "Feature", "properties": {"GID_1": "UGA.35_1", "NAME_1": "Masaka", "risk_level_int": 3, "sampled_mm": 28.7, "date": "2026-03-04"}, "geometry": {"type": "Polygon", "coordinates": [[[31.74194458579469, -0.723081192182903], [31.67555661231321, -0.6077014232874003], [31.7057329638957, -0.5292431804384581], [31.657450801363716, -0.49693684514771697], [31.671030159575835, -0.45540012834533705], [31.60313336851523, -0.43078577764763004], [31.568430564195364, -0.4738608913686164], [31.47790150944789, -0.5415503557873116], [31.38888127227954, -0.5723182941594462], [31.31344039332331, -0.4907832574732911], [31.21838488583846, -0.4538617314267306], [31.179155628781224, -0.37694188549639485], [31.236490696787957, -0.31848280258934025], [31.287790494478195, -0.2984836426474544], [31.382846001963042, -0.34309715328704726], [31.42509289417853, -0.31386761183352085], [31.589554010303107, -0.3230979933451614], [31.595589280619606, -0.28156127654277974], [31.55334238840412, -0.20617982753105224], [31.54127184777112, 0.0030421533994591243], [31.60011573335698, 0.052270854794873145], [31.645380260730718, 0.041502076364626106], [31.6936624232627, 0.07842360241118662], [31.78419147801018, 0.06457803014372665], [31.870194080020276, 0.009195741073884989], [31.945634958976505, -0.12618318776350357], [31.938090871080885, -0.19848784293801813], [32.01654938519536, -0.26002371968228566], [31.981846580875498, -0.3538659317172943], [31.915458607394015, -0.433862571484843], [31.84454418117516, -0.4907832574732911], [31.787209113168426, -0.5846254695082997], [31.78419147801018, -0.6676989031130613], [31.74194458579469, -0.723081192182903]]]}}, {"type": "Feature", "properties": {"GID_1": "UGA.36_1", "NAME_1": "Masindi", "risk_level_int": 4, "sampled_mm": 34.4, "date": "2026-03-04"}, "geometry": {"type": "Polygon", "coordinates": [[[31.319475663639807, 1.793736166657654], [31.36624900859267, 1.8214273111925756], [31.413022353545532, 1.9121927293903695], [31.410004718387285, 2.050648452064973], [31.364740191013546, 2.187565777820968], [31.36624900859267, 2.249101654565237], [31.470357421552265, 2.230640891541956], [31.55334238840412, 2.287561577530404], [31.637836172835094, 2.2614088299140906], [31.749488673690312, 2.304483943635077], [31.83247364054216, 2.372173408053772], [31.926020330447887, 2.3629430265421316], [31.941108506239132, 2.3414054696816375], [32.052761007094354, 2.2860231806117977], [32.1478165145792, 2.22448730386753], [32.190063406794685, 2.219872113111709], [32.2579601978553, 2.2567936391582695], [32.316804083441156, 2.1967961593326084], [32.327365806495024, 2.110645931890634], [32.35150688776102, 2.0783395965998928], [32.333401076811526, 1.9706518122974241], [32.34094516470714, 1.8583488372391361], [32.27606600880479, 1.8137353265995415], [32.1659223255287, 1.779890594390194], [32.10255198720546, 1.7352770837505993], [32.09500789930984, 1.6506652532272312], [32.08897262899334, 1.593744567238783], [32.04521691919873, 1.5460542627619756], [31.987881851191993, 1.5306702935759091], [31.974302492979874, 1.4691344168316416], [31.871702897599405, 1.4152905246804064], [31.820403099909168, 1.361446632529173], [31.75250630884856, 1.3276019003198254], [31.582009922407487, 1.3599082356105665], [31.572957016932737, 1.407598540087374], [31.52467485440075, 1.4968255613665615], [31.486954414922636, 1.519901515145662], [31.48846323250176, 1.5875909795643572], [31.4356546172324, 1.6183589179364901], [31.373793096488292, 1.607590139506243], [31.38888127227954, 1.706047542297073], [31.367757826171797, 1.7737370067157663], [31.319475663639807, 1.793736166657654]]]}}, {"type": "Feature", "properties": {"GID_1": "UGA.37_1", "NAME_1": "Mayuge", "risk_level_int": 4, "sampled_mm": 38.8, "date": "2026-03-04"}, "geometry": {"type": "Polygon", "coordinates": [[[33.28395615166001, 0.4537924505512212], [33.37146757124923, 0.5522498533420492], [33.37448520640748, 0.6060937454932844], [33.42578500409771, 0.5553266471792639], [33.52385814674081, 0.5522498533420492], [33.54196395769031, 0.4907139765977817], [33.61287838390916, 0.4660996259000747], [33.66568699917852, 0.40917893991162657], [33.706425073814884, 0.4122557337488395], [33.692845715602765, 0.32149031555104557], [33.61891365422566, 0.2999527586905515], [33.62193128938391, 0.21995611892300282], [33.566105038956294, 0.16918902060898233], [33.43182027441421, 0.22149451584160929], [33.433329091993336, 0.2784152018300574], [33.478593619367075, 0.3168751247952244], [33.37901165914485, 0.336874284737112], [33.34430885482499, 0.4168709245046607], [33.28395615166001, 0.4537924505512212]]]}}, {"type": "Feature", "properties": {"GID_1": "UGA.38_1", "NAME_1": "Mbale", "risk_level_int": 4, "sampled_mm": 40.7, "date": "2026-03-04"}, "geometry": {"type": "Polygon", "coordinates": [[[34.29637274725259, 0.7583950404353477], [34.180193793659996, 0.8276229017726493], [34.17868497608087, 0.8599292370633886], [34.10777054986202, 0.9060811446215897], [34.12134990807414, 1.009153738168239], [34.08061183343778, 1.0429984703775865], [34.13794690144451, 1.09684236252882], [34.119841090495015, 1.1768390022963686], [34.16963207060613, 1.1629934300289086], [34.22394950345461, 1.1629934300289086], [34.245072949562356, 1.1260719039823481], [34.335602004309834, 1.090688774854394], [34.37483126136707, 1.1060727440404605], [34.47139558643104, 1.104534347121854], [34.52571301927953, 1.121456713226527], [34.533257107175146, 1.1060727440404605], [34.503080755592656, 1.0706896149125065], [34.48044849190579, 0.9399258768309373], [34.44574568758593, 0.8645444278192098], [34.36276072073407, 0.77993259729584], [34.29637274725259, 0.7583950404353477]]]}}, {"type": "Feature", "properties": {"GID_1": "UGA.39_1", "NAME_1": "Mbarara", "risk_level_int": 3, "sampled_mm": 21.8, "date": "2026-03-04"}, "geometry": {"type": "Polygon", "coordinates": [[[30.477555454488297, -1.0553749266019494], [30.536399340074155, -0.9338415700320191], [30.59373440808089, -0.8938432501482456], [30.61938430692601, -0.824615388810944], [30.436817379851934, -0.8276921826481569], [30.35986768331658, -0.7846170689271705], [30.31309433836372, -0.7138508106712624], [30.37646467668695, -0.7015436353224089], [30.43832619743106, -0.6292389801478944], [30.476046636909174, -0.45078493758951765], [30.50169653575429, -0.38463387008942895], [30.495661265437793, -0.2538701320078598], [30.40965866342769, -0.28002287962417327], [30.353832413000085, -0.1907958583449858], [30.285935621939476, -0.18464227067055816], [30.245197547303114, -0.12156799700768417], [30.273865081306482, -0.11079921857743713], [30.39909694037382, -0.1754118891589176], [30.427764474377184, -0.17848868299613052], [30.408149845848566, -0.04464815107734843], [30.384008764582575, -3.464043775380787e-05], [30.45190555564318, 0.06457803014372665], [30.45190555564318, 0.0953459685158613], [30.608822583872133, 0.1707274175275888], [30.664648834299744, 0.21072573741136225], [30.767248429680215, 0.20611054665554285], [31.01318569507752, 0.20149535589972345], [31.04637968181826, 0.14918986066709472], [31.056941404872134, 0.01534932874831263], [31.090135391612876, -0.0415713572401355], [31.102205932245873, -0.09080005863554952], [31.067503127926006, -0.24002455974039982], [31.081082486138126, -0.30156043648466735], [31.15199691235698, -0.43847776224066237], [31.15199691235698, -0.5138592112523916], [31.09466184435025, -0.6338541709037138], [31.198770257309842, -0.7553875274736424], [31.192734986993344, -0.8184618011365181], [31.221402520996712, -0.835384167241191], [31.209331980363714, -0.898458440904065], [31.2696846835287, -0.9461487453808726], [31.271193501107824, -0.9984542406135013], [30.79893359884183, -0.9999926375321078], [30.767248429680215, -0.9861470652646478], [30.700860456198733, -1.0138382097995677], [30.655595928824997, -1.0630669111949818], [30.509240623649916, -1.0738356896252288], [30.477555454488297, -1.0553749266019494]]]}}, {"type": "Feature", "properties": {"GID_1": "UGA.40_1", "NAME_1": "Moroto", "risk_level_int": 4, "sampled_mm": 33.7, "date": "2026-03-04"}, "geometry": {"type": "Polygon", "coordinates": [[[33.630984194858655, 2.3598662327049187], [33.65663409370377, 2.396787758751479], [33.64909000580815, 2.4567852385771403], [33.70189862107751, 2.459862032414353], [33.77281304729637, 2.504475543053948], [33.9101154469967, 2.4952451615423072], [34.032329670905796, 2.5213979091586225], [33.964432879845184, 2.6198553119494505], [33.98555632595293, 2.6721608071820775], [34.04741784669704, 2.7290814931705256], [34.14850862449838, 2.762926225379873], [34.260161125353605, 2.730619890089132], [34.27977575388222, 2.909073932647509], [34.347672544942824, 2.9936857631708786], [34.39746352505394, 3.096758356717526], [34.519677748963026, 3.0890663721244938], [34.55890700602027, 3.110603928984986], [34.59964508065663, 2.924457901833577], [34.65245369592599, 2.867537215845129], [34.73694748035697, 2.8552300404962754], [34.78372082530983, 2.755234240786839], [34.77466791983508, 2.6983135547983927], [34.85161761637043, 2.5844721828214965], [34.89688214374417, 2.5875489766587094], [34.91347913711454, 2.5167827184028013], [34.95421721175091, 2.4583236354957467], [34.916496772272794, 2.4229405063677927], [34.934602583222286, 2.2860231806117977], [34.89386450858592, 2.2783311960187635], [34.8063530889967, 2.1260299010767003], [34.77315910225596, 2.1829505870651484], [34.70978876393272, 2.2260257007861366], [34.641891972872116, 2.350635851193278], [34.63434788497649, 2.435247681716646], [34.59059217518188, 2.441401269391074], [34.51062484348828, 2.1860273809023614], [34.46083386337717, 2.069109215088252], [34.426131059057305, 2.0183421167742317], [34.30844328788559, 1.927576698576436], [34.22394950345461, 1.8829631879368431], [34.21037014524249, 2.121414710320881], [33.73207497266, 2.4198637125305797], [33.67323108707414, 2.3690966142165593], [33.630984194858655, 2.3598662327049187]]]}}, {"type": "Feature", "properties": {"GID_1": "UGA.41_1", "NAME_1": "Moyo", "risk_level_int": 4, "sampled_mm": 28.7, "date": "2026-03-04"}, "geometry": {"type": "Polygon", "coordinates": [[[31.53825421261287, 3.153679042705974], [31.47790150944789, 3.192138965671141], [31.426601711757655, 3.269058811601477], [31.450742793023647, 3.445974457241247], [31.535236577454622, 3.5844301799158487], [31.517130766505126, 3.638274072067084], [31.575974652090984, 3.6828875827066785], [31.707241781474824, 3.7244242995090584], [31.80078847138055, 3.801344145439394], [31.80229728895967, 3.8244200992184947], [31.86415880970378, 3.7890369700905406], [31.960723134767754, 3.649042850497331], [31.962231952346876, 3.572123004566995], [31.99995239182499, 3.5798149891600293], [31.913949789814893, 3.512125524741334], [31.80229728895967, 3.544431860032075], [31.749488673690312, 3.4998183493924806], [31.7057329638957, 3.4998183493924806], [31.64990671346809, 3.4290520911365725], [31.654433166205465, 3.3952073589272267], [31.61067745641085, 3.356747435962058], [31.57144819935361, 3.2259836978804888], [31.53825421261287, 3.153679042705974]]]}}, {"type": "Feature", "properties": {"GID_1": "UGA.42_1", "NAME_1": "Mpigi", "risk_level_int": 4, "sampled_mm": 32.8, "date": "2026-03-04"}, "geometry": {"type": "Polygon", "coordinates": [[[31.945634958976505, -0.12618318776350357], [31.870194080020276, 0.009195741073884989], [31.78419147801018, 0.06457803014372665], [31.6936624232627, 0.07842360241118662], [31.645380260730718, 0.041502076364626106], [31.60011573335698, 0.052270854794873145], [31.486954414922636, 0.1414978760740624], [31.41905762386203, 0.1661122267717694], [31.40547826564991, 0.20149535589972345], [31.301369852690314, 0.20457214973693638], [31.317966846060685, 0.2538008511323504], [31.361722555855295, 0.2953375679347321], [31.49751613797651, 0.3199519186324391], [31.56993938177449, 0.3707190169464596], [31.72232995726607, 0.25687764496956333], [31.80229728895967, 0.2861071864230915], [31.84152654601691, 0.28149199566727034], [31.868685262441154, 0.23226329427185632], [31.981846580875498, 0.2291865004346434], [32.02861992582836, 0.2661080264812039], [32.116131345417585, 0.2922607740975174], [32.1659223255287, 0.2538008511323504], [32.267013103330044, 0.3199519186324391], [32.25343374511792, 0.40917893991162657], [32.35452452291926, 0.37994939845810016], [32.420912496400746, 0.3384126816557185], [32.42694776671725, 0.28918398026030445], [32.389227327239134, 0.20918734049275578], [32.27304837364654, 0.10303795310889363], [32.2338191165893, 0.05534764863208608], [32.23231029901018, 0.05380925171347961], [32.21269567048156, 0.02611810717855967], [32.21118685290243, 0.024579710259953202], [32.21722212321893, -0.046186547995954896], [32.190063406794685, -0.07695448636808955], [32.12367543331321, -0.056955326426201935], [32.09500789930984, -0.02618738805406906], [32.024093473090986, -0.0415713572401355], [32.037672831303105, -0.08772326479833659], [31.977320128138125, -0.09541524939136892], [31.945634958976505, -0.12618318776350357]]]}}, {"type": "Feature", "properties": {"GID_1": "UGA.43_1", "NAME_1": "Mubende", "risk_level_int": 4, "sampled_mm": 33.0, "date": "2026-03-04"}, "geometry": {"type": "Polygon", "coordinates": [[[31.301369852690314, 0.20457214973693638], [31.2636494132122, 0.16457382985316116], [31.129364648670112, 0.23534008810906926], [31.081082486138126, 0.20611054665554285], [31.01922096539402, 0.1999569589811152], [31.02223860055227, 0.23072489735324986], [31.106732384983246, 0.298414361771945], [31.14143518930311, 0.34764306316735905], [31.11276765529974, 0.41379413066744775], [31.15199691235698, 0.5060979457838481], [31.237999514367083, 0.5230203118885228], [31.254596507737453, 0.6060937454932844], [31.215367250680213, 0.6353232869468108], [31.289299312057317, 0.716858323632966], [31.36926664375092, 0.7076279421213254], [31.40849590080816, 0.7476262620051006], [31.403969448070786, 0.8045469479935488], [31.44923397544452, 0.8676212216564227], [31.574465834511862, 0.8568524432261757], [31.704224146316577, 0.7968549634005146], [31.746471038532064, 0.8060853449121552], [31.912440972235764, 0.73839588049346], [31.888299890969773, 0.713781529795753], [31.93658205350176, 0.6414768746212385], [32.01504056761624, 0.6322464931095979], [32.099534352047215, 0.6845519883422249], [32.17044877826607, 0.6845519883422249], [32.23080148143105, 0.5814793947955774], [32.19760749469031, 0.5353274872373763], [32.191572224373814, 0.47994519816753467], [32.25343374511792, 0.40917893991162657], [32.267013103330044, 0.3199519186324391], [32.1659223255287, 0.2538008511323504], [32.116131345417585, 0.2922607740975174], [32.02861992582836, 0.2661080264812039], [31.981846580875498, 0.2291865004346434], [31.868685262441154, 0.23226329427185632], [31.84152654601691, 0.28149199566727034], [31.80229728895967, 0.2861071864230915], [31.72232995726607, 0.25687764496956333], [31.56993938177449, 0.3707190169464596], [31.49751613797651, 0.3199519186324391], [31.361722555855295, 0.2953375679347321], [31.317966846060685, 0.2538008511323504], [31.301369852690314, 0.20457214973693638]]]}}, {"type": "Feature", "properties": {"GID_1": "UGA.44_1", "NAME_1": "Mukono", "risk_level_int": 4, "sampled_mm": 35.8, "date": "2026-03-04"}, "geometry": {"type": "MultiPolygon", "coordinates": [[[[32.67288503211455, 0.2830303925858786], [32.681937937589296, 0.37225741386506606], [32.66081449148155, 0.43071649677212065], [32.66232330906068, 0.5168667242140952], [32.680429120010174, 0.5599418379350833], [32.7498347286499, 0.6476304622956643], [32.76039645170378, 0.8214693140982217], [32.79359043844452, 0.8583908401447822], [32.85545195918863, 0.7491646589237071], [32.876575405296364, 0.6753216068305861], [32.91882229751186, 0.653784049970092], [32.97766618309772, 0.5660954256095092], [33.03500125110445, 0.5107131365396693], [33.08328341363644, 0.5491730595048363], [33.14967138711792, 0.4922523735163882], [33.19191827933341, 0.4322548936907271], [33.25981507039401, 0.38917977996973896], [33.23718280670714, 0.3491814600859655], [33.14061848164317, 0.2999527586905515], [33.155706657434415, 0.263031232643991], [33.066686420266066, 0.25687764496956333], [33.09988040700681, 0.21072573741136225], [33.05159824447482, 0.13534428839963475], [32.971630912781215, 0.0830387931670078], [32.896190033824986, 0.07073161781815429], [32.87355777013812, 0.11842192229496185], [32.80113452634014, 0.13534428839963475], [32.7800110802324, 0.11380673153914067], [32.665340944218926, 0.09688436543446777], [32.740781823175155, 0.16765062369037587], [32.728711282542164, 0.1999569589811152], [32.64572631569031, 0.21995611892300282], [32.67288503211455, 0.2830303925858786]]], [[[33.29904432745125, 0.263031232643991], [33.3940998349361, 0.2614928357253845], [33.324694226296366, 0.20303375281832992], [33.324694226296366, 0.12149871613217478], [33.28395615166001, 0.12919070072520888], [33.26585034071051, 0.2122641343299705], [33.21153290786202, 0.25226245421374394], [33.22662108365327, 0.2953375679347321], [33.294517874713875, 0.312259934039405], [33.29904432745125, 0.263031232643991]]], [[[32.78453753296977, -0.08926166171694305], [32.728711282542164, -0.12618318776350357], [32.713623106750916, -0.05541692950759547], [32.78453753296977, -0.08926166171694305]]]]}}, {"type": "Feature", "properties": {"GID_1": "UGA.45_1", "NAME_1": "Nakapiripirit", "risk_level_int": 4, "sampled_mm": 38.9, "date": "2026-03-04"}, "geometry": {"type": "Polygon", "coordinates": [[[34.78673846046808, 1.3660618232849924], [34.718841669407475, 1.446058463052541], [34.69922704087885, 1.5275934997386962], [34.63133024981825, 1.547592659680582], [34.62076852676437, 1.5752838042155037], [34.487992579801414, 1.6014365518318172], [34.42462224147818, 1.558361438110829], [34.39293707231656, 1.5660534227038632], [34.27072284840747, 1.5506694535177967], [34.228475956191986, 1.5645150257852567], [34.22093186829636, 1.6429732686341971], [34.22394950345461, 1.8829631879368431], [34.30844328788559, 1.927576698576436], [34.426131059057305, 2.0183421167742317], [34.46083386337717, 2.069109215088252], [34.51062484348828, 2.1860273809023614], [34.59059217518188, 2.441401269391074], [34.63434788497649, 2.435247681716646], [34.641891972872116, 2.350635851193278], [34.70978876393272, 2.2260257007861366], [34.77315910225596, 2.1829505870651484], [34.8063530889967, 2.1260299010767003], [34.89386450858592, 2.2783311960187635], [34.934602583222286, 2.2860231806117977], [34.99948173912465, 1.96295982770439], [35.00099055670377, 1.7583530375296998], [34.99193765122902, 1.6645108254946912], [34.94365548869703, 1.5768222011341102], [34.86368815700343, 1.5291318966573026], [34.84407352847481, 1.4583656384013945], [34.7942825483637, 1.4137521277618], [34.78673846046808, 1.3660618232849924]]]}}, {"type": "Feature", "properties": {"GID_1": "UGA.46_1", "NAME_1": "Nakasongola", "risk_level_int": 4, "sampled_mm": 38.3, "date": "2026-03-04"}, "geometry": {"type": "Polygon", "coordinates": [[[31.974302492979874, 1.4691344168316416], [31.987881851191993, 1.5306702935759091], [32.04521691919873, 1.5460542627619756], [32.08897262899334, 1.593744567238783], [32.09500789930984, 1.6506652532272312], [32.206660400165056, 1.6783563977621512], [32.312277630703775, 1.6460500624714118], [32.32434817133677, 1.6229741086923113], [32.41035077334688, 1.593744567238783], [32.5099327335691, 1.5245167059014815], [32.55217962578459, 1.522978308982875], [32.62460286958257, 1.4414432722967199], [32.69551729580142, 1.4537504476455734], [32.69551729580142, 1.38606098322688], [32.75285236380815, 1.3583698386919583], [32.79057280328627, 1.2599124359011302], [32.79962570876101, 1.1476094608428422], [32.78755516812802, 1.0783815995055406], [32.694008478222294, 1.0753048056683259], [32.632146957478184, 1.1445326670056275], [32.574811889471455, 1.0891503779357876], [32.558214896101084, 1.0353064857845524], [32.56575898399671, 0.9645402275286443], [32.499371010515226, 0.9799241967147108], [32.377156786606136, 1.1245335070637417], [32.34999807018189, 1.2229909098545697], [32.21873094079805, 1.3091411372965442], [32.116131345417585, 1.4091369370059805], [31.974302492979874, 1.4691344168316416]]]}}, {"type": "Feature", "properties": {"GID_1": "UGA.47_1", "NAME_1": "Nebbi", "risk_level_int": 3, "sampled_mm": 28.2, "date": "2026-03-04"}, "geometry": {"type": "Polygon", "coordinates": [[[30.79138951094621, 2.6475464564843705], [30.95735944464991, 2.713697523984459], [30.983009343495027, 2.659853631833224], [30.984518161074156, 2.5983177550889565], [31.06599431034688, 2.553704244449362], [31.12483819593274, 2.544473862937723], [31.18820853425597, 2.5737034043912494], [31.236490696787957, 2.639854471891338], [31.337581474589303, 2.699851951716999], [31.334563839431055, 2.7644646222984797], [31.38586363712129, 2.7783101945659396], [31.437163434811524, 2.7598494315426603], [31.452251610602772, 2.692159967123965], [31.410004718387285, 2.6229321057866635], [31.462813333656644, 2.5598578321237895], [31.483936779764388, 2.4460164601468932], [31.473375056710516, 2.375250201890985], [31.38888127227954, 2.312175928228111], [31.336072657010178, 2.2506400514838436], [31.305896305427687, 2.156797839448835], [31.20329671004722, 2.2214105100303154], [31.20329671004722, 2.29371516520483], [31.130873466249238, 2.2644856237513036], [31.091644209191998, 2.29371516520483], [31.06297667518863, 2.353712645030491], [31.010168059919273, 2.3983261556700857], [30.948306539175164, 2.3983261556700857], [30.931709545804793, 2.3352518820072117], [30.88040974811456, 2.3460206604374587], [30.833636403161698, 2.4260173002050074], [30.7415985308351, 2.449093253984108], [30.75819552420547, 2.564473022879609], [30.79138951094621, 2.6475464564843705]]]}}, {"type": "Feature", "properties": {"GID_1": "UGA.48_1", "NAME_1": "Ntungamo", "risk_level_int": 3, "sampled_mm": 18.9, "date": "2026-03-04"}, "geometry": {"type": "Polygon", "coordinates": [[[30.04603362685867, -1.0584517204391624], [30.074701160862034, -0.9461487453808726], [30.049051262016917, -0.8830744717179986], [30.052068897175168, -0.7769250843341364], [30.138071499185266, -0.7307731767759353], [30.199933019929375, -0.7600027182294635], [30.31309433836372, -0.7138508106712624], [30.35986768331658, -0.7846170689271705], [30.436817379851934, -0.8276921826481569], [30.61938430692601, -0.824615388810944], [30.59373440808089, -0.8938432501482456], [30.536399340074155, -0.9338415700320191], [30.477555454488297, -1.0553749266019494], [30.4715201841718, -1.0553749266019494], [30.358358865737458, -1.0599901173577688], [30.341761872367087, -1.1246027879392493], [30.302532615309847, -1.152293932474171], [30.11694805307752, -1.152293932474171], [30.04603362685867, -1.0584517204391624]]]}}, {"type": "Feature", "properties": {"GID_1": "UGA.49_1", "NAME_1": "Pader", "risk_level_int": 4, "sampled_mm": 33.7, "date": "2026-03-04"}, "geometry": {"type": "Polygon", "coordinates": [[[32.82527560760613, 2.653700044158798], [32.7619052692829, 2.7229279054960998], [32.69249966064317, 2.7752334007287267], [32.680429120010174, 2.8121549267752872], [32.54614435546809, 3.022915304624405], [32.469194658932736, 3.129064692008267], [32.5099327335691, 3.1644478211362213], [32.5959353355792, 3.1552174396245807], [32.70155256611792, 3.1906005687525347], [32.82980206034351, 3.1644478211362213], [32.924857567828354, 3.212138125613029], [32.98370145341421, 3.2029077441013882], [33.02896598078795, 3.121372707415233], [33.06970405542431, 3.124449501252448], [33.14061848164317, 3.1829085841595024], [33.24472689460276, 3.1752165995664683], [33.311114868084246, 3.2075229348572094], [33.3020619626095, 3.236752476310736], [33.401643922831724, 3.3059803376480374], [33.549508045585924, 3.2844427807875434], [33.57666676201017, 2.884459581949802], [33.599299025697036, 2.8736908035195547], [33.60231666085529, 2.7890789729961867], [33.53743750495293, 2.719851111658885], [33.53291105221556, 2.6060097396819906], [33.50273470063307, 2.590625770495924], [33.3141325032425, 2.615240121193631], [33.20549763754553, 2.6013945489261694], [33.15721547501354, 2.621393708868057], [33.07272169058256, 2.5921641674145306], [33.006333717101086, 2.533705084507476], [32.82527560760613, 2.653700044158798]]]}}, {"type": "Feature", "properties": {"GID_1": "UGA.50_1", "NAME_1": "Pallisa", "risk_level_int": 4, "sampled_mm": 40.6, "date": "2026-03-04"}, "geometry": {"type": "Polygon", "coordinates": [[[33.75923368908424, 0.9491562583425779], [33.71849561444788, 0.9799241967147108], [33.69435453318189, 1.0429984703775865], [33.63551064759603, 1.0922271717730005], [33.59024612022229, 1.1660702238661216], [33.51933169400344, 1.2076069406685033], [33.45445253810108, 1.2876035804360502], [33.403152740410846, 1.2983723588662972], [33.3940998349361, 1.336832281831466], [33.47104953147145, 1.3337554879942513], [33.522349329161685, 1.3122179311337572], [33.55705213348155, 1.3429858695058918], [33.57968439716842, 1.3137563280523654], [33.67172226949502, 1.3168331218895784], [33.70038980349838, 1.3445242664244983], [33.750180783609494, 1.3199099157267913], [33.80600703403711, 1.3229867095640042], [33.86032446688559, 1.2722196112499837], [34.119841090495015, 1.1768390022963686], [34.13794690144451, 1.09684236252882], [34.08061183343778, 1.0429984703775865], [34.05043548185529, 1.0368448827031589], [33.98857396111118, 0.9691554182844637], [33.9040801766802, 0.9383874799123308], [33.78186595277111, 0.9583866398542185], [33.75923368908424, 0.9491562583425779]]]}}, {"type": "Feature", "properties": {"GID_1": "UGA.51_1", "NAME_1": "Rakai", "risk_level_int": 3, "sampled_mm": 26.8, "date": "2026-03-04"}, "geometry": {"type": "Polygon", "coordinates": [[[31.271193501107824, -0.9984542406135013], [31.2696846835287, -0.9461487453808726], [31.209331980363714, -0.898458440904065], [31.221402520996712, -0.835384167241191], [31.192734986993344, -0.8184618011365181], [31.198770257309842, -0.7553875274736424], [31.09466184435025, -0.6338541709037138], [31.15199691235698, -0.5138592112523916], [31.15199691235698, -0.43847776224066237], [31.081082486138126, -0.30156043648466735], [31.067503127926006, -0.24002455974039982], [31.102205932245873, -0.09080005863554952], [31.090135391612876, -0.0415713572401355], [31.126347013511865, -0.027725784972675527], [31.206314345205467, -0.046186547995954896], [31.265158230791325, -0.09080005863554952], [31.32551093395631, -0.09695364630997716], [31.331546204272804, -0.16464311072867055], [31.287790494478195, -0.2984836426474544], [31.236490696787957, -0.31848280258934025], [31.179155628781224, -0.37694188549639485], [31.21838488583846, -0.4538617314267306], [31.31344039332331, -0.4907832574732911], [31.38888127227954, -0.5723182941594462], [31.47790150944789, -0.5415503557873116], [31.568430564195364, -0.4738608913686164], [31.60313336851523, -0.43078577764763004], [31.671030159575835, -0.45540012834533705], [31.657450801363716, -0.49693684514771697], [31.7057329638957, -0.5292431804384581], [31.67555661231321, -0.6077014232874003], [31.74194458579469, -0.723081192182903], [31.696680058420952, -0.8061546257876646], [31.773629754956303, -0.8799976778807856], [31.767594484639808, -0.9661479053227602], [31.7857002955893, -0.9969158436948948], [31.6197303618856, -1.0015310344507142], [31.271193501107824, -0.9984542406135013]]]}}, {"type": "Feature", "properties": {"GID_1": "UGA.52_1", "NAME_1": "Rukungiri", "risk_level_int": 3, "sampled_mm": 17.1, "date": "2026-03-04"}, "geometry": {"type": "Polygon", "coordinates": [[[29.90118713926271, -1.0399909574158812], [29.85592261188897, -0.9676863022413666], [29.88157251073409, -0.8861512655552115], [29.821219807569108, -0.7876938627643835], [29.803113996619615, -0.6846212692177343], [29.736726023138132, -0.6061630263687938], [29.72012902976776, -0.5107824174151787], [29.750305381350252, -0.48155287596165053], [29.68693504302702, -0.41694020538017007], [29.70353203639739, -0.34771234404286844], [29.860449064626344, -0.3877106639266419], [29.889116598629712, -0.4492465406709094], [29.943434031478198, -0.4646305098569776], [29.925328220528705, -0.5584727218919863], [29.883081328313217, -0.6092398202060068], [29.957013389690317, -0.6646221092758484], [30.002277917064056, -0.7415419552061824], [30.052068897175168, -0.7769250843341364], [30.049051262016917, -0.8830744717179986], [30.074701160862034, -0.9461487453808726], [30.04603362685867, -1.0584517204391624], [30.024910180750926, -1.0292221789856342], [29.943434031478198, -1.0092230190437483], [29.90118713926271, -1.0399909574158812]]]}}, {"type": "Feature", "properties": {"GID_1": "UGA.53_1", "NAME_1": "Sembabule", "risk_level_int": 4, "sampled_mm": 29.9, "date": "2026-03-04"}, "geometry": {"type": "Polygon", "coordinates": [[[31.287790494478195, -0.2984836426474544], [31.331546204272804, -0.16464311072867055], [31.32551093395631, -0.09695364630997716], [31.265158230791325, -0.09080005863554952], [31.206314345205467, -0.046186547995954896], [31.126347013511865, -0.027725784972675527], [31.090135391612876, -0.0415713572401355], [31.056941404872134, 0.01534932874831263], [31.04637968181826, 0.14918986066709472], [31.01318569507752, 0.20149535589972345], [31.01922096539402, 0.1999569589811152], [31.081082486138126, 0.20611054665554285], [31.129364648670112, 0.23534008810906926], [31.2636494132122, 0.16457382985316116], [31.301369852690314, 0.20457214973693638], [31.40547826564991, 0.20149535589972345], [31.41905762386203, 0.1661122267717694], [31.486954414922636, 0.1414978760740624], [31.60011573335698, 0.052270854794873145], [31.54127184777112, 0.0030421533994591243], [31.55334238840412, -0.20617982753105224], [31.595589280619606, -0.28156127654277974], [31.589554010303107, -0.3230979933451614], [31.42509289417853, -0.31386761183352085], [31.382846001963042, -0.34309715328704726], [31.287790494478195, -0.2984836426474544]]]}}, {"type": "Feature", "properties": {"GID_1": "UGA.54_1", "NAME_1": "Sironko", "risk_level_int": 5, "sampled_mm": 41.4, "date": "2026-03-04"}, "geometry": {"type": "Polygon", "coordinates": [[[34.16963207060613, 1.1629934300289086], [34.196790787030366, 1.2291444975289956], [34.243564131983234, 1.2937571681104778], [34.273740483565724, 1.3983681585757335], [34.225458321033734, 1.4783647983432822], [34.228475956191986, 1.5645150257852567], [34.27072284840747, 1.5506694535177967], [34.39293707231656, 1.5660534227038632], [34.4442368700068, 1.5075943397968086], [34.442728052427675, 1.4691344168316416], [34.38690180200007, 1.449135256889754], [34.32504028125596, 1.3922145709013058], [34.30542565272734, 1.3414474725872854], [34.33861963946808, 1.3060643434593313], [34.39746352505394, 1.2983723588662972], [34.49704548527616, 1.2383748790406361], [34.5362747423334, 1.1829925899707963], [34.52571301927953, 1.121456713226527], [34.47139558643104, 1.104534347121854], [34.37483126136707, 1.1060727440404605], [34.335602004309834, 1.090688774854394], [34.245072949562356, 1.1260719039823481], [34.22394950345461, 1.1629934300289086], [34.16963207060613, 1.1629934300289086]]]}}, {"type": "Feature", "properties": {"GID_1": "UGA.55_1", "NAME_1": "Soroti", "risk_level_int": 5, "sampled_mm": 41.0, "date": "2026-03-04"}, "geometry": {"type": "Polygon", "coordinates": [[[33.55705213348155, 1.3429858695058918], [33.522349329161685, 1.3122179311337572], [33.47104953147145, 1.3337554879942513], [33.3940998349361, 1.336832281831466], [33.3759940239866, 1.3691386171222053], [33.31262368566337, 1.3783689986338459], [33.246235712181885, 1.336832281831466], [33.15118020469704, 1.3583698386919583], [33.063668785107815, 1.4399048753781134], [33.01538662257583, 1.462980829157214], [33.06215996752869, 1.5383622781689432], [33.15118020469704, 1.5891293764829637], [33.38957338219872, 1.6752796039249382], [33.41220564588559, 1.7198931145645329], [33.43936436230983, 1.899885554041516], [33.445399632626334, 1.96295982770439], [33.48312007210445, 2.0183421167742317], [33.53140223463643, 2.0214189106114446], [33.57666676201017, 1.9583446369485706], [33.644563553070775, 1.9398838739252913], [33.662669364020275, 1.8952703632856966], [33.768286594558994, 1.8106585327623286], [33.81355112193273, 1.7137395268901052], [33.81053348677448, 1.6814331915993659], [33.74263669571387, 1.6737412070063318], [33.71246034413138, 1.6183589179364901], [33.69737216834014, 1.509132736715415], [33.67323108707414, 1.424520906192047], [33.59326375538054, 1.3922145709013058], [33.55705213348155, 1.3429858695058918]]]}}, {"type": "Feature", "properties": {"GID_1": "UGA.56_1", "NAME_1": "Tororo", "risk_level_int": 5, "sampled_mm": 41.6, "date": "2026-03-04"}, "geometry": {"type": "Polygon", "coordinates": [[[33.9780122380573, 0.579940997876971], [33.922185987629696, 0.5922481732258245], [33.89502727120546, 0.678398400667799], [33.85278037898997, 0.6983975606096866], [33.799971763720606, 0.7676254219469865], [33.78639240550849, 0.8276229017726493], [33.79091885824586, 0.9183883199704432], [33.75923368908424, 0.9491562583425779], [33.78186595277111, 0.9583866398542185], [33.9040801766802, 0.9383874799123308], [33.98857396111118, 0.9691554182844637], [34.05043548185529, 1.0368448827031589], [34.08061183343778, 1.0429984703775865], [34.12134990807414, 1.009153738168239], [34.10777054986202, 0.9060811446215897], [34.17868497608087, 0.8599292370633886], [34.180193793659996, 0.8276229017726493], [34.29637274725259, 0.7583950404353477], [34.31296974062296, 0.7014743544468995], [34.276758118723976, 0.6460920653770579], [34.19980842218862, 0.6276313023537785], [34.13794690144451, 0.5860945855513968], [34.06703247522566, 0.5953249670630374], [33.9780122380573, 0.579940997876971]]]}}, {"type": "Feature", "properties": {"GID_1": "UGA.57_1", "NAME_1": "Wakiso", "risk_level_int": 4, "sampled_mm": 34.9, "date": "2026-03-04"}, "geometry": {"type": "MultiPolygon", "coordinates": [[[[32.21269567048156, 0.02611810717855967], [32.23231029901018, 0.05380925171347961], [32.30624236038728, 0.007657344155278523], [32.268521920909166, -0.0369561664843161], [32.21269567048156, 0.02611810717855967]]], [[[32.2338191165893, 0.05534764863208608], [32.27304837364654, 0.10303795310889363], [32.389227327239134, 0.20918734049275578], [32.42694776671725, 0.28918398026030445], [32.420912496400746, 0.3384126816557185], [32.35452452291926, 0.37994939845810016], [32.25343374511792, 0.40917893991162657], [32.191572224373814, 0.47994519816753467], [32.19760749469031, 0.5353274872373763], [32.23080148143105, 0.5814793947955774], [32.283610096700414, 0.5384042810745893], [32.39375377997651, 0.5753258071211498], [32.52049445662297, 0.5691722194467239], [32.57933834220883, 0.5876329824700033], [32.680429120010174, 0.5599418379350833], [32.66232330906068, 0.5168667242140952], [32.66081449148155, 0.43071649677212065], [32.681937937589296, 0.37225741386506606], [32.67288503211455, 0.2830303925858786], [32.666849761798055, 0.28918398026030445], [32.663832126639804, 0.298414361771945], [32.663832126639804, 0.2999527586905515], [32.63365577505731, 0.37687260462088545], [32.57028543673408, 0.4030253522372007], [32.5099327335691, 0.31072153712079853], [32.57632070705058, 0.28149199566727034], [32.620076416845194, 0.22610970659743046], [32.57933834220883, 0.17688100520201644], [32.58084715978795, 0.1045763500275001], [32.55972371368021, 0.05996283938790725], [32.482774017144855, 0.05996283938790725], [32.45108884798324, 0.03227169485298553], [32.39526259755563, 0.07227001473676076], [32.38168323934351, 0.019964519504132028], [32.3258569889159, 0.013810931829706163], [32.2338191165893, 0.05534764863208608]]]]}}, {"type": "Feature", "properties": {"GID_1": "UGA.58_1", "NAME_1": "Yumbe", "risk_level_int": 3, "sampled_mm": 24.4, "date": "2026-03-04"}, "geometry": {"type": "Polygon", "coordinates": [[[31.099188297087622, 3.7382698717765184], [31.165576270569105, 3.796728954683573], [31.290808129636442, 3.796728954683573], [31.352669650380548, 3.7536538409625866], [31.50807786103038, 3.676733995032251], [31.517130766505126, 3.638274072067084], [31.535236577454622, 3.5844301799158487], [31.450742793023647, 3.445974457241247], [31.426601711757655, 3.269058811601477], [31.47790150944789, 3.192138965671141], [31.410004718387285, 3.1829085841595024], [31.351160832801426, 3.222906904043276], [31.32701975153543, 3.269058811601477], [31.241017149525334, 3.293673162299184], [31.200279074888968, 3.3413634667759915], [31.13841755414486, 3.310595528403857], [31.04939731697651, 3.3167491160782845], [31.09466184435025, 3.42136010654354], [31.087117756454624, 3.4536664418342795], [31.099188297087622, 3.5936605614274892], [31.099188297087622, 3.7382698717765184]]]}}]}